datetime,temperature,humidity,solar_radiation,wind_speed,wind_direction
2026-01-01 00:00:00,11.6,64.2,0.0,2.9,155.0
2026-01-01 01:00:00,11.4,72.0,0.0,4.0,207.0
2026-01-01 02:00:00,9.3,73.0,0.0,4.9,214.0
2026-01-01 03:00:00,9.6,68.5,0.0,1.9,163.0
2026-01-01 04:00:00,10.9,68.7,0.0,4.0,164.0
2026-01-01 05:00:00,11.0,69.4,0.0,2.8,160.0
2026-01-01 06:00:00,11.3,64.8,0.0,2.1,198.0
2026-01-01 07:00:00,12.6,61.7,165.1,2.2,200.0
2026-01-01 08:00:00,15.5,60.5,395.0,1.6,168.0
2026-01-01 09:00:00,15.5,48.5,530.6,1.8,187.0
2026-01-01 10:00:00,17.8,53.2,631.5,3.0,139.0
2026-01-01 11:00:00,17.8,49.2,733.9,2.3,144.0
2026-01-01 12:00:00,20.3,46.5,758.7,3.2,210.0
2026-01-01 13:00:00,21.2,41.0,739.8,4.6,235.0
2026-01-01 14:00:00,23.4,39.6,675.9,3.6,179.0
2026-01-01 15:00:00,21.4,42.5,532.2,3.5,157.0
2026-01-01 16:00:00,22.0,44.5,369.0,4.7,183.0
2026-01-01 17:00:00,20.6,42.1,210.3,6.8,184.0
2026-01-01 18:00:00,19.5,48.9,0.0,3.9,102.0
2026-01-01 19:00:00,18.3,52.4,0.0,3.7,231.0
2026-01-01 20:00:00,16.0,48.1,0.0,7.7,133.0
2026-01-01 21:00:00,15.0,53.6,0.0,3.5,211.0
2026-01-01 22:00:00,16.1,57.2,0.0,4.2,186.0
2026-01-01 23:00:00,12.7,63.8,0.0,3.8,193.0
2026-01-02 00:00:00,11.1,61.9,0.0,2.9,194.0
2026-01-02 01:00:00,11.9,65.1,0.0,4.5,244.0
2026-01-02 02:00:00,12.1,70.5,0.0,3.4,190.0
2026-01-02 03:00:00,10.0,69.9,0.0,1.7,173.0
2026-01-02 04:00:00,9.1,67.3,0.0,2.1,186.0
2026-01-02 05:00:00,12.9,64.9,0.0,1.4,194.0
2026-01-02 06:00:00,11.3,66.5,0.0,2.4,176.0
2026-01-02 07:00:00,13.0,60.6,204.6,2.3,199.0
2026-01-02 08:00:00,13.8,59.4,340.6,4.1,184.0
2026-01-02 09:00:00,15.4,52.1,555.6,2.3,240.0
2026-01-02 10:00:00,19.8,47.4,645.9,2.3,151.0
2026-01-02 11:00:00,18.1,47.4,703.2,3.4,148.0
2026-01-02 12:00:00,21.9,42.6,760.1,3.3,135.0
2026-01-02 13:00:00,20.8,40.4,713.5,4.3,196.0
2026-01-02 14:00:00,22.7,37.5,667.8,3.7,118.0
2026-01-02 15:00:00,22.0,44.4,512.3,4.8,153.0
2026-01-02 16:00:00,21.3,38.9,368.1,4.0,143.0
2026-01-02 17:00:00,20.1,35.1,191.3,4.2,141.0
2026-01-02 18:00:00,19.5,45.1,24.5,4.6,183.0
2026-01-02 19:00:00,16.6,42.7,0.0,4.4,131.0
2026-01-02 20:00:00,16.8,49.9,0.0,3.9,170.0
2026-01-02 21:00:00,17.6,50.4,0.0,6.2,139.0
2026-01-02 22:00:00,15.3,56.6,0.0,5.3,198.0
2026-01-02 23:00:00,12.7,61.1,0.0,3.1,216.0
2026-01-03 00:00:00,9.9,67.2,0.0,3.9,198.0
2026-01-03 01:00:00,11.3,65.7,0.0,3.1,163.0
2026-01-03 02:00:00,11.1,64.9,0.0,2.1,209.0
2026-01-03 03:00:00,11.1,70.9,0.0,1.7,155.0
2026-01-03 04:00:00,10.1,67.0,0.0,1.5,197.0
2026-01-03 05:00:00,12.3,63.2,0.0,2.0,164.0
2026-01-03 06:00:00,10.8,65.5,13.7,1.9,194.0
2026-01-03 07:00:00,14.3,58.7,200.8,1.4,176.0
2026-01-03 08:00:00,14.5,51.0,348.8,2.5,164.0
2026-01-03 09:00:00,17.2,54.9,510.8,4.1,152.0
2026-01-03 10:00:00,18.8,52.3,664.0,2.4,173.0
2026-01-03 11:00:00,18.5,40.1,722.3,2.2,203.0
2026-01-03 12:00:00,20.0,43.1,764.9,4.0,164.0
2026-01-03 13:00:00,21.0,39.0,716.0,4.7,196.0
2026-01-03 14:00:00,24.4,47.4,670.9,3.3,163.0
2026-01-03 15:00:00,23.3,35.6,545.9,3.4,163.0
2026-01-03 16:00:00,21.9,38.4,351.5,4.5,219.0
2026-01-03 17:00:00,22.9,41.8,234.8,3.8,253.0
2026-01-03 18:00:00,21.1,39.7,0.0,3.9,116.0
2026-01-03 19:00:00,18.9,47.6,0.0,6.1,147.0
2026-01-03 20:00:00,17.6,51.0,0.0,5.6,165.0
2026-01-03 21:00:00,18.6,52.3,0.0,3.9,211.0
2026-01-03 22:00:00,14.1,61.9,0.0,5.0,203.0
2026-01-03 23:00:00,12.9,60.2,0.0,2.9,190.0
2026-01-04 00:00:00,12.7,64.7,0.0,3.0,190.0
2026-01-04 01:00:00,10.8,62.2,0.0,2.5,176.0
2026-01-04 02:00:00,8.9,69.5,0.0,3.1,161.0
2026-01-04 03:00:00,9.7,68.5,0.0,2.0,176.0
2026-01-04 04:00:00,9.1,64.4,0.0,2.2,144.0
2026-01-04 05:00:00,9.4,62.8,0.0,1.4,175.0
2026-01-04 06:00:00,9.6,56.7,3.3,1.6,191.0
2026-01-04 07:00:00,13.7,60.4,210.2,1.6,222.0
2026-01-04 08:00:00,15.9,60.2,362.0,2.3,185.0
2026-01-04 09:00:00,12.1,51.9,526.6,1.9,184.0
2026-01-04 10:00:00,19.3,49.9,634.7,4.2,229.0
2026-01-04 11:00:00,19.0,43.0,712.3,2.4,177.0
2026-01-04 12:00:00,19.4,44.3,771.2,2.6,149.0
2026-01-04 13:00:00,19.2,39.0,717.2,3.5,188.0
2026-01-04 14:00:00,22.5,37.1,653.5,6.3,165.0
2026-01-04 15:00:00,21.3,40.3,527.6,3.4,158.0
2026-01-04 16:00:00,23.6,37.5,430.7,4.9,162.0
2026-01-04 17:00:00,21.5,40.2,178.8,4.3,176.0
2026-01-04 18:00:00,21.4,38.9,15.1,4.2,203.0
2026-01-04 19:00:00,18.1,42.4,0.0,3.8,124.0
2026-01-04 20:00:00,16.0,50.1,0.0,4.4,222.0
2026-01-04 21:00:00,17.8,57.2,0.0,4.3,169.0
2026-01-04 22:00:00,13.4,55.2,0.0,4.0,129.0
2026-01-04 23:00:00,12.9,66.5,0.0,3.5,197.0
2026-01-05 00:00:00,12.8,59.4,0.0,4.3,177.0
2026-01-05 01:00:00,11.1,66.6,0.0,2.4,173.0
2026-01-05 02:00:00,10.8,67.1,0.0,3.1,247.0
2026-01-05 03:00:00,10.9,67.2,0.0,2.5,168.0
2026-01-05 04:00:00,10.2,69.4,0.0,2.2,192.0
2026-01-05 05:00:00,11.4,66.3,0.0,2.1,218.0
2026-01-05 06:00:00,11.9,62.3,18.4,1.4,254.0
2026-01-05 07:00:00,12.8,64.4,218.6,3.1,137.0
2026-01-05 08:00:00,15.2,50.6,371.1,2.2,170.0
2026-01-05 09:00:00,14.9,49.5,539.6,4.9,180.0
2026-01-05 10:00:00,15.4,51.9,691.4,2.0,201.0
2026-01-05 11:00:00,18.6,48.6,738.2,3.3,216.0
2026-01-05 12:00:00,20.4,40.2,769.4,4.7,176.0
2026-01-05 13:00:00,21.1,31.5,736.6,4.4,172.0
2026-01-05 14:00:00,22.8,43.4,673.8,4.2,111.0
2026-01-05 15:00:00,21.5,35.3,557.9,3.8,224.0
2026-01-05 16:00:00,20.0,39.2,380.1,3.7,194.0
2026-01-05 17:00:00,20.7,38.2,193.5,3.7,223.0
2026-01-05 18:00:00,21.4,41.1,3.2,5.0,134.0
2026-01-05 19:00:00,18.5,40.7,0.0,3.8,155.0
2026-01-05 20:00:00,17.7,45.0,0.0,3.8,130.0
2026-01-05 21:00:00,15.9,51.5,0.0,3.4,209.0
2026-01-05 22:00:00,14.8,49.7,0.0,3.2,210.0
2026-01-05 23:00:00,14.8,62.3,0.0,3.4,176.0
2026-01-06 00:00:00,11.9,59.2,0.0,3.1,191.0
2026-01-06 01:00:00,10.3,66.5,0.0,2.5,179.0
2026-01-06 02:00:00,9.5,66.3,0.0,3.7,249.0
2026-01-06 03:00:00,10.1,64.8,0.0,2.0,175.0
2026-01-06 04:00:00,11.1,67.1,0.0,3.3,196.0
2026-01-06 05:00:00,10.1,68.7,0.0,1.6,170.0
2026-01-06 06:00:00,10.4,62.3,0.0,6.4,158.0
2026-01-06 07:00:00,12.5,56.1,145.6,2.3,116.0
2026-01-06 08:00:00,13.1,53.3,413.7,2.6,192.0
2026-01-06 09:00:00,17.8,49.6,536.6,2.0,209.0
2026-01-06 10:00:00,17.9,44.6,604.3,3.2,209.0
2026-01-06 11:00:00,19.2,43.2,720.5,4.8,183.0
2026-01-06 12:00:00,20.9,45.5,753.5,2.8,217.0
2026-01-06 13:00:00,21.8,38.8,738.4,3.2,197.0
2026-01-06 14:00:00,22.3,39.0,641.4,3.1,170.0
2026-01-06 15:00:00,21.7,38.0,533.9,3.4,187.0
2026-01-06 16:00:00,21.7,41.8,381.8,4.6,231.0
2026-01-06 17:00:00,20.7,39.1,183.5,3.8,216.0
2026-01-06 18:00:00,21.1,39.4,10.3,4.2,195.0
2026-01-06 19:00:00,19.9,46.0,0.0,6.0,138.0
2026-01-06 20:00:00,16.6,48.3,0.0,3.6,200.0
2026-01-06 21:00:00,13.8,50.3,0.0,3.6,182.0
2026-01-06 22:00:00,13.9,50.4,0.0,5.1,189.0
2026-01-06 23:00:00,14.0,62.0,0.0,5.7,188.0
2026-01-07 00:00:00,11.6,63.6,0.0,2.7,189.0
2026-01-07 01:00:00,10.6,63.9,0.0,2.6,143.0
2026-01-07 02:00:00,8.3,66.1,0.0,2.9,207.0
2026-01-07 03:00:00,10.7,64.6,0.0,2.5,158.0
2026-01-07 04:00:00,11.1,67.4,0.0,1.5,188.0
2026-01-07 05:00:00,12.6,65.7,0.0,2.0,194.0
2026-01-07 06:00:00,11.4,58.5,4.0,2.7,208.0
2026-01-07 07:00:00,11.7,61.5,183.0,2.2,215.0
2026-01-07 08:00:00,14.0,55.9,405.9,1.5,243.0
2026-01-07 09:00:00,14.2,51.8,524.5,3.4,137.0
2026-01-07 10:00:00,18.0,51.3,606.6,3.5,165.0
2026-01-07 11:00:00,18.4,45.8,717.8,3.3,219.0
2026-01-07 12:00:00,18.5,40.8,773.8,4.6,177.0
2026-01-07 13:00:00,23.5,38.7,688.6,6.5,177.0
2026-01-07 14:00:00,24.2,34.5,660.6,3.8,188.0
2026-01-07 15:00:00,22.5,38.0,544.9,4.9,196.0
2026-01-07 16:00:00,22.0,40.2,437.6,6.6,177.0
2026-01-07 17:00:00,20.2,39.1,199.7,4.1,184.0
2026-01-07 18:00:00,22.6,47.1,0.0,3.7,183.0
2026-01-07 19:00:00,18.3,42.1,0.0,3.7,193.0
2026-01-07 20:00:00,18.0,45.1,0.0,4.1,205.0
2026-01-07 21:00:00,17.2,51.8,0.0,5.7,180.0
2026-01-07 22:00:00,14.7,51.8,0.0,3.2,178.0
2026-01-07 23:00:00,15.2,61.2,0.0,3.4,176.0
2026-01-08 00:00:00,11.3,66.7,0.0,3.5,177.0
2026-01-08 01:00:00,11.4,65.5,0.0,2.6,194.0
2026-01-08 02:00:00,10.1,66.1,0.0,3.0,231.0
2026-01-08 03:00:00,9.7,62.1,0.0,2.3,137.0
2026-01-08 04:00:00,9.5,65.2,0.0,1.7,190.0
2026-01-08 05:00:00,10.0,59.9,0.0,1.5,176.0
2026-01-08 06:00:00,11.3,60.9,8.0,3.2,155.0
2026-01-08 07:00:00,11.2,54.5,202.8,2.2,165.0
2026-01-08 08:00:00,13.6,50.0,362.5,5.3,201.0
2026-01-08 09:00:00,18.1,50.2,557.2,2.0,217.0
2026-01-08 10:00:00,18.4,50.4,650.0,2.9,175.0
2026-01-08 11:00:00,18.3,40.5,721.1,3.0,188.0
2026-01-08 12:00:00,20.8,36.5,745.6,3.7,179.0
2026-01-08 13:00:00,21.6,41.4,747.5,3.0,231.0
2026-01-08 14:00:00,22.8,37.7,657.1,3.2,208.0
2026-01-08 15:00:00,23.1,35.6,527.3,6.6,203.0
2026-01-08 16:00:00,20.1,34.0,331.1,3.5,214.0
2026-01-08 17:00:00,20.3,34.6,187.5,5.4,214.0
2026-01-08 18:00:00,20.8,45.1,0.0,6.2,166.0
2026-01-08 19:00:00,18.6,48.5,0.0,5.5,180.0
2026-01-08 20:00:00,18.6,45.0,0.0,5.9,155.0
2026-01-08 21:00:00,15.3,55.3,0.0,5.3,176.0
2026-01-08 22:00:00,13.3,56.0,0.0,6.9,212.0
2026-01-08 23:00:00,12.0,58.8,0.0,5.4,185.0
2026-01-09 00:00:00,9.0,54.8,0.0,3.5,132.0
2026-01-09 01:00:00,9.2,62.8,0.0,3.3,194.0
2026-01-09 02:00:00,10.7,64.3,0.0,2.0,158.0
2026-01-09 03:00:00,9.5,66.4,0.0,2.8,187.0
2026-01-09 04:00:00,9.4,67.8,0.0,1.6,246.0
2026-01-09 05:00:00,11.4,67.1,0.0,1.7,166.0
2026-01-09 06:00:00,13.3,63.1,0.0,2.3,184.0
2026-01-09 07:00:00,13.6,59.2,207.5,1.7,150.0
2026-01-09 08:00:00,15.0,55.0,399.4,2.7,185.0
2026-01-09 09:00:00,17.1,52.1,554.5,2.0,267.0
2026-01-09 10:00:00,17.7,44.2,637.7,2.0,192.0
2026-01-09 11:00:00,19.1,40.2,742.8,3.0,213.0
2026-01-09 12:00:00,18.5,39.5,744.1,2.9,240.0
2026-01-09 13:00:00,20.5,37.9,739.8,3.8,179.0
2026-01-09 14:00:00,22.3,36.5,634.8,4.9,182.0
2026-01-09 15:00:00,22.5,31.1,500.2,3.8,193.0
2026-01-09 16:00:00,20.9,37.0,380.6,3.6,219.0
2026-01-09 17:00:00,20.4,37.1,196.7,4.3,284.0
2026-01-09 18:00:00,21.5,37.6,0.0,3.8,119.0
2026-01-09 19:00:00,18.9,43.2,0.0,6.2,207.0
2026-01-09 20:00:00,18.2,43.1,0.0,4.6,167.0
2026-01-09 21:00:00,15.6,54.0,0.0,3.5,181.0
2026-01-09 22:00:00,12.8,58.7,0.0,5.5,209.0
2026-01-09 23:00:00,12.4,56.6,0.0,2.9,199.0
2026-01-10 00:00:00,12.2,62.5,0.0,5.2,222.0
2026-01-10 01:00:00,10.8,65.9,0.0,2.8,190.0
2026-01-10 02:00:00,9.5,66.6,0.0,2.5,167.0
2026-01-10 03:00:00,10.6,65.8,0.0,1.9,159.0
2026-01-10 04:00:00,9.9,65.5,0.0,2.0,197.0
2026-01-10 05:00:00,9.7,63.5,0.0,3.0,160.0
2026-01-10 06:00:00,12.7,67.6,18.0,1.3,198.0
2026-01-10 07:00:00,9.1,60.0,216.4,3.1,197.0
2026-01-10 08:00:00,12.9,50.0,390.5,2.1,163.0
2026-01-10 09:00:00,15.0,47.1,519.9,2.4,205.0
2026-01-10 10:00:00,19.0,46.5,659.8,4.2,209.0
2026-01-10 11:00:00,20.6,36.9,731.6,4.7,217.0
2026-01-10 12:00:00,20.9,40.2,742.6,4.1,170.0
2026-01-10 13:00:00,21.3,36.9,769.7,3.4,155.0
2026-01-10 14:00:00,21.3,33.2,681.4,3.3,171.0
2026-01-10 15:00:00,21.8,36.0,571.3,3.8,201.0
2026-01-10 16:00:00,21.4,32.0,382.6,4.4,226.0
2026-01-10 17:00:00,22.9,30.3,184.1,4.3,193.0
2026-01-10 18:00:00,21.4,36.0,0.0,4.9,147.0
2026-01-10 19:00:00,19.9,48.6,0.0,5.6,207.0
2026-01-10 20:00:00,19.5,47.7,0.0,4.8,143.0
2026-01-10 21:00:00,16.3,52.7,0.0,5.2,168.0
2026-01-10 22:00:00,15.5,53.7,0.0,4.5,162.0
2026-01-10 23:00:00,13.6,57.6,0.0,2.9,219.0
2026-01-11 00:00:00,9.8,63.6,0.0,2.7,202.0
2026-01-11 01:00:00,11.0,65.4,0.0,3.5,150.0
2026-01-11 02:00:00,8.9,64.9,0.0,3.3,196.0
2026-01-11 03:00:00,9.4,65.3,0.0,3.2,194.0
2026-01-11 04:00:00,9.9,59.3,0.0,1.7,178.0
2026-01-11 05:00:00,10.0,64.8,0.0,2.0,207.0
2026-01-11 06:00:00,11.7,62.8,0.0,6.1,231.0
2026-01-11 07:00:00,11.9,58.8,191.9,3.0,190.0
2026-01-11 08:00:00,14.4,59.9,379.1,2.7,211.0
2026-01-11 09:00:00,16.0,55.3,535.1,2.1,244.0
2026-01-11 10:00:00,19.3,48.5,647.2,4.6,221.0
2026-01-11 11:00:00,19.4,45.6,718.4,2.6,159.0
2026-01-11 12:00:00,20.0,43.2,745.5,3.2,176.0
2026-01-11 13:00:00,21.9,37.4,711.6,3.2,181.0
2026-01-11 14:00:00,21.3,35.8,647.6,5.1,247.0
2026-01-11 15:00:00,23.5,38.3,530.0,4.1,154.0
2026-01-11 16:00:00,21.8,35.6,396.0,3.6,227.0
2026-01-11 17:00:00,22.3,38.2,190.2,5.1,195.0
2026-01-11 18:00:00,20.0,40.0,23.4,6.7,258.0
2026-01-11 19:00:00,20.0,40.3,0.0,4.3,131.0
2026-01-11 20:00:00,17.4,47.0,0.0,3.6,152.0
2026-01-11 21:00:00,14.7,48.9,0.0,3.4,176.0
2026-01-11 22:00:00,14.8,53.0,0.0,4.1,192.0
2026-01-11 23:00:00,15.6,58.2,0.0,3.3,143.0
2026-01-12 00:00:00,12.0,62.6,0.0,5.4,179.0
2026-01-12 01:00:00,12.2,64.7,0.0,2.6,177.0
2026-01-12 02:00:00,11.2,61.2,0.0,2.5,177.0
2026-01-12 03:00:00,12.0,61.9,0.0,3.5,214.0
2026-01-12 04:00:00,10.4,65.7,0.0,1.8,194.0
2026-01-12 05:00:00,11.0,67.5,0.0,1.5,291.0
2026-01-12 06:00:00,13.2,63.4,19.6,2.4,184.0
2026-01-12 07:00:00,12.3,51.9,206.4,4.4,156.0
2026-01-12 08:00:00,14.4,53.7,414.2,3.3,210.0
2026-01-12 09:00:00,15.2,48.2,511.3,2.3,257.0
2026-01-12 10:00:00,17.1,49.8,639.0,2.2,131.0
2026-01-12 11:00:00,18.7,43.8,700.9,2.6,193.0
2026-01-12 12:00:00,21.1,39.2,747.6,2.7,220.0
2026-01-12 13:00:00,20.6,38.3,729.4,5.9,202.0
2026-01-12 14:00:00,21.6,37.8,686.5,5.1,179.0
2026-01-12 15:00:00,21.8,33.4,532.1,3.5,153.0
2026-01-12 16:00:00,23.9,32.5,386.7,5.2,187.0
2026-01-12 17:00:00,19.8,36.0,208.4,3.7,210.0
2026-01-12 18:00:00,21.5,37.7,30.6,7.9,245.0
2026-01-12 19:00:00,19.2,46.4,0.0,6.3,196.0
2026-01-12 20:00:00,17.8,52.0,0.0,4.1,227.0
2026-01-12 21:00:00,16.1,55.9,0.0,3.6,153.0
2026-01-12 22:00:00,15.7,55.3,0.0,4.2,215.0
2026-01-12 23:00:00,13.1,57.4,0.0,5.6,213.0
2026-01-13 00:00:00,11.1,60.9,0.0,2.7,222.0
2026-01-13 01:00:00,10.8,64.2,0.0,2.4,149.0
2026-01-13 02:00:00,7.7,66.9,0.0,2.2,156.0
2026-01-13 03:00:00,9.0,63.8,0.0,2.6,244.0
2026-01-13 04:00:00,7.8,60.9,0.0,2.6,167.0
2026-01-13 05:00:00,12.9,64.5,0.0,1.6,246.0
2026-01-13 06:00:00,10.8,61.2,0.0,2.0,197.0
2026-01-13 07:00:00,13.4,56.6,187.6,1.5,218.0
2026-01-13 08:00:00,14.5,53.2,384.6,1.9,176.0
2026-01-13 09:00:00,16.2,45.5,518.2,2.0,193.0
2026-01-13 10:00:00,18.0,40.2,666.0,5.9,206.0
2026-01-13 11:00:00,17.4,46.2,733.0,2.9,169.0
2026-01-13 12:00:00,21.7,39.4,799.9,2.5,198.0
2026-01-13 13:00:00,21.8,34.9,748.8,3.6,212.0
2026-01-13 14:00:00,23.0,38.3,672.0,3.3,190.0
2026-01-13 15:00:00,20.8,31.3,523.4,3.5,170.0
2026-01-13 16:00:00,22.7,36.6,416.7,3.5,185.0
2026-01-13 17:00:00,22.1,37.0,190.0,4.0,192.0
2026-01-13 18:00:00,19.5,39.7,29.6,4.6,208.0
2026-01-13 19:00:00,18.7,39.3,0.0,9.5,192.0
2026-01-13 20:00:00,17.3,47.6,0.0,4.2,226.0
2026-01-13 21:00:00,15.8,53.0,0.0,4.7,166.0
2026-01-13 22:00:00,12.2,53.1,0.0,3.1,201.0
2026-01-13 23:00:00,13.0,60.2,0.0,3.1,177.0
2026-01-14 00:00:00,15.2,59.8,0.0,3.6,146.0
2026-01-14 01:00:00,11.5,62.4,0.0,2.9,217.0
2026-01-14 02:00:00,9.9,60.2,0.0,2.5,213.0
2026-01-14 03:00:00,11.3,63.8,0.0,6.9,169.0
2026-01-14 04:00:00,8.6,65.3,0.0,1.6,188.0
2026-01-14 05:00:00,12.3,59.3,0.0,4.4,224.0
2026-01-14 06:00:00,13.4,55.7,7.8,1.9,213.0
2026-01-14 07:00:00,15.1,59.1,189.1,2.5,177.0
2026-01-14 08:00:00,15.8,50.5,391.1,2.4,190.0
2026-01-14 09:00:00,15.8,46.7,551.3,3.4,204.0
2026-01-14 10:00:00,16.3,45.3,648.6,5.2,173.0
2026-01-14 11:00:00,19.3,39.0,740.7,5.2,181.0
2026-01-14 12:00:00,21.5,46.9,745.7,4.1,194.0
2026-01-14 13:00:00,21.2,35.0,718.8,6.1,156.0
2026-01-14 14:00:00,21.2,33.0,690.9,3.2,173.0
2026-01-14 15:00:00,21.5,37.4,541.4,4.2,207.0
2026-01-14 16:00:00,22.8,31.0,355.2,3.7,245.0
2026-01-14 17:00:00,19.7,37.8,204.0,4.0,179.0
2026-01-14 18:00:00,20.0,41.5,20.1,4.1,120.0
2026-01-14 19:00:00,19.3,40.4,0.0,4.5,214.0
2026-01-14 20:00:00,19.0,46.0,0.0,5.0,187.0
2026-01-14 21:00:00,16.1,49.4,0.0,5.8,234.0
2026-01-14 22:00:00,12.4,49.4,0.0,3.6,172.0
2026-01-14 23:00:00,11.9,54.8,0.0,3.4,201.0
2026-01-15 00:00:00,11.4,54.5,0.0,6.3,200.0
2026-01-15 01:00:00,10.8,60.5,0.0,4.0,251.0
2026-01-15 02:00:00,9.5,63.1,0.0,3.1,189.0
2026-01-15 03:00:00,9.2,65.1,0.0,2.5,203.0
2026-01-15 04:00:00,9.4,55.4,0.0,1.8,179.0
2026-01-15 05:00:00,9.9,60.7,0.0,2.4,162.0
2026-01-15 06:00:00,12.5,59.8,13.3,2.6,182.0
2026-01-15 07:00:00,13.8,62.2,186.0,1.7,268.0
2026-01-15 08:00:00,14.8,53.2,338.5,3.7,238.0
2026-01-15 09:00:00,16.9,52.4,556.1,1.8,191.0
2026-01-15 10:00:00,14.0,48.8,648.4,1.9,215.0
2026-01-15 11:00:00,19.1,43.1,724.7,2.6,235.0
2026-01-15 12:00:00,17.8,39.5,715.2,2.6,206.0
2026-01-15 13:00:00,20.7,35.2,726.5,3.9,213.0
2026-01-15 14:00:00,20.2,35.2,642.5,6.0,161.0
2026-01-15 15:00:00,22.2,31.2,526.3,5.9,226.0
2026-01-15 16:00:00,22.3,32.3,361.1,3.7,188.0
2026-01-15 17:00:00,21.6,41.9,181.8,4.9,203.0
2026-01-15 18:00:00,18.1,39.7,2.1,4.9,195.0
2026-01-15 19:00:00,18.7,38.7,0.0,4.6,176.0
2026-01-15 20:00:00,17.0,46.7,0.0,3.8,219.0
2026-01-15 21:00:00,16.2,49.8,0.0,4.5,202.0
2026-01-15 22:00:00,14.5,51.3,0.0,4.3,220.0
2026-01-15 23:00:00,13.1,53.6,0.0,2.9,195.0
2026-01-16 00:00:00,10.4,65.7,0.0,2.6,212.0
2026-01-16 01:00:00,10.2,67.3,0.0,3.0,191.0
2026-01-16 02:00:00,11.1,66.4,0.0,4.0,184.0
2026-01-16 03:00:00,9.7,64.5,0.0,3.5,242.0
2026-01-16 04:00:00,9.5,67.6,0.0,1.5,197.0
2026-01-16 05:00:00,10.3,59.3,0.0,4.1,176.0
2026-01-16 06:00:00,13.3,58.9,0.0,2.5,226.0
2026-01-16 07:00:00,14.4,56.1,187.7,2.2,188.0
2026-01-16 08:00:00,13.3,56.4,373.6,3.1,162.0
2026-01-16 09:00:00,15.9,45.9,549.0,3.2,186.0
2026-01-16 10:00:00,17.1,44.1,654.1,3.5,202.0
2026-01-16 11:00:00,17.0,49.1,713.6,3.8,196.0
2026-01-16 12:00:00,20.1,38.3,775.9,2.7,233.0
2026-01-16 13:00:00,20.8,32.9,732.5,4.0,167.0
2026-01-16 14:00:00,21.3,32.1,670.3,4.2,205.0
2026-01-16 15:00:00,22.4,35.4,584.7,3.6,183.0
2026-01-16 16:00:00,20.7,32.7,414.4,7.8,226.0
2026-01-16 17:00:00,20.3,31.7,171.2,5.1,211.0
2026-01-16 18:00:00,19.6,38.3,10.9,4.6,203.0
2026-01-16 19:00:00,19.8,39.6,0.0,4.7,232.0
2026-01-16 20:00:00,16.9,43.8,0.0,3.9,245.0
2026-01-16 21:00:00,15.9,47.1,0.0,4.0,188.0
2026-01-16 22:00:00,15.8,55.5,0.0,4.5,238.0
2026-01-16 23:00:00,13.0,52.5,0.0,5.7,250.0
2026-01-17 00:00:00,9.4,61.8,0.0,2.9,168.0
2026-01-17 01:00:00,10.4,60.8,0.0,2.8,196.0
2026-01-17 02:00:00,8.3,58.8,0.0,2.9,151.0
2026-01-17 03:00:00,9.8,66.3,0.0,2.3,201.0
2026-01-17 04:00:00,10.9,67.5,0.0,1.8,224.0
2026-01-17 05:00:00,12.1,62.4,0.0,1.6,192.0
2026-01-17 06:00:00,11.9,55.9,2.1,1.5,161.0
2026-01-17 07:00:00,12.5,55.7,185.2,1.5,185.0
2026-01-17 08:00:00,13.1,45.5,342.7,3.1,186.0
2026-01-17 09:00:00,16.9,49.4,537.2,3.2,256.0
2026-01-17 10:00:00,19.8,45.0,654.8,4.0,177.0
2026-01-17 11:00:00,17.2,44.0,752.4,4.1,227.0
2026-01-17 12:00:00,21.9,35.3,765.6,3.1,178.0
2026-01-17 13:00:00,22.1,31.4,732.0,3.0,184.0
2026-01-17 14:00:00,23.5,35.8,664.1,3.3,237.0
2026-01-17 15:00:00,19.6,36.3,524.1,4.2,148.0
2026-01-17 16:00:00,20.8,37.9,347.2,4.5,139.0
2026-01-17 17:00:00,21.0,33.4,174.7,4.0,169.0
2026-01-17 18:00:00,19.3,33.0,0.0,4.3,206.0
2026-01-17 19:00:00,20.9,40.4,0.0,4.3,225.0
2026-01-17 20:00:00,16.9,44.0,0.0,3.6,145.0
2026-01-17 21:00:00,14.0,46.8,0.0,5.8,163.0
2026-01-17 22:00:00,12.0,51.2,0.0,3.4,176.0
2026-01-17 23:00:00,13.8,50.1,0.0,4.5,231.0
2026-01-18 00:00:00,11.1,59.4,0.0,3.5,243.0
2026-01-18 01:00:00,10.0,64.0,0.0,4.3,267.0
2026-01-18 02:00:00,8.5,64.6,0.0,1.9,232.0
2026-01-18 03:00:00,10.6,68.6,0.0,1.8,187.0
2026-01-18 04:00:00,10.8,63.5,0.0,1.5,171.0
2026-01-18 05:00:00,10.0,61.6,0.0,2.0,149.0
2026-01-18 06:00:00,11.6,57.6,10.4,1.9,151.0
2026-01-18 07:00:00,11.6,55.5,199.0,1.9,124.0
2026-01-18 08:00:00,16.2,49.8,385.5,1.9,210.0
2026-01-18 09:00:00,15.8,44.2,524.1,2.9,162.0
2026-01-18 10:00:00,16.4,48.6,639.3,2.3,194.0
2026-01-18 11:00:00,20.1,42.7,750.4,3.0,231.0
2026-01-18 12:00:00,21.9,36.0,800.9,2.7,210.0
2026-01-18 13:00:00,21.1,36.1,762.8,5.3,213.0
2026-01-18 14:00:00,20.2,30.1,693.0,3.6,214.0
2026-01-18 15:00:00,21.4,32.2,563.5,3.4,204.0
2026-01-18 16:00:00,24.6,30.8,378.2,3.6,181.0
2026-01-18 17:00:00,22.7,36.1,173.6,3.9,188.0
2026-01-18 18:00:00,24.1,38.7,18.0,4.8,251.0
2026-01-18 19:00:00,19.9,43.6,0.0,4.4,237.0
2026-01-18 20:00:00,17.7,43.2,0.0,4.2,176.0
2026-01-18 21:00:00,15.8,44.5,0.0,4.1,227.0
2026-01-18 22:00:00,13.6,52.3,0.0,3.2,200.0
2026-01-18 23:00:00,13.6,50.5,0.0,5.2,257.0
2026-01-19 00:00:00,13.1,54.5,0.0,2.9,164.0
2026-01-19 01:00:00,11.8,57.7,0.0,2.9,179.0
2026-01-19 02:00:00,10.4,62.6,0.0,3.8,235.0
2026-01-19 03:00:00,11.5,66.3,0.0,4.8,201.0
2026-01-19 04:00:00,9.5,67.4,0.0,2.2,254.0
2026-01-19 05:00:00,12.1,64.3,0.0,3.4,198.0
2026-01-19 06:00:00,12.0,58.1,0.0,2.0,168.0
2026-01-19 07:00:00,12.3,50.2,211.6,1.4,192.0
2026-01-19 08:00:00,15.2,49.1,381.8,1.8,204.0
2026-01-19 09:00:00,15.9,47.7,577.3,4.3,193.0
2026-01-19 10:00:00,20.0,41.2,679.8,3.7,181.0
2026-01-19 11:00:00,18.1,40.5,740.2,4.8,142.0
2026-01-19 12:00:00,20.5,39.2,741.8,2.9,261.0
2026-01-19 13:00:00,19.5,31.8,729.6,3.5,202.0
2026-01-19 14:00:00,23.3,35.0,661.4,4.7,235.0
2026-01-19 15:00:00,19.4,31.7,526.3,3.8,222.0
2026-01-19 16:00:00,23.8,33.3,338.3,5.6,179.0
2026-01-19 17:00:00,22.0,34.7,191.7,4.0,223.0
2026-01-19 18:00:00,20.2,34.4,0.0,3.9,230.0
2026-01-19 19:00:00,18.1,40.2,0.0,5.4,163.0
2026-01-19 20:00:00,16.6,46.1,0.0,4.2,201.0
2026-01-19 21:00:00,14.7,47.4,0.0,4.2,239.0
2026-01-19 22:00:00,15.1,49.7,0.0,5.8,175.0
2026-01-19 23:00:00,13.2,56.7,0.0,6.0,164.0
2026-01-20 00:00:00,13.7,57.7,0.0,3.1,171.0
2026-01-20 01:00:00,10.8,63.8,0.0,2.9,174.0
2026-01-20 02:00:00,13.6,68.5,0.0,4.9,203.0
2026-01-20 03:00:00,9.7,65.5,0.0,2.0,224.0
2026-01-20 04:00:00,11.1,63.2,0.0,1.8,154.0
2026-01-20 05:00:00,10.2,66.2,0.0,1.7,160.0
2026-01-20 06:00:00,14.8,59.0,5.8,2.3,171.0
2026-01-20 07:00:00,12.1,57.8,192.9,1.6,168.0
2026-01-20 08:00:00,13.3,51.5,384.7,1.5,239.0
2026-01-20 09:00:00,18.6,49.4,533.7,3.5,229.0
2026-01-20 10:00:00,18.1,42.5,616.5,5.7,168.0
2026-01-20 11:00:00,18.9,45.6,711.8,2.3,233.0
2026-01-20 12:00:00,20.1,35.8,765.0,4.8,236.0
2026-01-20 13:00:00,18.1,33.1,747.8,4.5,205.0
2026-01-20 14:00:00,22.9,32.1,678.8,4.0,182.0
2026-01-20 15:00:00,20.7,29.8,528.9,3.5,173.0
2026-01-20 16:00:00,21.5,34.6,372.0,4.5,247.0
2026-01-20 17:00:00,21.4,33.9,199.7,4.7,218.0
2026-01-20 18:00:00,19.8,37.3,4.1,4.7,138.0
2026-01-20 19:00:00,19.2,40.3,0.0,5.3,134.0
2026-01-20 20:00:00,17.5,44.1,0.0,3.7,205.0
2026-01-20 21:00:00,16.7,44.6,0.0,3.5,192.0
2026-01-20 22:00:00,11.7,48.0,0.0,3.1,177.0
2026-01-20 23:00:00,12.7,51.4,0.0,3.9,164.0
2026-01-21 00:00:00,11.5,54.5,0.0,4.6,214.0
2026-01-21 01:00:00,10.0,61.5,0.0,3.0,132.0
2026-01-21 02:00:00,10.6,60.3,0.0,2.5,205.0
2026-01-21 03:00:00,10.1,65.0,0.0,6.0,191.0
2026-01-21 04:00:00,9.6,62.7,0.0,2.7,185.0
2026-01-21 05:00:00,11.3,57.7,0.0,3.3,238.0
2026-01-21 06:00:00,12.6,56.6,12.9,4.1,229.0
2026-01-21 07:00:00,14.1,57.7,191.5,4.2,190.0
2026-01-21 08:00:00,15.0,51.9,374.1,2.5,191.0
2026-01-21 09:00:00,15.1,46.0,586.3,2.2,263.0
2026-01-21 10:00:00,18.0,43.1,663.1,4.5,202.0
2026-01-21 11:00:00,21.9,35.2,736.4,4.2,213.0
2026-01-21 12:00:00,18.7,32.9,786.3,3.2,192.0
2026-01-21 13:00:00,20.5,33.9,739.6,3.8,198.0
2026-01-21 14:00:00,21.8,34.7,656.0,5.4,247.0
2026-01-21 15:00:00,21.8,36.6,495.1,3.5,188.0
2026-01-21 16:00:00,20.7,26.8,385.5,6.3,233.0
2026-01-21 17:00:00,23.2,34.8,220.5,4.8,235.0
2026-01-21 18:00:00,20.1,35.7,0.0,4.9,183.0
2026-01-21 19:00:00,18.6,40.0,0.0,3.8,259.0
2026-01-21 20:00:00,17.6,48.7,0.0,6.4,239.0
2026-01-21 21:00:00,16.9,45.5,0.0,4.8,217.0
2026-01-21 22:00:00,12.2,47.2,0.0,3.8,198.0
2026-01-21 23:00:00,14.3,57.8,0.0,4.6,194.0
2026-01-22 00:00:00,10.1,56.7,0.0,3.0,140.0
2026-01-22 01:00:00,14.7,60.5,0.0,3.2,220.0
2026-01-22 02:00:00,9.8,63.1,0.0,3.6,193.0
2026-01-22 03:00:00,9.8,59.0,0.0,1.7,224.0
2026-01-22 04:00:00,9.4,58.4,0.0,3.9,156.0
2026-01-22 05:00:00,12.8,52.4,0.0,1.7,191.0
2026-01-22 06:00:00,13.3,55.8,19.5,3.4,173.0
2026-01-22 07:00:00,12.1,57.2,200.4,2.6,261.0
2026-01-22 08:00:00,13.9,48.7,351.2,1.8,185.0
2026-01-22 09:00:00,17.4,48.0,495.6,1.7,192.0
2026-01-22 10:00:00,18.8,42.9,649.3,2.8,168.0
2026-01-22 11:00:00,20.7,37.3,730.6,3.7,218.0
2026-01-22 12:00:00,20.5,42.7,782.3,2.7,209.0
2026-01-22 13:00:00,21.5,34.3,733.4,3.2,186.0
2026-01-22 14:00:00,22.3,32.3,641.1,4.7,220.0
2026-01-22 15:00:00,21.8,33.5,547.8,4.2,188.0
2026-01-22 16:00:00,24.3,26.7,405.7,3.7,210.0
2026-01-22 17:00:00,21.0,32.0,198.0,4.3,239.0
2026-01-22 18:00:00,22.2,35.7,0.0,4.6,183.0
2026-01-22 19:00:00,20.4,40.9,0.0,6.3,217.0
2026-01-22 20:00:00,18.5,38.6,0.0,5.3,269.0
2026-01-22 21:00:00,14.3,45.7,0.0,3.6,212.0
2026-01-22 22:00:00,17.0,50.6,0.0,5.5,198.0
2026-01-22 23:00:00,12.6,54.7,0.0,3.4,193.0
2026-01-23 00:00:00,11.0,56.9,0.0,2.6,241.0
2026-01-23 01:00:00,11.1,64.5,0.0,2.4,248.0
2026-01-23 02:00:00,10.7,67.7,0.0,3.2,186.0
2026-01-23 03:00:00,9.0,64.4,0.0,2.6,182.0
2026-01-23 04:00:00,11.4,60.8,0.0,3.5,196.0
2026-01-23 05:00:00,10.9,57.2,0.0,3.5,214.0
2026-01-23 06:00:00,10.6,54.8,0.0,3.8,202.0
2026-01-23 07:00:00,15.0,54.3,213.8,1.7,239.0
2026-01-23 08:00:00,13.1,49.9,401.2,1.8,201.0
2026-01-23 09:00:00,17.8,48.2,543.2,2.5,218.0
2026-01-23 10:00:00,16.5,47.9,648.4,2.3,221.0
2026-01-23 11:00:00,20.8,37.8,753.9,3.2,225.0
2026-01-23 12:00:00,18.5,31.8,784.9,2.9,189.0
2026-01-23 13:00:00,21.8,34.3,753.6,3.2,230.0
2026-01-23 14:00:00,23.2,34.8,670.3,3.3,183.0
2026-01-23 15:00:00,22.5,34.2,529.2,3.5,243.0
2026-01-23 16:00:00,23.5,31.6,395.7,4.0,203.0
2026-01-23 17:00:00,23.0,39.1,195.3,5.5,209.0
2026-01-23 18:00:00,21.5,32.8,0.0,4.8,190.0
2026-01-23 19:00:00,22.0,36.4,0.0,5.6,210.0
2026-01-23 20:00:00,17.4,43.1,0.0,3.6,204.0
2026-01-23 21:00:00,16.0,50.5,0.0,4.5,143.0
2026-01-23 22:00:00,13.0,47.7,0.0,4.8,193.0
2026-01-23 23:00:00,13.6,52.8,0.0,3.1,184.0
2026-01-24 00:00:00,11.5,52.2,0.0,4.2,229.0
2026-01-24 01:00:00,11.5,66.0,0.0,2.3,151.0
2026-01-24 02:00:00,10.9,62.3,0.0,2.8,174.0
2026-01-24 03:00:00,10.2,61.2,0.0,2.8,185.0
2026-01-24 04:00:00,12.4,61.9,0.0,5.1,187.0
2026-01-24 05:00:00,11.3,54.0,0.0,3.2,185.0
2026-01-24 06:00:00,12.6,53.3,0.0,1.3,224.0
2026-01-24 07:00:00,12.7,52.2,218.5,1.7,215.0
2026-01-24 08:00:00,16.3,49.1,380.3,1.6,196.0
2026-01-24 09:00:00,14.5,49.7,546.0,2.7,221.0
2026-01-24 10:00:00,18.6,37.0,674.0,1.9,171.0
2026-01-24 11:00:00,18.7,41.9,744.5,2.3,135.0
2026-01-24 12:00:00,19.5,40.3,796.4,2.6,200.0
2026-01-24 13:00:00,20.6,34.2,775.3,3.5,222.0
2026-01-24 14:00:00,23.1,30.3,674.1,3.4,249.0
2026-01-24 15:00:00,23.1,35.4,535.6,3.7,225.0
2026-01-24 16:00:00,20.3,30.7,396.1,3.8,182.0
2026-01-24 17:00:00,21.8,33.9,160.5,3.8,168.0
2026-01-24 18:00:00,19.1,34.9,0.0,4.2,173.0
2026-01-24 19:00:00,19.9,40.4,0.0,3.7,208.0
2026-01-24 20:00:00,20.0,42.8,0.0,3.7,225.0
2026-01-24 21:00:00,18.0,42.4,0.0,3.8,233.0
2026-01-24 22:00:00,15.6,51.0,0.0,3.2,233.0
2026-01-24 23:00:00,12.6,50.5,0.0,3.2,199.0
2026-01-25 00:00:00,12.5,57.2,0.0,4.3,229.0
2026-01-25 01:00:00,13.6,55.5,0.0,2.5,227.0
2026-01-25 02:00:00,11.5,63.4,0.0,2.4,192.0
2026-01-25 03:00:00,9.7,59.0,0.0,2.2,223.0
2026-01-25 04:00:00,9.6,66.6,0.0,2.0,187.0
2026-01-25 05:00:00,11.5,59.2,0.0,3.4,200.0
2026-01-25 06:00:00,11.7,54.1,3.8,1.6,205.0
2026-01-25 07:00:00,13.9,47.0,197.7,1.7,187.0
2026-01-25 08:00:00,15.3,45.7,379.4,1.6,177.0
2026-01-25 09:00:00,16.1,48.1,522.5,2.6,194.0
2026-01-25 10:00:00,17.4,44.0,710.4,2.1,205.0
2026-01-25 11:00:00,18.8,42.7,699.8,7.6,218.0
2026-01-25 12:00:00,22.3,35.0,778.5,3.7,240.0
2026-01-25 13:00:00,22.6,37.6,681.8,3.4,210.0
2026-01-25 14:00:00,22.2,27.4,672.6,5.5,228.0
2026-01-25 15:00:00,23.0,33.4,532.3,5.8,247.0
2026-01-25 16:00:00,22.0,28.3,371.7,4.3,187.0
2026-01-25 17:00:00,20.7,38.3,210.6,4.9,246.0
2026-01-25 18:00:00,19.7,38.7,0.0,5.1,202.0
2026-01-25 19:00:00,17.8,35.8,0.0,4.3,195.0
2026-01-25 20:00:00,17.1,36.1,0.0,4.0,217.0
2026-01-25 21:00:00,18.1,45.9,0.0,7.0,207.0
2026-01-25 22:00:00,14.8,46.9,0.0,3.4,214.0
2026-01-25 23:00:00,12.8,51.1,0.0,3.5,172.0
2026-01-26 00:00:00,11.0,53.0,0.0,2.5,220.0
2026-01-26 01:00:00,9.8,58.7,0.0,5.3,184.0
2026-01-26 02:00:00,11.1,65.0,0.0,2.3,204.0
2026-01-26 03:00:00,9.6,53.8,0.0,3.7,284.0
2026-01-26 04:00:00,11.8,55.6,0.0,4.3,200.0
2026-01-26 05:00:00,13.0,56.2,0.0,2.2,188.0
2026-01-26 06:00:00,13.9,62.0,31.6,2.3,211.0
2026-01-26 07:00:00,13.9,51.0,181.9,1.5,198.0
2026-01-26 08:00:00,15.3,51.2,396.3,2.0,178.0
2026-01-26 09:00:00,15.2,47.9,543.5,2.4,176.0
2026-01-26 10:00:00,20.2,46.4,691.7,2.2,231.0
2026-01-26 11:00:00,17.7,33.5,742.9,3.2,189.0
2026-01-26 12:00:00,21.6,33.0,782.3,2.7,243.0
2026-01-26 13:00:00,21.5,33.0,772.9,2.9,194.0
2026-01-26 14:00:00,23.7,32.4,667.5,3.2,192.0
2026-01-26 15:00:00,21.7,31.8,557.6,3.9,223.0
2026-01-26 16:00:00,22.4,30.3,370.3,4.6,177.0
2026-01-26 17:00:00,21.1,28.3,226.8,3.8,190.0
2026-01-26 18:00:00,21.5,37.9,0.0,4.0,229.0
2026-01-26 19:00:00,18.7,38.0,0.0,3.7,205.0
2026-01-26 20:00:00,19.0,40.2,0.0,3.6,222.0
2026-01-26 21:00:00,17.8,39.0,0.0,3.8,228.0
2026-01-26 22:00:00,15.0,44.1,0.0,3.9,200.0
2026-01-26 23:00:00,15.4,52.8,0.0,2.9,216.0
2026-01-27 00:00:00,11.8,59.8,0.0,2.6,195.0
2026-01-27 01:00:00,12.5,57.4,0.0,4.7,224.0
2026-01-27 02:00:00,9.9,61.1,0.0,6.3,263.0
2026-01-27 03:00:00,11.6,64.4,0.0,2.8,210.0
2026-01-27 04:00:00,9.9,58.5,0.0,1.8,222.0
2026-01-27 05:00:00,10.4,62.7,0.0,6.9,204.0
2026-01-27 06:00:00,11.1,58.7,1.1,1.7,178.0
2026-01-27 07:00:00,13.6,53.1,211.2,2.0,189.0
2026-01-27 08:00:00,15.5,48.9,404.9,2.0,169.0
2026-01-27 09:00:00,15.9,40.7,542.1,1.9,220.0
2026-01-27 10:00:00,19.1,50.3,677.4,3.1,203.0
2026-01-27 11:00:00,19.8,37.2,758.7,2.4,179.0
2026-01-27 12:00:00,21.1,37.8,757.3,2.6,219.0
2026-01-27 13:00:00,21.8,35.1,754.1,3.4,179.0
2026-01-27 14:00:00,22.5,23.4,672.8,6.4,235.0
2026-01-27 15:00:00,22.5,30.8,590.4,4.7,227.0
2026-01-27 16:00:00,21.4,33.0,402.6,3.8,157.0
2026-01-27 17:00:00,21.6,32.7,190.8,4.6,135.0
2026-01-27 18:00:00,21.4,38.7,33.6,4.3,160.0
2026-01-27 19:00:00,20.2,40.5,0.0,4.1,215.0
2026-01-27 20:00:00,16.9,38.8,0.0,4.0,262.0
2026-01-27 21:00:00,15.2,47.7,0.0,5.9,193.0
2026-01-27 22:00:00,15.6,48.8,0.0,3.3,267.0
2026-01-27 23:00:00,14.6,53.6,0.0,3.2,209.0
2026-01-28 00:00:00,10.9,58.8,0.0,2.9,204.0
2026-01-28 01:00:00,12.0,55.1,0.0,3.0,240.0
2026-01-28 02:00:00,10.4,58.1,0.0,2.1,233.0
2026-01-28 03:00:00,11.9,62.3,0.0,1.7,210.0
2026-01-28 04:00:00,10.7,61.1,0.0,3.6,236.0
2026-01-28 05:00:00,12.2,58.2,0.0,1.4,245.0
2026-01-28 06:00:00,13.4,57.4,2.9,1.3,203.0
2026-01-28 07:00:00,13.0,53.2,208.3,3.1,241.0
2026-01-28 08:00:00,14.7,52.4,410.9,1.8,150.0
2026-01-28 09:00:00,15.4,44.8,533.8,2.2,219.0
2026-01-28 10:00:00,17.4,40.1,658.7,2.0,214.0
2026-01-28 11:00:00,20.1,40.9,758.7,4.8,245.0
2026-01-28 12:00:00,22.1,33.1,797.2,4.9,187.0
2026-01-28 13:00:00,21.1,32.7,720.8,3.1,237.0
2026-01-28 14:00:00,24.7,33.9,631.7,3.5,157.0
2026-01-28 15:00:00,22.3,32.7,575.5,4.5,232.0
2026-01-28 16:00:00,23.7,33.0,385.6,5.1,182.0
2026-01-28 17:00:00,22.7,30.4,195.8,5.2,147.0
2026-01-28 18:00:00,19.3,34.1,0.0,5.6,231.0
2026-01-28 19:00:00,18.0,38.2,0.0,4.6,234.0
2026-01-28 20:00:00,20.6,41.2,0.0,6.2,150.0
2026-01-28 21:00:00,16.2,43.4,0.0,3.7,158.0
2026-01-28 22:00:00,13.5,51.0,0.0,3.1,202.0
2026-01-28 23:00:00,15.3,54.6,0.0,3.1,200.0
2026-01-29 00:00:00,9.3,54.2,0.0,2.9,143.0
2026-01-29 01:00:00,11.3,54.6,0.0,2.5,171.0
2026-01-29 02:00:00,9.1,59.1,0.0,2.3,221.0
2026-01-29 03:00:00,11.2,61.3,0.0,3.6,199.0
2026-01-29 04:00:00,12.1,56.4,0.0,3.9,244.0
2026-01-29 05:00:00,12.7,54.7,0.0,2.6,205.0
2026-01-29 06:00:00,12.7,56.0,0.0,3.6,196.0
2026-01-29 07:00:00,12.7,51.4,213.1,2.8,226.0
2026-01-29 08:00:00,15.4,50.1,377.0,1.8,251.0
2026-01-29 09:00:00,17.0,44.2,542.6,2.8,186.0
2026-01-29 10:00:00,17.3,36.7,682.6,2.6,227.0
2026-01-29 11:00:00,19.2,40.8,742.9,4.1,215.0
2026-01-29 12:00:00,21.3,34.4,757.2,3.5,187.0
2026-01-29 13:00:00,22.4,31.8,757.4,3.6,204.0
2026-01-29 14:00:00,20.6,26.7,668.4,5.2,160.0
2026-01-29 15:00:00,23.1,26.1,525.4,4.3,196.0
2026-01-29 16:00:00,22.7,33.2,404.8,5.3,199.0
2026-01-29 17:00:00,23.7,31.0,198.1,4.4,250.0
2026-01-29 18:00:00,20.7,37.4,35.0,5.4,266.0
2026-01-29 19:00:00,20.3,35.1,0.0,4.9,184.0
2026-01-29 20:00:00,17.2,41.1,0.0,3.7,228.0
2026-01-29 21:00:00,16.6,46.3,0.0,5.1,187.0
2026-01-29 22:00:00,16.5,45.1,0.0,5.3,142.0
2026-01-29 23:00:00,13.0,50.3,0.0,3.7,256.0
2026-01-30 00:00:00,15.0,53.3,0.0,2.5,231.0
2026-01-30 01:00:00,12.0,57.3,0.0,2.7,220.0
2026-01-30 02:00:00,10.7,57.1,0.0,2.3,206.0
2026-01-30 03:00:00,13.1,56.9,0.0,2.7,196.0
2026-01-30 04:00:00,10.9,59.7,0.0,1.6,209.0
2026-01-30 05:00:00,11.8,58.2,0.0,2.1,258.0
2026-01-30 06:00:00,13.3,57.8,0.0,3.6,203.0
2026-01-30 07:00:00,12.3,49.3,238.3,1.5,197.0
2026-01-30 08:00:00,15.4,46.8,350.7,1.9,221.0
2026-01-30 09:00:00,16.6,46.0,559.3,2.9,180.0
2026-01-30 10:00:00,18.8,38.5,647.6,4.2,210.0
2026-01-30 11:00:00,19.2,42.2,751.1,3.6,231.0
2026-01-30 12:00:00,20.1,30.2,795.6,3.3,184.0
2026-01-30 13:00:00,21.5,36.1,730.4,3.5,213.0
2026-01-30 14:00:00,24.5,30.6,636.6,4.4,212.0
2026-01-30 15:00:00,23.3,32.7,567.3,4.8,183.0
2026-01-30 16:00:00,23.0,33.4,387.4,4.6,224.0
2026-01-30 17:00:00,21.0,34.1,206.7,4.1,277.0
2026-01-30 18:00:00,20.8,30.4,4.6,4.2,194.0
2026-01-30 19:00:00,19.3,37.7,0.0,3.7,216.0
2026-01-30 20:00:00,19.6,39.1,0.0,4.3,223.0
2026-01-30 21:00:00,17.0,44.3,0.0,4.2,229.0
2026-01-30 22:00:00,14.6,52.8,0.0,3.6,247.0
2026-01-30 23:00:00,13.9,48.1,0.0,3.7,234.0
2026-01-31 00:00:00,12.5,54.1,0.0,3.2,249.0
2026-01-31 01:00:00,8.9,57.2,0.0,2.6,205.0
2026-01-31 02:00:00,10.1,59.8,0.0,3.0,215.0
2026-01-31 03:00:00,9.8,59.1,0.0,4.9,253.0
2026-01-31 04:00:00,11.5,57.0,0.0,2.9,168.0
2026-01-31 05:00:00,11.1,54.0,0.0,2.1,240.0
2026-01-31 06:00:00,13.0,59.1,9.0,1.4,189.0
2026-01-31 07:00:00,13.9,56.7,157.3,2.0,187.0
2026-01-31 08:00:00,13.8,45.3,390.3,3.2,263.0
2026-01-31 09:00:00,16.6,47.5,536.4,1.9,200.0
2026-01-31 10:00:00,15.7,42.7,686.8,2.0,194.0
2026-01-31 11:00:00,19.6,32.7,743.8,4.4,220.0
2026-01-31 12:00:00,20.9,31.0,803.6,2.9,183.0
2026-01-31 13:00:00,22.2,37.0,750.1,3.7,186.0
2026-01-31 14:00:00,20.5,25.7,692.1,4.0,192.0
2026-01-31 15:00:00,21.6,29.3,527.7,3.9,247.0
2026-01-31 16:00:00,22.6,30.4,358.6,3.7,198.0
2026-01-31 17:00:00,22.7,31.9,204.5,4.7,197.0
2026-01-31 18:00:00,23.7,35.8,7.7,4.5,238.0
2026-01-31 19:00:00,18.8,37.7,0.0,4.0,226.0
2026-01-31 20:00:00,18.0,36.6,0.0,3.8,225.0
2026-01-31 21:00:00,16.3,43.0,0.0,4.5,219.0
2026-01-31 22:00:00,14.4,52.5,0.0,3.2,223.0
2026-01-31 23:00:00,15.7,54.6,0.0,6.4,226.0
2026-02-01 00:00:00,11.9,50.9,0.0,2.7,234.0
2026-02-01 01:00:00,11.6,60.7,0.0,2.7,203.0
2026-02-01 02:00:00,12.5,56.9,0.0,4.3,221.0
2026-02-01 03:00:00,11.9,60.2,0.0,2.1,236.0
2026-02-01 04:00:00,10.8,62.9,0.0,1.7,233.0
2026-02-01 05:00:00,11.5,55.7,0.0,1.9,186.0
2026-02-01 06:00:00,12.3,54.1,1.7,2.0,236.0
2026-02-01 07:00:00,14.1,52.7,202.2,1.5,218.0
2026-02-01 08:00:00,12.1,43.8,403.0,1.5,236.0
2026-02-01 09:00:00,17.0,46.0,527.3,3.3,155.0
2026-02-01 10:00:00,19.1,45.6,668.5,2.7,204.0
2026-02-01 11:00:00,19.4,37.0,726.6,3.0,264.0
2026-02-01 12:00:00,20.8,36.4,802.9,5.5,180.0
2026-02-01 13:00:00,20.6,34.5,771.7,3.9,218.0
2026-02-01 14:00:00,22.9,25.4,627.3,3.7,271.0
2026-02-01 15:00:00,23.2,33.4,511.4,7.0,197.0
2026-02-01 16:00:00,23.3,32.6,376.1,3.8,158.0
2026-02-01 17:00:00,21.6,26.1,198.1,5.2,213.0
2026-02-01 18:00:00,19.3,30.2,0.0,8.3,215.0
2026-02-01 19:00:00,20.4,37.6,0.0,4.0,156.0
2026-02-01 20:00:00,18.6,38.7,0.0,3.8,226.0
2026-02-01 21:00:00,17.5,46.1,0.0,3.9,252.0
2026-02-01 22:00:00,16.9,48.3,0.0,4.0,218.0
2026-02-01 23:00:00,14.2,53.2,0.0,2.9,200.0
2026-02-02 00:00:00,15.1,54.4,0.0,3.1,217.0
2026-02-02 01:00:00,12.2,53.5,0.0,5.5,193.0
2026-02-02 02:00:00,12.2,57.3,0.0,3.9,206.0
2026-02-02 03:00:00,11.0,60.9,0.0,1.7,277.0
2026-02-02 04:00:00,9.3,59.7,0.0,1.5,233.0
2026-02-02 05:00:00,11.5,55.4,0.0,2.6,164.0
2026-02-02 06:00:00,11.7,61.2,0.0,1.8,247.0
2026-02-02 07:00:00,13.6,51.5,183.5,1.7,205.0
2026-02-02 08:00:00,13.8,49.8,415.5,4.4,231.0
2026-02-02 09:00:00,16.4,40.2,544.4,2.9,197.0
2026-02-02 10:00:00,17.4,38.9,662.5,2.0,267.0
2026-02-02 11:00:00,19.5,33.7,755.0,4.6,177.0
2026-02-02 12:00:00,20.4,33.3,794.6,2.7,168.0
2026-02-02 13:00:00,22.3,28.8,737.9,3.2,155.0
2026-02-02 14:00:00,22.8,26.8,675.9,4.9,219.0
2026-02-02 15:00:00,22.9,25.5,551.6,4.3,164.0
2026-02-02 16:00:00,21.7,32.5,370.0,6.1,295.0
2026-02-02 17:00:00,21.2,31.5,194.0,5.1,233.0
2026-02-02 18:00:00,20.9,30.7,0.0,5.4,203.0
2026-02-02 19:00:00,20.0,36.7,0.0,3.8,210.0
2026-02-02 20:00:00,19.9,42.6,0.0,3.6,251.0
2026-02-02 21:00:00,18.8,46.5,0.0,3.7,176.0
2026-02-02 22:00:00,16.4,45.4,0.0,3.3,244.0
2026-02-02 23:00:00,12.7,52.7,0.0,3.7,238.0
2026-02-03 00:00:00,12.7,52.5,0.0,3.0,213.0
2026-02-03 01:00:00,11.3,57.0,0.0,3.5,166.0
2026-02-03 02:00:00,7.6,56.8,0.0,3.1,167.0
2026-02-03 03:00:00,9.8,56.7,0.0,1.9,212.0
2026-02-03 04:00:00,11.9,55.4,0.0,1.7,217.0
2026-02-03 05:00:00,13.3,53.8,0.0,3.5,252.0
2026-02-03 06:00:00,12.0,53.3,21.1,1.4,200.0
2026-02-03 07:00:00,14.1,49.9,205.0,2.9,203.0
2026-02-03 08:00:00,15.3,45.9,410.6,4.5,261.0
2026-02-03 09:00:00,16.2,40.4,539.5,2.4,220.0
2026-02-03 10:00:00,18.2,38.4,665.4,2.5,132.0
2026-02-03 11:00:00,20.8,41.5,761.9,2.3,214.0
2026-02-03 12:00:00,23.2,29.8,787.6,2.6,202.0
2026-02-03 13:00:00,22.1,32.3,771.9,3.2,174.0
2026-02-03 14:00:00,23.1,34.2,678.7,3.9,219.0
2026-02-03 15:00:00,24.7,29.5,566.5,3.6,217.0
2026-02-03 16:00:00,24.3,34.9,373.9,3.6,214.0
2026-02-03 17:00:00,22.3,33.7,195.2,7.0,212.0
2026-02-03 18:00:00,20.5,29.8,0.0,4.1,232.0
2026-02-03 19:00:00,20.0,36.6,0.0,4.4,230.0
2026-02-03 20:00:00,19.3,42.0,0.0,3.8,193.0
2026-02-03 21:00:00,18.8,44.7,0.0,4.8,146.0
2026-02-03 22:00:00,14.1,45.7,0.0,4.2,260.0
2026-02-03 23:00:00,15.6,50.5,0.0,6.1,276.0
2026-02-04 00:00:00,12.7,56.8,0.0,3.1,212.0
2026-02-04 01:00:00,10.8,56.4,0.0,3.8,203.0
2026-02-04 02:00:00,10.6,62.0,0.0,2.2,242.0
2026-02-04 03:00:00,10.3,54.9,0.0,2.2,156.0
2026-02-04 04:00:00,14.3,61.7,0.0,1.9,218.0
2026-02-04 05:00:00,10.0,60.2,0.0,2.2,207.0
2026-02-04 06:00:00,12.8,51.7,0.0,1.4,201.0
2026-02-04 07:00:00,14.8,45.6,175.9,4.2,156.0
2026-02-04 08:00:00,15.9,43.8,363.4,2.3,246.0
2026-02-04 09:00:00,17.4,40.6,561.7,1.8,248.0
2026-02-04 10:00:00,17.7,38.6,636.9,2.4,242.0
2026-02-04 11:00:00,18.7,38.7,748.1,3.9,187.0
2026-02-04 12:00:00,22.3,36.5,756.5,2.7,240.0
2026-02-04 13:00:00,22.5,33.4,783.5,3.0,254.0
2026-02-04 14:00:00,21.4,26.9,664.8,3.5,195.0
2026-02-04 15:00:00,21.5,28.5,556.9,3.7,250.0
2026-02-04 16:00:00,22.1,30.4,412.7,5.0,192.0
2026-02-04 17:00:00,20.8,28.8,187.2,5.5,220.0
2026-02-04 18:00:00,19.9,32.2,0.0,5.3,226.0
2026-02-04 19:00:00,19.8,30.7,0.0,4.5,194.0
2026-02-04 20:00:00,18.1,39.8,0.0,4.4,166.0
2026-02-04 21:00:00,19.8,43.2,0.0,4.0,196.0
2026-02-04 22:00:00,14.1,44.3,0.0,3.7,253.0
2026-02-04 23:00:00,14.4,54.0,0.0,3.4,245.0
2026-02-05 00:00:00,12.8,53.6,0.0,2.9,177.0
2026-02-05 01:00:00,10.9,52.7,0.0,2.5,211.0
2026-02-05 02:00:00,12.7,60.6,0.0,2.4,189.0
2026-02-05 03:00:00,11.7,61.8,0.0,2.5,253.0
2026-02-05 04:00:00,12.3,60.8,0.0,3.3,218.0
2026-02-05 05:00:00,13.9,54.9,0.0,2.3,229.0
2026-02-05 06:00:00,14.8,50.7,0.0,1.7,192.0
2026-02-05 07:00:00,12.6,46.1,202.7,2.3,209.0
2026-02-05 08:00:00,13.9,45.1,419.3,4.4,204.0
2026-02-05 09:00:00,16.3,42.0,536.2,2.9,234.0
2026-02-05 10:00:00,19.6,40.9,704.3,2.2,269.0
2026-02-05 11:00:00,20.1,40.1,768.3,3.0,181.0
2026-02-05 12:00:00,22.6,29.5,755.3,3.1,205.0
2026-02-05 13:00:00,22.2,29.1,747.1,3.0,182.0
2026-02-05 14:00:00,20.8,27.9,702.6,4.4,183.0
2026-02-05 15:00:00,23.9,26.7,550.4,3.4,235.0
2026-02-05 16:00:00,21.3,30.5,391.0,7.6,219.0
2026-02-05 17:00:00,23.4,27.8,195.2,4.6,234.0
2026-02-05 18:00:00,19.0,32.2,0.0,4.7,153.0
2026-02-05 19:00:00,20.0,35.4,0.0,6.3,204.0
2026-02-05 20:00:00,19.9,38.4,0.0,4.9,168.0
2026-02-05 21:00:00,15.9,41.5,0.0,5.3,219.0
2026-02-05 22:00:00,15.3,44.6,0.0,3.6,263.0
2026-02-05 23:00:00,13.3,54.0,0.0,4.5,201.0
2026-02-06 00:00:00,11.8,50.7,0.0,5.5,257.0
2026-02-06 01:00:00,13.0,55.4,0.0,9.6,240.0
2026-02-06 02:00:00,12.9,53.8,0.0,2.7,163.0
2026-02-06 03:00:00,10.5,54.5,0.0,2.4,211.0
2026-02-06 04:00:00,12.6,54.5,0.0,1.6,212.0
2026-02-06 05:00:00,11.3,59.2,0.0,2.2,230.0
2026-02-06 06:00:00,10.5,52.2,0.0,2.4,189.0
2026-02-06 07:00:00,13.4,49.1,210.5,2.9,256.0
2026-02-06 08:00:00,13.7,47.1,392.8,2.4,235.0
2026-02-06 09:00:00,18.1,40.1,533.4,2.5,255.0
2026-02-06 10:00:00,19.8,36.4,685.5,2.7,144.0
2026-02-06 11:00:00,19.1,33.2,797.3,3.4,246.0
2026-02-06 12:00:00,21.4,34.0,780.0,2.7,191.0
2026-02-06 13:00:00,22.9,26.8,764.3,3.4,249.0
2026-02-06 14:00:00,24.4,24.2,679.3,3.5,174.0
2026-02-06 15:00:00,23.0,24.8,538.6,3.4,239.0
2026-02-06 16:00:00,21.0,29.8,390.5,4.3,250.0
2026-02-06 17:00:00,20.7,31.0,211.5,5.2,249.0
2026-02-06 18:00:00,21.0,31.5,0.0,4.3,242.0
2026-02-06 19:00:00,19.2,35.3,0.0,4.3,249.0
2026-02-06 20:00:00,20.4,36.9,0.0,3.9,153.0
2026-02-06 21:00:00,18.0,41.0,0.0,5.3,207.0
2026-02-06 22:00:00,15.6,52.9,0.0,3.5,218.0
2026-02-06 23:00:00,14.7,50.5,0.0,3.3,229.0
2026-02-07 00:00:00,11.8,49.1,0.0,2.8,214.0
2026-02-07 01:00:00,12.3,54.0,0.0,3.5,133.0
2026-02-07 02:00:00,12.0,56.8,0.0,2.1,202.0
2026-02-07 03:00:00,11.4,56.7,0.0,1.9,173.0
2026-02-07 04:00:00,11.3,58.0,0.0,1.8,190.0
2026-02-07 05:00:00,11.4,60.9,0.0,3.4,174.0
2026-02-07 06:00:00,14.0,51.6,3.4,2.2,240.0
2026-02-07 07:00:00,14.6,53.5,171.9,2.0,229.0
2026-02-07 08:00:00,15.5,42.4,399.6,2.1,201.0
2026-02-07 09:00:00,17.8,42.7,560.1,2.5,177.0
2026-02-07 10:00:00,17.5,39.9,654.5,2.0,238.0
2026-02-07 11:00:00,20.5,35.5,755.5,2.9,191.0
2026-02-07 12:00:00,21.8,30.1,793.1,3.5,226.0
2026-02-07 13:00:00,23.3,31.7,771.6,2.9,217.0
2026-02-07 14:00:00,24.7,28.3,690.8,3.2,167.0
2026-02-07 15:00:00,22.0,29.2,567.0,4.0,244.0
2026-02-07 16:00:00,24.1,25.6,349.7,5.1,247.0
2026-02-07 17:00:00,20.3,29.4,173.3,4.5,222.0
2026-02-07 18:00:00,21.0,35.0,1.3,5.9,218.0
2026-02-07 19:00:00,20.7,39.7,0.0,4.2,202.0
2026-02-07 20:00:00,19.5,37.1,0.0,4.7,210.0
2026-02-07 21:00:00,16.0,41.8,0.0,4.6,259.0
2026-02-07 22:00:00,15.8,45.2,0.0,4.6,182.0
2026-02-07 23:00:00,12.6,42.6,0.0,4.5,169.0
2026-02-08 00:00:00,12.6,54.6,0.0,3.0,188.0
2026-02-08 01:00:00,10.6,53.1,0.0,2.7,233.0
2026-02-08 02:00:00,10.3,54.1,0.0,3.9,214.0
2026-02-08 03:00:00,11.3,58.0,0.0,2.2,179.0
2026-02-08 04:00:00,13.8,56.5,0.0,1.8,242.0
2026-02-08 05:00:00,12.8,52.4,0.0,2.5,222.0
2026-02-08 06:00:00,14.6,53.4,0.0,1.7,197.0
2026-02-08 07:00:00,15.3,47.3,207.3,3.5,223.0
2026-02-08 08:00:00,13.3,44.8,436.4,1.7,210.0
2026-02-08 09:00:00,16.8,42.6,558.2,2.8,226.0
2026-02-08 10:00:00,18.5,38.0,683.3,3.1,211.0
2026-02-08 11:00:00,18.9,32.4,772.0,5.8,179.0
2026-02-08 12:00:00,22.3,32.0,779.5,3.5,167.0
2026-02-08 13:00:00,21.7,26.4,737.6,3.1,242.0
2026-02-08 14:00:00,22.2,29.2,658.4,4.6,229.0
2026-02-08 15:00:00,21.3,29.0,553.9,5.8,197.0
2026-02-08 16:00:00,24.0,23.0,376.9,4.1,145.0
2026-02-08 17:00:00,23.1,27.6,214.9,3.8,205.0
2026-02-08 18:00:00,22.3,33.0,0.0,4.2,219.0
2026-02-08 19:00:00,21.4,32.6,0.0,4.7,170.0
2026-02-08 20:00:00,18.5,38.9,0.0,4.1,223.0
2026-02-08 21:00:00,17.3,44.7,0.0,5.6,190.0
2026-02-08 22:00:00,16.5,42.7,0.0,3.6,179.0
2026-02-08 23:00:00,15.8,47.3,0.0,4.3,179.0
2026-02-09 00:00:00,13.5,48.2,0.0,6.0,264.0
2026-02-09 01:00:00,11.4,53.2,0.0,3.1,185.0
2026-02-09 02:00:00,10.7,56.9,0.0,2.6,184.0
2026-02-09 03:00:00,11.5,51.3,0.0,1.8,166.0
2026-02-09 04:00:00,12.7,56.3,0.0,1.8,206.0
2026-02-09 05:00:00,13.5,56.3,0.0,2.7,251.0
2026-02-09 06:00:00,15.4,56.0,0.0,2.8,187.0
2026-02-09 07:00:00,14.3,45.6,195.4,2.2,252.0
2026-02-09 08:00:00,16.1,44.0,434.9,1.6,203.0
2026-02-09 09:00:00,19.3,48.9,544.7,2.0,231.0
2026-02-09 10:00:00,18.1,37.2,684.0,5.4,180.0
2026-02-09 11:00:00,21.6,34.5,763.6,2.4,226.0
2026-02-09 12:00:00,23.2,30.2,783.6,2.6,212.0
2026-02-09 13:00:00,21.3,33.9,737.1,3.4,276.0
2026-02-09 14:00:00,23.0,29.0,699.7,3.4,262.0
2026-02-09 15:00:00,23.1,35.0,571.9,5.4,176.0
2026-02-09 16:00:00,20.7,30.4,372.5,4.3,184.0
2026-02-09 17:00:00,22.1,29.9,193.9,5.7,174.0
2026-02-09 18:00:00,21.8,30.0,0.0,3.9,236.0
2026-02-09 19:00:00,20.7,34.8,0.0,3.9,190.0
2026-02-09 20:00:00,18.2,41.0,0.0,3.8,233.0
2026-02-09 21:00:00,16.4,39.8,0.0,5.0,239.0
2026-02-09 22:00:00,16.6,45.9,0.0,4.0,269.0
2026-02-09 23:00:00,13.1,51.6,0.0,4.4,188.0
2026-02-10 00:00:00,13.1,55.3,0.0,3.2,180.0
2026-02-10 01:00:00,13.7,60.6,0.0,2.9,195.0
2026-02-10 02:00:00,13.1,56.9,0.0,3.4,211.0
2026-02-10 03:00:00,9.8,54.6,0.0,2.4,207.0
2026-02-10 04:00:00,12.6,53.6,0.0,1.7,174.0
2026-02-10 05:00:00,11.5,54.3,0.0,2.5,234.0
2026-02-10 06:00:00,13.8,55.3,0.6,1.6,183.0
2026-02-10 07:00:00,13.4,50.3,160.1,2.1,157.0
2026-02-10 08:00:00,17.3,45.4,382.1,3.8,193.0
2026-02-10 09:00:00,16.3,45.3,577.3,1.9,233.0
2026-02-10 10:00:00,17.6,40.3,703.8,5.0,196.0
2026-02-10 11:00:00,19.6,38.6,779.8,4.7,171.0
2026-02-10 12:00:00,22.3,36.2,781.6,3.1,269.0
2026-02-10 13:00:00,23.3,25.1,759.6,2.9,174.0
2026-02-10 14:00:00,22.4,23.2,707.2,3.2,185.0
2026-02-10 15:00:00,23.3,24.3,562.2,3.4,194.0
2026-02-10 16:00:00,24.8,26.3,359.0,5.3,200.0
2026-02-10 17:00:00,23.4,27.3,199.9,3.9,220.0
2026-02-10 18:00:00,22.9,30.4,13.9,5.3,255.0
2026-02-10 19:00:00,19.7,33.8,0.0,4.1,227.0
2026-02-10 20:00:00,20.7,45.5,0.0,3.8,186.0
2026-02-10 21:00:00,19.0,39.1,0.0,5.7,206.0
2026-02-10 22:00:00,16.8,43.3,0.0,4.4,253.0
2026-02-10 23:00:00,16.8,52.2,0.0,4.0,189.0
2026-02-11 00:00:00,13.4,49.9,0.0,2.5,198.0
2026-02-11 01:00:00,13.1,52.6,0.0,2.3,188.0
2026-02-11 02:00:00,12.1,53.2,0.0,2.7,218.0
2026-02-11 03:00:00,13.4,56.8,0.0,2.2,204.0
2026-02-11 04:00:00,13.6,57.8,0.0,1.6,172.0
2026-02-11 05:00:00,12.9,54.4,0.0,2.1,231.0
2026-02-11 06:00:00,14.7,52.9,0.0,2.2,234.0
2026-02-11 07:00:00,14.2,46.7,185.6,2.0,213.0
2026-02-11 08:00:00,16.4,46.0,394.7,1.8,217.0
2026-02-11 09:00:00,18.9,42.6,558.4,5.0,236.0
2026-02-11 10:00:00,17.2,38.6,669.5,2.0,212.0
2026-02-11 11:00:00,19.2,31.4,783.5,2.6,246.0
2026-02-11 12:00:00,21.2,27.8,782.3,3.2,227.0
2026-02-11 13:00:00,22.3,32.7,764.6,3.5,247.0
2026-02-11 14:00:00,23.0,32.5,684.3,3.5,203.0
2026-02-11 15:00:00,25.3,26.8,554.8,3.8,212.0
2026-02-11 16:00:00,23.7,27.3,398.5,4.2,241.0
2026-02-11 17:00:00,20.4,25.4,248.2,5.5,218.0
2026-02-11 18:00:00,22.3,25.4,2.0,4.3,223.0
2026-02-11 19:00:00,22.9,35.0,0.0,4.6,223.0
2026-02-11 20:00:00,20.8,36.1,0.0,4.2,277.0
2026-02-11 21:00:00,17.8,40.0,0.0,11.3,253.0
2026-02-11 22:00:00,17.1,43.3,0.0,6.6,203.0
2026-02-11 23:00:00,14.2,47.5,0.0,3.1,244.0
2026-02-12 00:00:00,15.2,49.0,0.0,4.7,203.0
2026-02-12 01:00:00,12.9,48.6,0.0,2.2,131.0
2026-02-12 02:00:00,10.6,55.3,0.0,2.1,248.0
2026-02-12 03:00:00,11.7,55.4,0.0,2.9,189.0
2026-02-12 04:00:00,12.6,54.1,0.0,2.1,221.0
2026-02-12 05:00:00,13.0,48.7,0.0,3.5,208.0
2026-02-12 06:00:00,13.5,49.6,8.1,2.1,200.0
2026-02-12 07:00:00,12.9,48.2,194.5,2.4,260.0
2026-02-12 08:00:00,17.9,46.3,404.2,2.6,210.0
2026-02-12 09:00:00,17.1,38.5,560.2,1.8,244.0
2026-02-12 10:00:00,21.1,34.3,670.2,2.9,246.0
2026-02-12 11:00:00,21.3,36.0,760.6,5.1,246.0
2026-02-12 12:00:00,19.3,34.7,772.4,3.6,197.0
2026-02-12 13:00:00,23.3,28.5,762.7,3.3,244.0
2026-02-12 14:00:00,24.1,19.3,679.4,3.1,234.0
2026-02-12 15:00:00,22.8,27.8,576.7,4.1,221.0
2026-02-12 16:00:00,23.7,30.1,361.9,3.7,205.0
2026-02-12 17:00:00,22.7,30.4,196.6,6.0,254.0
2026-02-12 18:00:00,21.3,28.8,0.0,4.9,269.0
2026-02-12 19:00:00,23.0,28.0,0.0,4.1,243.0
2026-02-12 20:00:00,19.5,38.6,0.0,4.1,213.0
2026-02-12 21:00:00,18.9,44.1,0.0,8.2,231.0
2026-02-12 22:00:00,16.2,42.2,0.0,3.6,223.0
2026-02-12 23:00:00,15.1,47.7,0.0,2.9,197.0
2026-02-13 00:00:00,15.0,52.5,0.0,4.0,238.0
2026-02-13 01:00:00,13.3,53.1,0.0,2.5,268.0
2026-02-13 02:00:00,11.6,54.7,0.0,2.3,212.0
2026-02-13 03:00:00,10.2,53.9,0.0,2.3,210.0
2026-02-13 04:00:00,9.3,55.5,0.0,2.9,207.0
2026-02-13 05:00:00,14.5,59.5,0.0,1.5,258.0
2026-02-13 06:00:00,13.1,54.4,0.0,1.5,237.0
2026-02-13 07:00:00,15.4,52.1,211.6,2.6,193.0
2026-02-13 08:00:00,15.3,41.4,405.8,1.9,292.0
2026-02-13 09:00:00,19.2,36.7,566.2,2.9,234.0
2026-02-13 10:00:00,19.9,32.1,705.4,2.0,200.0
2026-02-13 11:00:00,19.6,37.7,774.3,2.3,171.0
2026-02-13 12:00:00,22.2,32.6,780.0,3.2,234.0
2026-02-13 13:00:00,20.4,25.6,766.5,3.2,151.0
2026-02-13 14:00:00,24.6,26.7,650.6,3.2,203.0
2026-02-13 15:00:00,21.0,25.7,558.8,3.5,180.0
2026-02-13 16:00:00,22.5,25.4,418.5,4.4,262.0
2026-02-13 17:00:00,22.7,26.9,193.2,5.9,177.0
2026-02-13 18:00:00,20.0,32.1,13.3,4.8,265.0
2026-02-13 19:00:00,20.3,34.7,0.0,5.1,216.0
2026-02-13 20:00:00,19.6,38.2,0.0,4.8,199.0
2026-02-13 21:00:00,17.5,46.6,0.0,3.7,184.0
2026-02-13 22:00:00,15.4,45.3,0.0,4.3,187.0
2026-02-13 23:00:00,13.2,41.5,0.0,5.6,202.0
2026-02-14 00:00:00,13.1,46.5,0.0,2.7,225.0
2026-02-14 01:00:00,12.2,54.7,0.0,2.5,193.0
2026-02-14 02:00:00,12.8,54.9,0.0,4.1,257.0
2026-02-14 03:00:00,14.2,50.8,0.0,2.3,159.0
2026-02-14 04:00:00,13.5,53.6,0.0,4.2,235.0
2026-02-14 05:00:00,11.9,61.6,0.0,2.3,223.0
2026-02-14 06:00:00,13.8,56.6,11.8,2.8,191.0
2026-02-14 07:00:00,14.4,50.9,197.4,2.3,212.0
2026-02-14 08:00:00,17.7,47.3,411.9,2.6,229.0
2026-02-14 09:00:00,15.8,38.6,522.8,2.2,194.0
2026-02-14 10:00:00,22.8,34.9,702.3,3.2,231.0
2026-02-14 11:00:00,20.2,31.2,771.9,2.7,242.0
2026-02-14 12:00:00,21.1,33.9,820.2,3.7,274.0
2026-02-14 13:00:00,22.1,30.2,756.7,2.9,231.0
2026-02-14 14:00:00,23.5,27.4,696.9,4.6,237.0
2026-02-14 15:00:00,23.6,24.5,571.3,5.0,195.0
2026-02-14 16:00:00,22.7,26.4,387.1,4.5,218.0
2026-02-14 17:00:00,21.3,31.9,207.4,5.8,207.0
2026-02-14 18:00:00,20.0,21.6,17.5,4.2,226.0
2026-02-14 19:00:00,20.9,33.4,0.0,5.0,238.0
2026-02-14 20:00:00,20.1,36.5,0.0,6.7,230.0
2026-02-14 21:00:00,17.1,35.9,0.0,4.2,243.0
2026-02-14 22:00:00,15.2,39.5,0.0,4.4,252.0
2026-02-14 23:00:00,14.6,48.5,0.0,3.4,259.0
2026-02-15 00:00:00,14.8,54.8,0.0,2.7,194.0
2026-02-15 01:00:00,13.1,55.9,0.0,3.7,202.0
2026-02-15 02:00:00,10.8,51.8,0.0,4.3,204.0
2026-02-15 03:00:00,10.7,53.5,0.0,2.0,244.0
2026-02-15 04:00:00,11.4,55.3,0.0,4.2,203.0
2026-02-15 05:00:00,10.6,53.7,0.0,1.6,221.0
2026-02-15 06:00:00,13.4,51.2,0.0,2.3,229.0
2026-02-15 07:00:00,16.0,47.4,181.4,1.7,170.0
2026-02-15 08:00:00,17.9,46.6,375.0,3.2,237.0
2026-02-15 09:00:00,17.0,38.9,614.6,2.0,197.0
2026-02-15 10:00:00,19.0,34.0,675.1,2.7,203.0
2026-02-15 11:00:00,21.5,34.1,749.3,3.7,172.0
2026-02-15 12:00:00,22.3,30.7,786.3,2.7,202.0
2026-02-15 13:00:00,23.1,26.8,759.4,3.8,248.0
2026-02-15 14:00:00,23.1,26.0,658.0,3.7,288.0
2026-02-15 15:00:00,24.6,27.5,538.2,4.1,147.0
2026-02-15 16:00:00,21.9,28.1,417.3,4.3,162.0
2026-02-15 17:00:00,23.6,27.5,194.3,4.0,217.0
2026-02-15 18:00:00,23.8,30.0,23.0,4.2,216.0
2026-02-15 19:00:00,22.7,33.3,0.0,4.7,198.0
2026-02-15 20:00:00,19.6,38.6,0.0,3.9,247.0
2026-02-15 21:00:00,19.4,37.5,0.0,4.7,182.0
2026-02-15 22:00:00,16.6,40.5,0.0,6.7,196.0
2026-02-15 23:00:00,14.1,50.4,0.0,3.4,222.0
2026-02-16 00:00:00,14.3,49.2,0.0,4.4,236.0
2026-02-16 01:00:00,12.1,49.2,0.0,2.4,240.0
2026-02-16 02:00:00,11.8,54.6,0.0,2.1,168.0
2026-02-16 03:00:00,11.8,55.7,0.0,2.2,243.0
2026-02-16 04:00:00,10.6,53.2,0.0,1.5,205.0
2026-02-16 05:00:00,11.8,54.8,0.0,1.9,222.0
2026-02-16 06:00:00,13.9,54.4,27.9,1.5,205.0
2026-02-16 07:00:00,15.1,52.5,184.6,1.6,169.0
2026-02-16 08:00:00,16.5,39.9,379.8,2.6,222.0
2026-02-16 09:00:00,18.0,33.9,565.0,2.0,235.0
2026-02-16 10:00:00,18.4,34.4,691.7,2.0,169.0
2026-02-16 11:00:00,20.9,35.5,782.5,3.7,207.0
2026-02-16 12:00:00,20.7,31.6,775.6,4.1,212.0
2026-02-16 13:00:00,21.1,28.2,743.9,3.0,147.0
2026-02-16 14:00:00,23.3,23.5,705.1,3.1,221.0
2026-02-16 15:00:00,24.6,23.5,542.2,4.0,231.0
2026-02-16 16:00:00,24.2,21.9,395.8,4.0,256.0
2026-02-16 17:00:00,21.7,27.6,221.7,4.8,268.0
2026-02-16 18:00:00,22.9,25.5,0.0,4.3,224.0
2026-02-16 19:00:00,20.2,33.6,0.0,4.3,199.0
2026-02-16 20:00:00,19.1,37.6,0.0,3.8,151.0
2026-02-16 21:00:00,18.4,42.6,0.0,5.9,280.0
2026-02-16 22:00:00,14.6,44.1,0.0,4.0,147.0
2026-02-16 23:00:00,14.6,41.5,0.0,3.6,202.0
2026-02-17 00:00:00,12.7,48.8,0.0,3.9,193.0
2026-02-17 01:00:00,12.9,51.2,0.0,2.9,191.0
2026-02-17 02:00:00,13.2,55.3,0.0,2.9,169.0
2026-02-17 03:00:00,11.5,56.5,0.0,2.4,260.0
2026-02-17 04:00:00,10.5,52.8,0.0,1.6,209.0
2026-02-17 05:00:00,13.8,53.9,0.0,3.3,207.0
2026-02-17 06:00:00,11.8,48.5,5.1,2.5,203.0
2026-02-17 07:00:00,14.8,46.5,177.1,1.4,267.0
2026-02-17 08:00:00,14.3,45.2,415.8,3.1,253.0
2026-02-17 09:00:00,17.2,39.6,562.4,2.1,263.0
2026-02-17 10:00:00,20.9,39.8,701.3,3.1,275.0
2026-02-17 11:00:00,21.5,32.9,732.0,2.7,193.0
2026-02-17 12:00:00,23.9,26.1,791.9,5.3,223.0
2026-02-17 13:00:00,22.7,32.7,760.2,2.8,207.0
2026-02-17 14:00:00,21.7,27.0,679.1,5.5,230.0
2026-02-17 15:00:00,22.4,20.6,545.3,4.0,228.0
2026-02-17 16:00:00,24.6,24.8,386.8,4.8,214.0
2026-02-17 17:00:00,21.5,29.7,198.2,3.8,211.0
2026-02-17 18:00:00,23.7,30.5,0.0,4.4,198.0
2026-02-17 19:00:00,21.6,31.3,0.0,4.6,205.0
2026-02-17 20:00:00,20.5,36.1,0.0,4.0,218.0
2026-02-17 21:00:00,18.2,41.4,0.0,5.1,216.0
2026-02-17 22:00:00,18.9,44.9,0.0,3.4,268.0
2026-02-17 23:00:00,16.2,45.7,0.0,3.3,244.0
2026-02-18 00:00:00,12.6,51.3,0.0,2.6,218.0
2026-02-18 01:00:00,12.9,53.5,0.0,2.5,235.0
2026-02-18 02:00:00,12.9,51.4,0.0,2.0,214.0
2026-02-18 03:00:00,11.9,57.1,0.0,4.8,247.0
2026-02-18 04:00:00,11.3,52.6,0.0,1.6,256.0
2026-02-18 05:00:00,12.2,58.0,0.0,2.9,198.0
2026-02-18 06:00:00,15.3,50.3,0.0,3.2,282.0
2026-02-18 07:00:00,15.9,45.0,204.8,2.3,214.0
2026-02-18 08:00:00,16.4,46.1,357.7,2.9,237.0
2026-02-18 09:00:00,19.3,39.6,585.3,3.5,241.0
2026-02-18 10:00:00,22.1,38.5,723.0,2.9,236.0
2026-02-18 11:00:00,21.1,32.3,792.4,4.3,225.0
2026-02-18 12:00:00,20.9,28.5,812.1,3.5,259.0
2026-02-18 13:00:00,24.7,23.4,781.1,5.2,250.0
2026-02-18 14:00:00,22.4,21.4,717.1,4.5,262.0
2026-02-18 15:00:00,24.2,28.5,553.0,4.5,282.0
2026-02-18 16:00:00,24.2,22.7,391.3,3.8,232.0
2026-02-18 17:00:00,24.3,25.6,207.0,6.0,234.0
2026-02-18 18:00:00,21.6,26.0,13.4,3.9,204.0
2026-02-18 19:00:00,21.4,31.2,0.0,4.6,244.0
2026-02-18 20:00:00,21.0,36.7,0.0,4.9,163.0
2026-02-18 21:00:00,18.9,42.7,0.0,3.4,215.0
2026-02-18 22:00:00,16.1,47.2,0.0,3.9,237.0
2026-02-18 23:00:00,14.7,45.7,0.0,3.1,235.0
2026-02-19 00:00:00,13.7,50.8,0.0,2.8,243.0
2026-02-19 01:00:00,13.9,48.5,0.0,2.6,240.0
2026-02-19 02:00:00,13.8,54.3,0.0,2.5,184.0
2026-02-19 03:00:00,11.9,56.1,0.0,2.0,217.0
2026-02-19 04:00:00,12.8,56.9,0.0,2.2,227.0
2026-02-19 05:00:00,12.9,50.7,0.0,1.6,219.0
2026-02-19 06:00:00,13.5,51.6,0.0,3.2,238.0
2026-02-19 07:00:00,15.6,46.2,199.0,1.4,210.0
2026-02-19 08:00:00,16.1,39.9,394.8,2.7,233.0
2026-02-19 09:00:00,19.0,35.9,577.9,2.8,254.0
2026-02-19 10:00:00,18.0,29.5,700.2,2.1,282.0
2026-02-19 11:00:00,21.8,32.9,777.5,2.4,214.0
2026-02-19 12:00:00,21.3,27.6,808.6,2.9,193.0
2026-02-19 13:00:00,24.3,25.0,779.8,3.3,220.0
2026-02-19 14:00:00,23.7,27.5,695.6,4.7,232.0
2026-02-19 15:00:00,24.8,26.8,566.7,3.4,216.0
2026-02-19 16:00:00,23.8,18.8,411.3,5.6,220.0
2026-02-19 17:00:00,21.9,26.3,190.5,4.7,234.0
2026-02-19 18:00:00,21.3,26.6,0.0,3.8,235.0
2026-02-19 19:00:00,23.0,34.2,0.0,6.8,230.0
2026-02-19 20:00:00,20.1,37.2,0.0,3.6,266.0
2026-02-19 21:00:00,18.6,40.3,0.0,4.0,161.0
2026-02-19 22:00:00,15.7,45.6,0.0,5.1,244.0
2026-02-19 23:00:00,15.7,45.1,0.0,3.0,209.0
2026-02-20 00:00:00,15.2,50.3,0.0,3.0,198.0
2026-02-20 01:00:00,12.8,52.5,0.0,3.2,240.0
2026-02-20 02:00:00,12.7,55.4,0.0,2.4,232.0
2026-02-20 03:00:00,12.1,53.3,0.0,4.7,261.0
2026-02-20 04:00:00,11.7,48.8,0.0,2.1,267.0
2026-02-20 05:00:00,13.6,58.3,0.0,3.1,234.0
2026-02-20 06:00:00,13.4,47.6,0.0,2.5,196.0
2026-02-20 07:00:00,16.0,43.5,162.8,2.6,147.0
2026-02-20 08:00:00,18.1,42.5,399.6,3.6,226.0
2026-02-20 09:00:00,17.9,36.9,593.1,2.5,200.0
2026-02-20 10:00:00,19.9,38.5,716.1,2.4,206.0
2026-02-20 11:00:00,23.2,25.1,773.0,2.5,201.0
2026-02-20 12:00:00,21.4,20.6,794.4,2.7,208.0
2026-02-20 13:00:00,23.3,22.8,779.4,3.0,209.0
2026-02-20 14:00:00,25.3,25.2,676.5,3.6,272.0
2026-02-20 15:00:00,26.6,23.5,575.4,4.1,214.0
2026-02-20 16:00:00,22.6,27.5,403.1,4.8,229.0
2026-02-20 17:00:00,24.5,26.1,220.4,4.4,203.0
2026-02-20 18:00:00,24.5,29.1,5.5,5.5,201.0
2026-02-20 19:00:00,22.5,25.9,0.0,3.9,252.0
2026-02-20 20:00:00,19.5,34.8,0.0,4.1,254.0
2026-02-20 21:00:00,15.7,37.5,0.0,3.4,186.0
2026-02-20 22:00:00,17.0,43.7,0.0,4.4,199.0
2026-02-20 23:00:00,13.7,46.1,0.0,2.9,232.0
2026-02-21 00:00:00,14.0,50.0,0.0,2.7,265.0
2026-02-21 01:00:00,11.4,54.5,0.0,3.4,249.0
2026-02-21 02:00:00,14.7,55.9,0.0,3.1,210.0
2026-02-21 03:00:00,11.0,47.7,0.0,3.5,202.0
2026-02-21 04:00:00,12.9,53.2,0.0,1.9,254.0
2026-02-21 05:00:00,14.9,49.0,0.0,1.4,197.0
2026-02-21 06:00:00,15.4,54.9,24.6,1.8,201.0
2026-02-21 07:00:00,16.9,52.5,207.4,5.2,267.0
2026-02-21 08:00:00,17.2,46.0,377.0,1.6,234.0
2026-02-21 09:00:00,18.3,40.1,572.5,2.3,262.0
2026-02-21 10:00:00,21.6,40.4,687.4,2.8,210.0
2026-02-21 11:00:00,22.8,29.5,763.1,2.3,234.0
2026-02-21 12:00:00,23.8,27.3,815.7,3.6,223.0
2026-02-21 13:00:00,24.6,23.4,789.8,3.9,212.0
2026-02-21 14:00:00,24.6,20.6,696.0,7.0,232.0
2026-02-21 15:00:00,25.6,24.7,534.6,6.2,256.0
2026-02-21 16:00:00,25.6,17.4,382.0,4.7,236.0
2026-02-21 17:00:00,24.3,26.6,231.8,4.0,224.0
2026-02-21 18:00:00,22.2,30.3,0.0,4.8,175.0
2026-02-21 19:00:00,19.3,27.4,0.0,6.5,252.0
2026-02-21 20:00:00,20.8,33.5,0.0,5.4,271.0
2026-02-21 21:00:00,18.2,37.9,0.0,3.9,231.0
2026-02-21 22:00:00,16.6,41.9,0.0,4.0,248.0
2026-02-21 23:00:00,14.9,46.3,0.0,3.3,246.0
2026-02-22 00:00:00,15.9,43.3,0.0,2.9,168.0
2026-02-22 01:00:00,15.0,58.6,0.0,5.5,255.0
2026-02-22 02:00:00,14.5,50.8,0.0,4.4,206.0
2026-02-22 03:00:00,13.9,50.3,0.0,2.1,265.0
2026-02-22 04:00:00,13.6,53.1,0.0,1.9,206.0
2026-02-22 05:00:00,13.7,49.0,0.0,2.9,220.0
2026-02-22 06:00:00,14.9,51.1,27.8,1.9,217.0
2026-02-22 07:00:00,15.8,45.6,221.5,3.8,256.0
2026-02-22 08:00:00,14.5,41.2,415.5,1.5,153.0
2026-02-22 09:00:00,17.5,39.5,585.5,2.4,192.0
2026-02-22 10:00:00,19.1,36.4,689.1,4.2,236.0
2026-02-22 11:00:00,22.7,28.4,757.9,2.5,271.0
2026-02-22 12:00:00,21.3,26.2,834.0,3.6,276.0
2026-02-22 13:00:00,23.2,21.6,749.4,4.8,219.0
2026-02-22 14:00:00,23.4,21.4,691.4,5.3,207.0
2026-02-22 15:00:00,25.7,24.2,550.1,5.2,176.0
2026-02-22 16:00:00,25.9,25.9,405.8,3.9,196.0
2026-02-22 17:00:00,23.8,28.5,194.4,4.5,218.0
2026-02-22 18:00:00,23.2,27.5,0.0,4.8,264.0
2026-02-22 19:00:00,20.3,32.9,0.0,5.6,154.0
2026-02-22 20:00:00,19.9,33.9,0.0,3.7,194.0
2026-02-22 21:00:00,17.1,42.2,0.0,4.6,225.0
2026-02-22 22:00:00,18.2,39.6,0.0,4.7,275.0
2026-02-22 23:00:00,16.0,45.4,0.0,4.9,180.0
2026-02-23 00:00:00,11.4,45.5,0.0,2.6,141.0
2026-02-23 01:00:00,13.0,51.3,0.0,2.2,267.0
2026-02-23 02:00:00,14.2,52.7,0.0,3.2,254.0
2026-02-23 03:00:00,14.6,52.4,0.0,5.0,222.0
2026-02-23 04:00:00,12.6,47.8,0.0,4.6,209.0
2026-02-23 05:00:00,13.1,47.8,0.0,3.7,202.0
2026-02-23 06:00:00,15.8,49.4,26.8,3.1,299.0
2026-02-23 07:00:00,15.3,44.1,224.2,1.6,196.0
2026-02-23 08:00:00,16.8,41.7,367.8,2.7,263.0
2026-02-23 09:00:00,17.2,44.4,564.1,2.1,273.0
2026-02-23 10:00:00,21.5,35.1,695.0,2.1,272.0
2026-02-23 11:00:00,22.5,27.3,771.3,4.8,186.0
2026-02-23 12:00:00,24.2,30.9,797.4,2.6,193.0
2026-02-23 13:00:00,22.9,22.9,806.1,3.5,201.0
2026-02-23 14:00:00,26.9,20.1,678.3,3.4,208.0
2026-02-23 15:00:00,25.6,20.5,607.4,4.3,215.0
2026-02-23 16:00:00,24.3,26.2,420.7,4.0,228.0
2026-02-23 17:00:00,25.0,25.5,187.5,5.5,236.0
2026-02-23 18:00:00,21.6,26.3,19.0,4.7,217.0
2026-02-23 19:00:00,22.7,29.8,0.0,5.5,260.0
2026-02-23 20:00:00,19.6,34.4,0.0,4.2,246.0
2026-02-23 21:00:00,19.3,39.1,0.0,3.4,177.0
2026-02-23 22:00:00,17.3,41.9,0.0,3.7,245.0
2026-02-23 23:00:00,14.3,46.7,0.0,3.7,255.0
2026-02-24 00:00:00,16.2,46.5,0.0,2.6,247.0
2026-02-24 01:00:00,14.3,48.0,0.0,2.5,227.0
2026-02-24 02:00:00,12.7,49.2,0.0,2.7,185.0
2026-02-24 03:00:00,12.6,52.2,0.0,4.8,294.0
2026-02-24 04:00:00,11.8,52.9,0.0,5.9,235.0
2026-02-24 05:00:00,15.0,55.3,0.0,2.7,160.0
2026-02-24 06:00:00,14.5,44.3,0.0,3.4,192.0
2026-02-24 07:00:00,16.9,47.3,180.6,2.6,227.0
2026-02-24 08:00:00,17.5,45.9,409.0,1.6,227.0
2026-02-24 09:00:00,19.4,38.9,605.8,4.3,220.0
2026-02-24 10:00:00,21.2,36.9,714.8,2.8,185.0
2026-02-24 11:00:00,21.2,31.8,809.2,3.2,219.0
2026-02-24 12:00:00,23.0,26.6,781.8,2.5,260.0
2026-02-24 13:00:00,24.7,26.1,771.8,3.7,241.0
2026-02-24 14:00:00,24.4,26.4,719.1,3.3,240.0
2026-02-24 15:00:00,24.8,23.1,562.6,3.7,231.0
2026-02-24 16:00:00,24.4,15.7,390.7,7.4,198.0
2026-02-24 17:00:00,23.4,22.0,228.1,5.3,220.0
2026-02-24 18:00:00,23.3,32.0,0.0,4.4,224.0
2026-02-24 19:00:00,23.0,30.2,0.0,4.8,189.0
2026-02-24 20:00:00,22.0,35.5,0.0,9.8,178.0
2026-02-24 21:00:00,18.6,38.2,0.0,4.7,198.0
2026-02-24 22:00:00,17.1,44.3,0.0,4.6,217.0
2026-02-24 23:00:00,17.7,50.1,0.0,5.5,228.0
2026-02-25 00:00:00,14.4,47.0,0.0,3.4,241.0
2026-02-25 01:00:00,13.0,48.6,0.0,4.1,196.0
2026-02-25 02:00:00,12.6,56.5,0.0,2.2,225.0
2026-02-25 03:00:00,13.7,54.2,0.0,2.0,201.0
2026-02-25 04:00:00,13.1,53.4,0.0,2.0,165.0
2026-02-25 05:00:00,13.9,46.5,0.0,2.3,214.0
2026-02-25 06:00:00,14.4,48.6,0.0,1.3,189.0
2026-02-25 07:00:00,16.3,53.7,243.9,3.0,205.0
2026-02-25 08:00:00,17.9,41.1,388.6,2.2,209.0
2026-02-25 09:00:00,18.4,42.5,585.0,2.1,232.0
2026-02-25 10:00:00,21.7,42.5,707.3,2.2,171.0
2026-02-25 11:00:00,22.5,35.3,815.2,2.9,234.0
2026-02-25 12:00:00,23.6,24.7,810.1,2.7,241.0
2026-02-25 13:00:00,25.0,20.5,775.4,2.8,211.0
2026-02-25 14:00:00,25.3,22.2,655.9,3.7,222.0
2026-02-25 15:00:00,26.7,25.1,592.7,3.6,262.0
2026-02-25 16:00:00,25.6,26.7,366.9,3.7,151.0
2026-02-25 17:00:00,24.1,26.3,208.6,4.1,172.0
2026-02-25 18:00:00,25.2,30.7,0.0,3.8,243.0
2026-02-25 19:00:00,23.3,25.7,0.0,5.6,245.0
2026-02-25 20:00:00,18.3,39.1,0.0,8.2,252.0
2026-02-25 21:00:00,18.0,40.5,0.0,3.5,237.0
2026-02-25 22:00:00,18.8,38.8,0.0,3.1,207.0
2026-02-25 23:00:00,14.8,43.2,0.0,3.0,181.0
2026-02-26 00:00:00,16.1,49.7,0.0,2.7,241.0
2026-02-26 01:00:00,14.6,49.6,0.0,2.7,230.0
2026-02-26 02:00:00,14.8,50.2,0.0,2.3,266.0
2026-02-26 03:00:00,14.2,53.0,0.0,2.6,233.0
2026-02-26 04:00:00,12.7,48.9,0.0,3.0,304.0
2026-02-26 05:00:00,13.2,52.3,0.0,1.6,240.0
2026-02-26 06:00:00,13.3,46.9,4.6,3.1,206.0
2026-02-26 07:00:00,16.4,43.6,228.0,2.3,262.0
2026-02-26 08:00:00,18.1,39.8,408.7,1.5,296.0
2026-02-26 09:00:00,20.1,36.5,572.8,3.0,212.0
2026-02-26 10:00:00,21.2,37.2,682.6,2.1,254.0
2026-02-26 11:00:00,20.7,29.2,753.2,2.3,243.0
2026-02-26 12:00:00,23.8,25.2,822.8,4.9,194.0
2026-02-26 13:00:00,21.9,22.5,774.9,2.9,259.0
2026-02-26 14:00:00,23.6,18.7,718.7,5.2,242.0
2026-02-26 15:00:00,27.7,23.8,556.4,4.0,260.0
2026-02-26 16:00:00,25.8,17.7,412.7,4.7,268.0
2026-02-26 17:00:00,23.9,26.7,192.9,5.3,269.0
2026-02-26 18:00:00,23.7,29.7,8.4,3.8,252.0
2026-02-26 19:00:00,23.9,29.0,0.0,5.0,232.0
2026-02-26 20:00:00,22.4,35.2,0.0,3.7,250.0
2026-02-26 21:00:00,18.1,38.0,0.0,3.4,240.0
2026-02-26 22:00:00,18.3,39.1,0.0,3.6,200.0
2026-02-26 23:00:00,16.7,48.3,0.0,3.0,205.0
2026-02-27 00:00:00,14.7,53.1,0.0,4.0,236.0
2026-02-27 01:00:00,14.9,54.4,0.0,2.6,215.0
2026-02-27 02:00:00,15.6,54.7,0.0,3.5,220.0
2026-02-27 03:00:00,13.8,48.8,0.0,2.1,207.0
2026-02-27 04:00:00,13.7,52.4,0.0,2.5,185.0
2026-02-27 05:00:00,13.9,50.5,0.0,2.0,248.0
2026-02-27 06:00:00,18.2,45.1,0.0,3.5,244.0
2026-02-27 07:00:00,18.8,40.3,225.2,1.3,242.0
2026-02-27 08:00:00,16.9,42.6,382.5,2.1,221.0
2026-02-27 09:00:00,19.9,35.8,568.8,2.2,233.0
2026-02-27 10:00:00,19.9,35.0,667.2,2.7,201.0
2026-02-27 11:00:00,20.8,27.9,806.3,3.6,283.0
2026-02-27 12:00:00,23.3,26.4,803.6,2.9,258.0
2026-02-27 13:00:00,25.2,18.4,784.0,4.2,266.0
2026-02-27 14:00:00,24.4,26.5,728.3,7.8,228.0
2026-02-27 15:00:00,25.7,24.3,562.2,3.7,242.0
2026-02-27 16:00:00,25.0,22.0,417.3,4.0,233.0
2026-02-27 17:00:00,23.6,24.3,221.7,3.8,300.0
2026-02-27 18:00:00,22.9,18.7,1.4,4.0,206.0
2026-02-27 19:00:00,20.0,36.3,0.0,4.2,251.0
2026-02-27 20:00:00,21.0,36.0,0.0,6.8,217.0
2026-02-27 21:00:00,19.4,37.3,0.0,3.4,258.0
2026-02-27 22:00:00,17.5,40.8,0.0,3.2,188.0
2026-02-27 23:00:00,14.8,52.2,0.0,3.9,238.0
2026-02-28 00:00:00,14.2,46.7,0.0,3.1,183.0
2026-02-28 01:00:00,14.1,51.0,0.0,3.3,244.0
2026-02-28 02:00:00,13.2,49.0,0.0,2.1,262.0
2026-02-28 03:00:00,14.2,52.5,0.0,1.7,211.0
2026-02-28 04:00:00,13.5,50.6,0.0,2.7,232.0
2026-02-28 05:00:00,13.4,51.7,0.0,3.5,238.0
2026-02-28 06:00:00,17.0,44.6,0.0,1.3,212.0
2026-02-28 07:00:00,14.0,43.4,212.7,2.1,208.0
2026-02-28 08:00:00,17.2,38.6,422.6,1.6,184.0
2026-02-28 09:00:00,17.4,37.9,577.7,3.8,254.0
2026-02-28 10:00:00,22.5,34.7,684.1,3.9,239.0
2026-02-28 11:00:00,21.2,31.7,791.7,2.9,237.0
2026-02-28 12:00:00,25.3,21.1,795.6,3.7,248.0
2026-02-28 13:00:00,24.6,19.8,772.0,4.7,203.0
2026-02-28 14:00:00,25.1,19.9,721.2,4.4,192.0
2026-02-28 15:00:00,25.5,21.7,544.7,3.9,227.0
2026-02-28 16:00:00,26.4,25.8,377.3,5.2,213.0
2026-02-28 17:00:00,25.9,23.4,224.0,5.3,210.0
2026-02-28 18:00:00,23.9,28.4,38.0,4.6,175.0
2026-02-28 19:00:00,23.9,36.5,0.0,4.9,233.0
2026-02-28 20:00:00,20.7,32.4,0.0,4.1,277.0
2026-02-28 21:00:00,20.7,40.8,0.0,4.6,230.0
2026-02-28 22:00:00,16.7,42.8,0.0,4.0,206.0
2026-02-28 23:00:00,17.4,46.2,0.0,3.4,302.0
2026-03-01 00:00:00,16.6,50.7,0.0,4.2,308.0
2026-03-01 01:00:00,15.2,44.3,0.0,2.3,234.0
2026-03-01 02:00:00,14.8,51.2,0.0,3.2,240.0
2026-03-01 03:00:00,14.6,56.7,0.0,1.9,214.0
2026-03-01 04:00:00,14.5,55.6,0.0,2.6,256.0
2026-03-01 05:00:00,15.2,49.7,0.0,2.0,202.0
2026-03-01 06:00:00,16.1,53.5,10.3,2.5,214.0
2026-03-01 07:00:00,14.9,46.0,209.6,2.7,228.0
2026-03-01 08:00:00,20.2,43.3,402.0,1.6,251.0
2026-03-01 09:00:00,18.4,37.3,589.0,1.8,245.0
2026-03-01 10:00:00,19.8,31.7,694.2,2.6,196.0
2026-03-01 11:00:00,23.0,30.8,781.5,3.3,236.0
2026-03-01 12:00:00,23.3,28.0,799.9,4.3,234.0
2026-03-01 13:00:00,26.4,29.6,791.4,4.6,212.0
2026-03-01 14:00:00,25.6,21.8,706.8,5.1,234.0
2026-03-01 15:00:00,24.9,17.9,555.8,3.8,215.0
2026-03-01 16:00:00,25.0,25.3,409.2,6.1,202.0
2026-03-01 17:00:00,22.3,25.2,228.5,5.2,246.0
2026-03-01 18:00:00,23.7,25.0,16.3,5.3,246.0
2026-03-01 19:00:00,23.9,24.8,0.0,4.2,250.0
2026-03-01 20:00:00,21.1,27.4,0.0,4.5,231.0
2026-03-01 21:00:00,19.6,41.0,0.0,3.5,227.0
2026-03-01 22:00:00,16.8,45.0,0.0,4.9,256.0
2026-03-01 23:00:00,13.7,45.4,0.0,5.1,256.0
2026-03-02 00:00:00,14.5,46.3,0.0,2.6,198.0
2026-03-02 01:00:00,14.0,52.5,0.0,3.2,240.0
2026-03-02 02:00:00,14.5,54.0,0.0,2.8,196.0
2026-03-02 03:00:00,12.5,51.6,0.0,1.8,243.0
2026-03-02 04:00:00,14.5,52.0,0.0,2.3,208.0
2026-03-02 05:00:00,15.0,49.0,0.0,3.6,223.0
2026-03-02 06:00:00,15.1,49.3,0.0,1.7,311.0
2026-03-02 07:00:00,16.7,43.6,217.1,2.9,182.0
2026-03-02 08:00:00,18.9,39.2,447.8,2.0,283.0
2026-03-02 09:00:00,19.1,44.1,567.1,1.9,208.0
2026-03-02 10:00:00,20.6,33.0,678.7,1.9,218.0
2026-03-02 11:00:00,22.1,31.7,756.1,3.6,187.0
2026-03-02 12:00:00,24.2,24.7,822.9,2.5,219.0
2026-03-02 13:00:00,25.9,22.9,784.2,2.9,219.0
2026-03-02 14:00:00,24.3,22.3,712.0,4.2,187.0
2026-03-02 15:00:00,26.1,24.2,572.4,5.2,289.0
2026-03-02 16:00:00,26.0,19.7,364.3,4.7,246.0
2026-03-02 17:00:00,25.5,24.3,223.0,3.8,226.0
2026-03-02 18:00:00,27.1,33.5,0.0,3.8,250.0
2026-03-02 19:00:00,20.5,26.4,0.0,5.0,250.0
2026-03-02 20:00:00,21.7,36.0,0.0,4.7,290.0
2026-03-02 21:00:00,20.2,28.0,0.0,3.4,212.0
2026-03-02 22:00:00,19.2,38.1,0.0,4.2,214.0
2026-03-02 23:00:00,18.4,41.7,0.0,2.8,243.0
2026-03-03 00:00:00,15.9,43.9,0.0,3.1,189.0
2026-03-03 01:00:00,14.7,54.4,0.0,2.8,249.0
2026-03-03 02:00:00,14.8,54.7,0.0,5.0,186.0
2026-03-03 03:00:00,12.8,44.6,0.0,5.8,227.0
2026-03-03 04:00:00,15.0,52.5,0.0,3.4,251.0
2026-03-03 05:00:00,15.9,51.1,0.0,2.6,257.0
2026-03-03 06:00:00,16.1,50.9,31.2,2.1,238.0
2026-03-03 07:00:00,18.3,40.1,212.5,1.5,291.0
2026-03-03 08:00:00,18.3,37.6,421.6,2.0,219.0
2026-03-03 09:00:00,19.1,38.3,598.3,2.6,241.0
2026-03-03 10:00:00,21.3,28.8,782.3,2.6,269.0
2026-03-03 11:00:00,24.5,26.9,800.6,3.6,273.0
2026-03-03 12:00:00,23.3,23.7,839.4,2.7,265.0
2026-03-03 13:00:00,26.3,25.3,743.0,3.0,167.0
2026-03-03 14:00:00,26.7,20.4,699.8,3.3,288.0
2026-03-03 15:00:00,26.6,22.2,557.6,3.6,271.0
2026-03-03 16:00:00,26.3,23.6,405.5,4.2,228.0
2026-03-03 17:00:00,25.1,24.6,209.3,4.0,179.0
2026-03-03 18:00:00,22.0,28.3,0.0,4.7,199.0
2026-03-03 19:00:00,22.1,28.9,0.0,3.8,259.0
2026-03-03 20:00:00,21.0,35.6,0.0,3.6,255.0
2026-03-03 21:00:00,19.4,33.8,0.0,4.8,188.0
2026-03-03 22:00:00,18.9,41.7,0.0,5.2,246.0
2026-03-03 23:00:00,16.5,38.7,0.0,3.2,236.0
2026-03-04 00:00:00,16.8,53.3,0.0,2.8,168.0
2026-03-04 01:00:00,15.1,56.5,0.0,2.8,232.0
2026-03-04 02:00:00,13.3,53.7,0.0,2.5,197.0
2026-03-04 03:00:00,14.0,52.5,0.0,2.3,236.0
2026-03-04 04:00:00,13.3,53.2,0.0,3.0,262.0
2026-03-04 05:00:00,13.0,49.2,0.0,5.2,246.0
2026-03-04 06:00:00,14.6,47.9,0.0,1.4,246.0
2026-03-04 07:00:00,18.5,39.8,208.8,2.4,226.0
2026-03-04 08:00:00,19.0,40.4,416.4,1.9,200.0
2026-03-04 09:00:00,21.7,35.3,537.6,6.3,249.0
2026-03-04 10:00:00,21.1,35.2,720.3,2.6,211.0
2026-03-04 11:00:00,23.0,33.0,788.1,2.6,218.0
2026-03-04 12:00:00,22.5,28.3,823.0,2.6,206.0
2026-03-04 13:00:00,26.1,27.8,798.3,3.4,270.0
2026-03-04 14:00:00,25.2,20.2,714.0,3.4,256.0
2026-03-04 15:00:00,27.9,22.2,597.7,4.3,217.0
2026-03-04 16:00:00,25.5,25.7,428.0,3.6,158.0
2026-03-04 17:00:00,26.2,23.0,227.3,8.1,209.0
2026-03-04 18:00:00,23.0,28.5,21.6,4.6,196.0
2026-03-04 19:00:00,23.8,25.1,0.0,5.2,218.0
2026-03-04 20:00:00,21.8,38.6,0.0,4.6,243.0
2026-03-04 21:00:00,21.9,39.6,0.0,5.3,217.0
2026-03-04 22:00:00,19.6,45.1,0.0,3.1,248.0
2026-03-04 23:00:00,17.1,42.6,0.0,4.1,231.0
2026-03-05 00:00:00,17.3,51.5,0.0,2.6,190.0
2026-03-05 01:00:00,13.8,52.2,0.0,2.6,274.0
2026-03-05 02:00:00,13.5,51.1,0.0,2.2,270.0
2026-03-05 03:00:00,12.8,53.3,0.0,2.6,229.0
2026-03-05 04:00:00,13.3,55.1,0.0,4.0,202.0
2026-03-05 05:00:00,16.1,52.8,0.0,1.9,216.0
2026-03-05 06:00:00,15.4,45.9,0.0,2.3,208.0
2026-03-05 07:00:00,17.7,45.6,183.3,1.7,236.0
2026-03-05 08:00:00,18.9,48.4,427.6,1.6,224.0
2026-03-05 09:00:00,21.1,37.5,570.6,2.7,253.0
2026-03-05 10:00:00,21.7,31.1,721.7,1.9,262.0
2026-03-05 11:00:00,24.2,25.2,809.6,2.6,261.0
2026-03-05 12:00:00,23.9,24.7,795.8,5.5,247.0
2026-03-05 13:00:00,23.2,21.6,805.0,3.0,241.0
2026-03-05 14:00:00,24.5,27.2,676.2,3.6,257.0
2026-03-05 15:00:00,26.2,17.4,564.2,5.9,263.0
2026-03-05 16:00:00,26.5,22.4,448.3,3.7,255.0
2026-03-05 17:00:00,24.3,17.0,227.1,6.2,209.0
2026-03-05 18:00:00,25.7,26.6,22.9,4.1,289.0
2026-03-05 19:00:00,23.1,32.2,0.0,4.7,235.0
2026-03-05 20:00:00,20.4,30.9,0.0,4.8,265.0
2026-03-05 21:00:00,20.7,38.7,0.0,3.4,254.0
2026-03-05 22:00:00,16.9,39.3,0.0,4.9,184.0
2026-03-05 23:00:00,15.7,46.8,0.0,3.3,219.0
2026-03-06 00:00:00,16.1,48.4,0.0,2.7,264.0
2026-03-06 01:00:00,17.1,47.3,0.0,5.1,201.0
2026-03-06 02:00:00,15.1,58.0,0.0,2.6,191.0
2026-03-06 03:00:00,13.4,55.0,0.0,1.7,157.0
2026-03-06 04:00:00,14.6,52.3,0.0,4.3,205.0
2026-03-06 05:00:00,15.8,49.4,0.0,1.4,239.0
2026-03-06 06:00:00,18.1,41.4,0.0,2.5,306.0
2026-03-06 07:00:00,17.3,44.8,221.4,1.6,227.0
2026-03-06 08:00:00,20.1,44.7,411.0,2.1,237.0
2026-03-06 09:00:00,19.6,37.1,601.5,2.9,219.0
2026-03-06 10:00:00,21.3,37.1,726.8,2.3,268.0
2026-03-06 11:00:00,24.0,26.2,762.2,3.0,220.0
2026-03-06 12:00:00,24.4,29.4,844.1,3.0,204.0
2026-03-06 13:00:00,24.2,25.2,791.8,3.1,233.0
2026-03-06 14:00:00,25.1,20.5,689.2,4.1,252.0
2026-03-06 15:00:00,27.4,21.6,545.2,4.3,251.0
2026-03-06 16:00:00,24.5,29.3,375.2,4.5,234.0
2026-03-06 17:00:00,24.5,27.0,218.7,4.6,225.0
2026-03-06 18:00:00,25.0,30.3,16.0,4.6,170.0
2026-03-06 19:00:00,22.5,28.5,0.0,3.9,243.0
2026-03-06 20:00:00,20.1,33.5,0.0,3.9,197.0
2026-03-06 21:00:00,22.7,42.2,0.0,3.5,249.0
2026-03-06 22:00:00,21.2,40.7,0.0,4.1,311.0
2026-03-06 23:00:00,15.9,45.8,0.0,5.0,236.0
2026-03-07 00:00:00,14.9,41.9,0.0,3.5,236.0
2026-03-07 01:00:00,16.2,53.7,0.0,3.0,309.0
2026-03-07 02:00:00,15.2,51.9,0.0,3.7,247.0
2026-03-07 03:00:00,14.7,47.7,0.0,1.9,227.0
2026-03-07 04:00:00,14.6,55.0,0.0,1.6,264.0
2026-03-07 05:00:00,15.4,48.8,0.0,2.8,178.0
2026-03-07 06:00:00,16.2,43.8,0.0,2.3,204.0
2026-03-07 07:00:00,16.9,43.8,207.3,1.4,211.0
2026-03-07 08:00:00,19.7,39.5,445.6,1.7,227.0
2026-03-07 09:00:00,19.9,39.8,586.5,2.1,261.0
2026-03-07 10:00:00,24.5,30.0,715.0,4.0,215.0
2026-03-07 11:00:00,23.3,20.3,814.3,2.5,269.0
2026-03-07 12:00:00,25.4,26.4,801.1,3.2,231.0
2026-03-07 13:00:00,26.7,22.9,795.9,2.9,228.0
2026-03-07 14:00:00,27.5,26.5,722.2,4.0,228.0
2026-03-07 15:00:00,26.5,26.4,551.6,6.7,191.0
2026-03-07 16:00:00,24.8,21.7,403.9,3.7,243.0
2026-03-07 17:00:00,29.3,18.7,217.8,4.0,275.0
2026-03-07 18:00:00,27.1,25.4,0.0,4.2,199.0
2026-03-07 19:00:00,25.2,29.3,0.0,3.9,243.0
2026-03-07 20:00:00,20.0,27.3,0.0,3.7,199.0
2026-03-07 21:00:00,21.1,33.1,0.0,5.1,248.0
2026-03-07 22:00:00,19.2,45.7,0.0,4.3,256.0
2026-03-07 23:00:00,15.1,45.8,0.0,2.9,200.0
2026-03-08 00:00:00,16.0,49.9,0.0,2.5,164.0
2026-03-08 01:00:00,15.9,46.1,0.0,2.4,200.0
2026-03-08 02:00:00,15.7,48.8,0.0,4.3,253.0
2026-03-08 03:00:00,13.4,45.9,0.0,5.7,209.0
2026-03-08 04:00:00,13.5,52.7,0.0,2.3,196.0
2026-03-08 05:00:00,14.7,45.3,0.0,2.0,209.0
2026-03-08 06:00:00,16.9,46.5,8.7,3.0,241.0
2026-03-08 07:00:00,15.2,46.1,199.6,2.6,156.0
2026-03-08 08:00:00,19.9,40.6,441.2,2.5,245.0
2026-03-08 09:00:00,21.8,35.9,583.6,4.7,227.0
2026-03-08 10:00:00,22.5,33.3,739.5,2.5,184.0
2026-03-08 11:00:00,22.8,29.9,769.3,3.1,178.0
2026-03-08 12:00:00,25.1,25.9,828.1,2.6,233.0
2026-03-08 13:00:00,24.2,18.0,770.5,7.6,235.0
2026-03-08 14:00:00,25.4,21.8,713.7,4.4,281.0
2026-03-08 15:00:00,27.6,29.2,596.5,3.6,222.0
2026-03-08 16:00:00,26.6,19.9,436.1,4.1,266.0
2026-03-08 17:00:00,25.3,24.9,236.8,3.9,225.0
2026-03-08 18:00:00,24.3,25.1,33.8,4.4,252.0
2026-03-08 19:00:00,24.1,21.6,0.0,4.3,246.0
2026-03-08 20:00:00,23.1,26.4,0.0,3.7,208.0
2026-03-08 21:00:00,19.0,41.6,0.0,3.4,213.0
2026-03-08 22:00:00,18.8,35.5,0.0,3.9,202.0
2026-03-08 23:00:00,15.5,43.8,0.0,3.8,244.0
2026-03-09 00:00:00,17.7,52.0,0.0,2.5,216.0
2026-03-09 01:00:00,16.1,46.4,0.0,2.2,229.0
2026-03-09 02:00:00,14.6,53.5,0.0,2.0,243.0
2026-03-09 03:00:00,13.9,52.9,0.0,3.3,238.0
2026-03-09 04:00:00,16.1,52.6,0.0,4.2,185.0
2026-03-09 05:00:00,15.4,48.5,0.0,1.8,199.0
2026-03-09 06:00:00,15.1,44.3,0.0,1.5,238.0
2026-03-09 07:00:00,17.2,50.4,220.7,1.5,234.0
2026-03-09 08:00:00,20.0,46.7,435.6,4.6,252.0
2026-03-09 09:00:00,18.9,35.5,601.5,5.3,260.0
2026-03-09 10:00:00,20.2,32.6,697.6,2.0,248.0
2026-03-09 11:00:00,21.6,30.7,813.7,3.0,244.0
2026-03-09 12:00:00,23.4,29.7,812.1,3.3,249.0
2026-03-09 13:00:00,26.5,24.3,813.0,4.7,260.0
2026-03-09 14:00:00,26.1,19.5,697.5,3.2,176.0
2026-03-09 15:00:00,27.9,20.9,606.3,4.0,222.0
2026-03-09 16:00:00,26.5,16.8,427.0,3.7,282.0
2026-03-09 17:00:00,26.0,27.4,228.0,4.1,252.0
2026-03-09 18:00:00,23.6,25.7,0.0,4.3,206.0
2026-03-09 19:00:00,24.4,25.9,0.0,4.0,250.0
2026-03-09 20:00:00,22.1,35.4,0.0,3.8,170.0
2026-03-09 21:00:00,20.8,31.6,0.0,3.7,224.0
2026-03-09 22:00:00,20.0,37.5,0.0,4.0,217.0
2026-03-09 23:00:00,17.3,45.2,0.0,2.8,214.0
2026-03-10 00:00:00,15.7,47.4,0.0,6.1,261.0
2026-03-10 01:00:00,17.8,55.2,0.0,3.7,255.0
2026-03-10 02:00:00,13.9,45.7,0.0,2.2,223.0
2026-03-10 03:00:00,17.6,48.9,0.0,2.8,222.0
2026-03-10 04:00:00,14.2,54.6,0.0,4.7,202.0
2026-03-10 05:00:00,16.4,46.2,0.0,1.5,225.0
2026-03-10 06:00:00,18.0,42.4,4.5,2.1,271.0
2026-03-10 07:00:00,18.6,45.5,185.9,1.9,243.0
2026-03-10 08:00:00,17.3,36.4,429.4,1.8,235.0
2026-03-10 09:00:00,20.7,40.8,570.8,4.5,247.0
2026-03-10 10:00:00,22.2,34.0,689.0,2.4,212.0
2026-03-10 11:00:00,23.1,29.8,828.1,2.2,283.0
2026-03-10 12:00:00,23.6,21.6,830.2,3.8,274.0
2026-03-10 13:00:00,26.3,22.1,806.6,6.2,241.0
2026-03-10 14:00:00,25.9,25.0,725.6,4.1,225.0
2026-03-10 15:00:00,25.5,23.7,588.7,3.7,260.0
2026-03-10 16:00:00,26.8,27.0,410.1,5.9,285.0
2026-03-10 17:00:00,27.5,25.8,238.8,3.8,207.0
2026-03-10 18:00:00,27.2,29.1,12.8,3.9,247.0
2026-03-10 19:00:00,25.7,28.5,0.0,4.8,244.0
2026-03-10 20:00:00,22.7,33.2,0.0,3.9,192.0
2026-03-10 21:00:00,20.8,33.3,0.0,4.4,208.0
2026-03-10 22:00:00,18.8,41.0,0.0,3.4,288.0
2026-03-10 23:00:00,16.3,43.4,0.0,3.1,242.0
2026-03-11 00:00:00,18.0,46.3,0.0,2.5,251.0
2026-03-11 01:00:00,14.6,48.6,0.0,3.1,227.0
2026-03-11 02:00:00,17.1,51.8,0.0,4.4,240.0
2026-03-11 03:00:00,16.4,51.7,0.0,1.7,214.0
2026-03-11 04:00:00,16.7,52.0,0.0,2.9,236.0
2026-03-11 05:00:00,14.9,46.1,0.0,2.4,238.0
2026-03-11 06:00:00,16.6,48.7,0.0,2.4,272.0
2026-03-11 07:00:00,20.7,43.9,193.2,1.5,233.0
2026-03-11 08:00:00,19.2,39.0,397.6,2.8,199.0
2026-03-11 09:00:00,20.1,43.1,614.7,2.7,250.0
2026-03-11 10:00:00,22.6,30.1,726.9,3.0,240.0
2026-03-11 11:00:00,25.1,22.7,775.7,3.8,232.0
2026-03-11 12:00:00,23.3,25.3,820.3,4.5,202.0
2026-03-11 13:00:00,27.6,22.1,773.5,3.8,242.0
2026-03-11 14:00:00,27.9,27.9,708.6,3.8,238.0
2026-03-11 15:00:00,27.1,19.3,543.1,3.7,254.0
2026-03-11 16:00:00,27.6,23.8,404.5,3.7,220.0
2026-03-11 17:00:00,24.7,25.4,250.8,4.4,188.0
2026-03-11 18:00:00,26.0,25.4,29.0,4.6,279.0
2026-03-11 19:00:00,23.1,27.3,0.0,3.7,248.0
2026-03-11 20:00:00,22.9,31.4,0.0,3.9,194.0
2026-03-11 21:00:00,22.0,33.8,0.0,4.2,241.0
2026-03-11 22:00:00,21.4,36.4,0.0,4.3,259.0
2026-03-11 23:00:00,18.3,40.6,0.0,4.0,226.0
2026-03-12 00:00:00,17.2,53.0,0.0,5.2,234.0
2026-03-12 01:00:00,16.1,52.2,0.0,4.5,269.0
2026-03-12 02:00:00,16.4,50.8,0.0,2.1,239.0
2026-03-12 03:00:00,16.1,50.6,0.0,4.5,223.0
2026-03-12 04:00:00,16.2,49.4,0.0,4.9,238.0
2026-03-12 05:00:00,13.1,49.4,0.0,1.7,218.0
2026-03-12 06:00:00,17.5,42.6,0.0,3.8,232.0
2026-03-12 07:00:00,19.0,39.7,240.2,1.6,245.0
2026-03-12 08:00:00,19.6,38.0,422.3,3.7,225.0
2026-03-12 09:00:00,20.5,31.7,583.6,1.9,226.0
2026-03-12 10:00:00,21.9,28.0,749.7,4.8,264.0
2026-03-12 11:00:00,22.3,28.1,793.9,3.9,267.0
2026-03-12 12:00:00,23.9,24.0,858.1,3.3,215.0
2026-03-12 13:00:00,27.1,25.0,805.4,4.6,238.0
2026-03-12 14:00:00,27.9,23.7,702.5,4.8,225.0
2026-03-12 15:00:00,28.0,21.6,587.8,4.7,223.0
2026-03-12 16:00:00,26.9,25.9,417.6,4.0,229.0
2026-03-12 17:00:00,29.0,25.3,212.0,5.4,303.0
2026-03-12 18:00:00,23.0,23.9,7.3,3.8,197.0
2026-03-12 19:00:00,23.7,27.9,0.0,4.5,293.0
2026-03-12 20:00:00,22.2,31.0,0.0,4.4,211.0
2026-03-12 21:00:00,19.4,36.3,0.0,3.6,237.0
2026-03-12 22:00:00,20.1,38.7,0.0,3.7,274.0
2026-03-12 23:00:00,18.0,45.5,0.0,3.7,235.0
2026-03-13 00:00:00,20.3,49.2,0.0,3.1,233.0
2026-03-13 01:00:00,17.1,51.1,0.0,2.2,231.0
2026-03-13 02:00:00,13.8,52.4,0.0,3.5,283.0
2026-03-13 03:00:00,14.2,50.9,0.0,3.1,221.0
2026-03-13 04:00:00,14.4,50.4,0.0,3.3,257.0
2026-03-13 05:00:00,17.5,45.0,0.0,1.8,238.0
2026-03-13 06:00:00,16.9,44.6,0.0,2.9,270.0
2026-03-13 07:00:00,17.6,47.3,193.5,2.0,253.0
2026-03-13 08:00:00,19.7,38.7,402.2,2.9,253.0
2026-03-13 09:00:00,22.2,33.6,604.7,2.2,240.0
2026-03-13 10:00:00,22.6,34.2,696.3,1.9,228.0
2026-03-13 11:00:00,21.6,27.0,815.0,3.0,282.0
2026-03-13 12:00:00,25.8,29.8,808.3,2.5,255.0
2026-03-13 13:00:00,24.6,26.4,814.7,7.6,185.0
2026-03-13 14:00:00,25.9,23.0,682.1,4.2,221.0
2026-03-13 15:00:00,25.1,25.6,601.2,3.5,230.0
2026-03-13 16:00:00,27.6,18.8,404.4,4.2,211.0
2026-03-13 17:00:00,25.7,22.7,222.1,5.4,248.0
2026-03-13 18:00:00,26.2,23.8,2.8,5.3,275.0
2026-03-13 19:00:00,24.7,24.9,0.0,4.4,264.0
2026-03-13 20:00:00,21.6,32.4,0.0,5.5,164.0
2026-03-13 21:00:00,20.9,36.4,0.0,3.4,232.0
2026-03-13 22:00:00,19.2,45.3,0.0,3.2,242.0
2026-03-13 23:00:00,18.3,47.5,0.0,6.6,251.0
2026-03-14 00:00:00,18.6,49.2,0.0,3.3,208.0
2026-03-14 01:00:00,15.7,47.9,0.0,3.6,206.0
2026-03-14 02:00:00,12.5,53.3,0.0,2.9,207.0
2026-03-14 03:00:00,13.7,47.0,0.0,2.0,252.0
2026-03-14 04:00:00,17.6,46.8,0.0,2.9,260.0
2026-03-14 05:00:00,16.3,49.2,0.0,1.4,240.0
2026-03-14 06:00:00,14.8,47.3,0.0,1.9,241.0
2026-03-14 07:00:00,18.2,39.7,222.5,1.9,245.0
2026-03-14 08:00:00,21.1,39.0,389.3,3.7,288.0
2026-03-14 09:00:00,21.2,30.7,599.5,1.9,256.0
2026-03-14 10:00:00,22.6,28.3,738.0,2.3,237.0
2026-03-14 11:00:00,25.1,24.8,814.6,2.6,214.0
2026-03-14 12:00:00,26.7,26.4,789.2,2.6,223.0
2026-03-14 13:00:00,25.6,23.0,827.3,3.1,243.0
2026-03-14 14:00:00,27.8,24.3,704.1,5.9,255.0
2026-03-14 15:00:00,26.2,18.5,589.8,3.7,250.0
2026-03-14 16:00:00,26.9,18.6,396.0,4.6,224.0
2026-03-14 17:00:00,26.9,26.2,224.6,4.5,215.0
2026-03-14 18:00:00,24.5,28.8,0.0,9.1,264.0
2026-03-14 19:00:00,24.5,24.3,0.0,5.0,199.0
2026-03-14 20:00:00,23.5,32.7,0.0,3.7,269.0
2026-03-14 21:00:00,22.3,33.2,0.0,4.1,204.0
2026-03-14 22:00:00,20.2,36.0,0.0,5.3,219.0
2026-03-14 23:00:00,18.3,45.8,0.0,4.4,194.0
2026-03-15 00:00:00,16.7,49.9,0.0,8.7,193.0
2026-03-15 01:00:00,15.8,47.8,0.0,2.3,253.0
2026-03-15 02:00:00,16.9,55.5,0.0,2.8,232.0
2026-03-15 03:00:00,16.6,47.9,0.0,2.1,292.0
2026-03-15 04:00:00,15.7,50.4,0.0,1.9,257.0
2026-03-15 05:00:00,16.9,51.0,0.0,1.4,235.0
2026-03-15 06:00:00,18.0,46.6,4.7,2.0,232.0
2026-03-15 07:00:00,16.2,42.8,231.0,3.1,223.0
2026-03-15 08:00:00,20.7,39.7,425.1,2.2,217.0
2026-03-15 09:00:00,22.9,39.4,582.3,3.7,186.0
2026-03-15 10:00:00,22.7,28.6,734.5,4.7,206.0
2026-03-15 11:00:00,25.4,27.4,792.7,2.6,244.0
2026-03-15 12:00:00,27.6,30.0,819.7,3.0,250.0
2026-03-15 13:00:00,28.0,22.0,779.5,2.9,199.0
2026-03-15 14:00:00,26.8,23.0,748.1,5.3,239.0
2026-03-15 15:00:00,27.3,19.8,615.2,4.6,159.0
2026-03-15 16:00:00,28.6,22.0,371.5,3.9,225.0
2026-03-15 17:00:00,28.3,23.8,246.2,4.5,240.0
2026-03-15 18:00:00,25.3,24.1,0.0,4.8,261.0
2026-03-15 19:00:00,23.2,30.8,0.0,4.2,184.0
2026-03-15 20:00:00,23.2,33.1,0.0,4.0,225.0
2026-03-15 21:00:00,21.7,35.8,0.0,3.8,210.0
2026-03-15 22:00:00,18.9,39.2,0.0,4.6,241.0
2026-03-15 23:00:00,16.8,47.4,0.0,4.8,250.0
2026-03-16 00:00:00,18.4,47.6,0.0,3.1,265.0
2026-03-16 01:00:00,17.4,45.6,0.0,3.3,261.0
2026-03-16 02:00:00,17.8,52.8,0.0,3.1,227.0
2026-03-16 03:00:00,16.2,51.6,0.0,1.9,226.0
2026-03-16 04:00:00,13.7,55.5,0.0,2.8,274.0
2026-03-16 05:00:00,15.9,43.5,0.0,1.5,248.0
2026-03-16 06:00:00,16.3,46.4,0.0,2.0,311.0
2026-03-16 07:00:00,20.6,45.5,225.5,1.5,246.0
2026-03-16 08:00:00,20.8,44.9,457.7,3.4,300.0
2026-03-16 09:00:00,22.7,35.4,570.9,3.8,263.0
2026-03-16 10:00:00,21.3,32.9,743.7,4.7,305.0
2026-03-16 11:00:00,23.9,28.4,807.6,5.0,288.0
2026-03-16 12:00:00,25.1,28.0,868.4,3.9,266.0
2026-03-16 13:00:00,28.6,23.0,793.1,4.9,199.0
2026-03-16 14:00:00,26.0,20.5,726.4,3.2,230.0
2026-03-16 15:00:00,29.0,16.5,571.8,4.6,231.0
2026-03-16 16:00:00,27.8,19.1,411.9,4.4,248.0
2026-03-16 17:00:00,27.8,21.8,219.4,4.4,258.0
2026-03-16 18:00:00,25.3,22.8,22.9,5.4,252.0
2026-03-16 19:00:00,22.7,25.8,0.0,4.9,325.0
2026-03-16 20:00:00,21.3,31.7,0.0,4.7,266.0
2026-03-16 21:00:00,22.6,31.9,0.0,4.1,259.0
2026-03-16 22:00:00,19.8,41.6,0.0,5.7,215.0
2026-03-16 23:00:00,20.4,43.3,0.0,3.1,241.0
2026-03-17 00:00:00,16.5,42.3,0.0,3.0,228.0
2026-03-17 01:00:00,14.5,44.1,0.0,4.0,182.0
2026-03-17 02:00:00,16.2,49.6,0.0,3.8,311.0
2026-03-17 03:00:00,17.1,53.3,0.0,1.7,219.0
2026-03-17 04:00:00,16.7,44.9,0.0,1.9,275.0
2026-03-17 05:00:00,18.4,49.5,0.0,1.6,220.0
2026-03-17 06:00:00,16.2,46.4,1.2,5.1,168.0
2026-03-17 07:00:00,19.4,45.5,226.7,2.0,251.0
2026-03-17 08:00:00,20.4,40.4,426.9,2.3,229.0
2026-03-17 09:00:00,19.8,36.5,573.3,2.1,210.0
2026-03-17 10:00:00,23.0,35.6,706.8,2.2,252.0
2026-03-17 11:00:00,25.7,25.7,851.2,2.4,275.0
2026-03-17 12:00:00,26.6,22.1,827.8,4.5,263.0
2026-03-17 13:00:00,28.0,24.5,818.8,3.0,233.0
2026-03-17 14:00:00,27.9,22.7,717.1,4.4,261.0
2026-03-17 15:00:00,27.7,20.5,595.3,3.4,214.0
2026-03-17 16:00:00,27.8,22.0,400.8,3.9,231.0
2026-03-17 17:00:00,26.7,24.5,213.2,3.8,243.0
2026-03-17 18:00:00,25.9,22.5,43.1,3.7,205.0
2026-03-17 19:00:00,24.2,33.8,0.0,3.8,211.0
2026-03-17 20:00:00,23.1,33.9,0.0,3.6,249.0
2026-03-17 21:00:00,21.8,33.4,0.0,3.8,240.0
2026-03-17 22:00:00,21.3,41.4,0.0,3.7,224.0
2026-03-17 23:00:00,20.2,43.0,0.0,3.1,266.0
2026-03-18 00:00:00,17.4,40.9,0.0,4.0,268.0
2026-03-18 01:00:00,18.2,40.3,0.0,2.3,308.0
2026-03-18 02:00:00,16.4,50.4,0.0,2.7,261.0
2026-03-18 03:00:00,14.7,52.9,0.0,3.8,208.0
2026-03-18 04:00:00,16.4,50.3,0.0,3.6,246.0
2026-03-18 05:00:00,16.0,46.1,0.0,1.7,240.0
2026-03-18 06:00:00,18.9,43.4,23.1,1.5,243.0
2026-03-18 07:00:00,20.8,45.4,213.4,1.5,257.0
2026-03-18 08:00:00,21.1,38.3,417.0,2.2,272.0
2026-03-18 09:00:00,22.8,32.4,636.8,3.0,267.0
2026-03-18 10:00:00,24.2,32.2,730.7,2.4,252.0
2026-03-18 11:00:00,24.4,28.8,810.3,2.3,209.0
2026-03-18 12:00:00,25.5,27.1,842.7,2.7,249.0
2026-03-18 13:00:00,28.0,25.3,827.7,3.0,259.0
2026-03-18 14:00:00,27.8,24.5,761.8,5.0,259.0
2026-03-18 15:00:00,28.8,22.7,585.9,3.5,234.0
2026-03-18 16:00:00,28.0,22.2,445.5,8.3,223.0
2026-03-18 17:00:00,28.2,21.6,241.2,5.3,222.0
2026-03-18 18:00:00,26.7,18.3,0.0,5.5,219.0
2026-03-18 19:00:00,24.9,25.2,0.0,6.3,258.0
2026-03-18 20:00:00,24.3,33.5,0.0,3.7,225.0
2026-03-18 21:00:00,21.3,32.8,0.0,4.7,250.0
2026-03-18 22:00:00,18.8,38.5,0.0,5.4,247.0
2026-03-18 23:00:00,19.5,40.5,0.0,3.0,228.0
2026-03-19 00:00:00,19.4,42.2,0.0,5.5,208.0
2026-03-19 01:00:00,17.5,51.1,0.0,2.3,259.0
2026-03-19 02:00:00,17.9,52.7,0.0,3.5,207.0
2026-03-19 03:00:00,15.8,48.6,0.0,2.0,257.0
2026-03-19 04:00:00,17.6,53.0,0.0,3.4,235.0
2026-03-19 05:00:00,16.6,46.9,0.0,1.8,270.0
2026-03-19 06:00:00,17.5,47.2,10.0,2.0,256.0
2026-03-19 07:00:00,19.5,40.6,240.4,2.5,183.0
2026-03-19 08:00:00,21.8,39.9,429.5,3.2,268.0
2026-03-19 09:00:00,22.3,33.7,582.5,2.5,248.0
2026-03-19 10:00:00,22.7,30.1,705.4,2.5,252.0
2026-03-19 11:00:00,24.9,23.7,810.0,6.2,250.0
2026-03-19 12:00:00,29.6,22.8,888.6,5.0,274.0
2026-03-19 13:00:00,27.9,21.1,783.6,3.8,277.0
2026-03-19 14:00:00,29.0,23.7,719.4,3.7,258.0
2026-03-19 15:00:00,27.7,19.4,553.6,4.1,161.0
2026-03-19 16:00:00,27.0,22.9,430.4,4.4,236.0
2026-03-19 17:00:00,26.9,21.8,209.3,3.8,231.0
2026-03-19 18:00:00,27.4,23.9,0.0,4.0,209.0
2026-03-19 19:00:00,25.7,30.8,0.0,4.0,248.0
2026-03-19 20:00:00,22.8,31.9,0.0,4.1,235.0
2026-03-19 21:00:00,22.1,37.7,0.0,3.4,245.0
2026-03-19 22:00:00,21.1,44.2,0.0,4.3,273.0
2026-03-19 23:00:00,18.1,38.6,0.0,3.8,250.0
2026-03-20 00:00:00,17.4,48.0,0.0,2.9,241.0
2026-03-20 01:00:00,16.3,49.4,0.0,3.9,226.0
2026-03-20 02:00:00,16.9,56.0,0.0,3.8,231.0
2026-03-20 03:00:00,15.7,52.0,0.0,4.9,237.0
2026-03-20 04:00:00,16.1,48.2,0.0,2.2,237.0
2026-03-20 05:00:00,19.4,48.9,0.0,3.3,285.0
2026-03-20 06:00:00,17.2,45.0,0.0,2.8,300.0
2026-03-20 07:00:00,19.6,43.6,221.5,1.7,254.0
2026-03-20 08:00:00,20.4,36.1,407.9,1.6,278.0
2026-03-20 09:00:00,21.1,41.9,609.1,3.3,183.0
2026-03-20 10:00:00,22.2,32.8,738.8,2.7,241.0
2026-03-20 11:00:00,23.7,30.1,806.7,3.6,275.0
2026-03-20 12:00:00,26.9,25.6,890.3,3.1,254.0
2026-03-20 13:00:00,27.3,22.0,803.6,3.5,217.0
2026-03-20 14:00:00,30.3,21.8,744.4,5.1,272.0
2026-03-20 15:00:00,28.7,17.1,545.7,3.8,223.0
2026-03-20 16:00:00,28.5,22.2,457.5,3.7,286.0
2026-03-20 17:00:00,30.5,19.7,225.4,4.1,230.0
2026-03-20 18:00:00,24.5,25.4,0.0,3.9,248.0
2026-03-20 19:00:00,25.6,30.5,0.0,3.8,233.0
2026-03-20 20:00:00,23.2,30.8,0.0,3.6,245.0
2026-03-20 21:00:00,22.8,27.9,0.0,4.0,291.0
2026-03-20 22:00:00,20.7,36.6,0.0,4.8,174.0
2026-03-20 23:00:00,18.3,39.2,0.0,3.7,257.0
2026-03-21 00:00:00,18.0,47.6,0.0,3.5,240.0
2026-03-21 01:00:00,17.9,44.6,0.0,2.5,257.0
2026-03-21 02:00:00,16.0,46.6,0.0,2.1,242.0
2026-03-21 03:00:00,16.6,49.3,0.0,2.3,266.0
2026-03-21 04:00:00,15.4,49.1,0.0,1.6,131.0
2026-03-21 05:00:00,17.1,48.0,0.0,1.4,242.0
2026-03-21 06:00:00,19.3,39.9,0.0,1.4,292.0
2026-03-21 07:00:00,20.9,50.0,230.0,1.8,274.0
2026-03-21 08:00:00,23.6,35.8,411.4,2.7,250.0
2026-03-21 09:00:00,21.9,39.2,603.6,3.6,233.0
2026-03-21 10:00:00,21.7,26.6,706.7,2.1,231.0
2026-03-21 11:00:00,24.4,23.5,823.2,2.4,253.0
2026-03-21 12:00:00,27.7,29.5,827.5,2.6,220.0
2026-03-21 13:00:00,28.4,18.7,817.2,3.1,216.0
2026-03-21 14:00:00,30.2,23.6,731.6,5.9,266.0
2026-03-21 15:00:00,27.9,25.4,608.0,3.6,217.0
2026-03-21 16:00:00,28.9,21.8,389.2,3.7,207.0
2026-03-21 17:00:00,28.8,21.4,238.9,4.1,266.0
2026-03-21 18:00:00,28.2,22.7,17.5,4.2,287.0
2026-03-21 19:00:00,26.2,27.5,0.0,5.3,231.0
2026-03-21 20:00:00,24.1,33.6,0.0,4.2,249.0
2026-03-21 21:00:00,21.9,37.2,0.0,3.5,301.0
2026-03-21 22:00:00,21.7,36.7,0.0,4.0,235.0
2026-03-21 23:00:00,17.7,44.7,0.0,8.1,229.0
2026-03-22 00:00:00,19.4,49.5,0.0,3.7,215.0
2026-03-22 01:00:00,18.2,49.3,0.0,4.1,204.0
2026-03-22 02:00:00,16.7,49.3,0.0,3.0,209.0
2026-03-22 03:00:00,15.3,52.4,0.0,1.8,219.0
2026-03-22 04:00:00,14.9,45.7,0.0,1.6,278.0
2026-03-22 05:00:00,17.0,44.1,0.0,2.2,242.0
2026-03-22 06:00:00,18.9,43.5,25.8,3.4,225.0
2026-03-22 07:00:00,19.8,46.8,196.3,2.2,256.0
2026-03-22 08:00:00,20.0,40.1,429.4,3.0,294.0
2026-03-22 09:00:00,23.9,38.0,605.9,2.8,264.0
2026-03-22 10:00:00,24.8,32.8,734.9,2.3,238.0
2026-03-22 11:00:00,25.4,25.4,800.3,4.2,242.0
2026-03-22 12:00:00,27.8,28.7,884.1,3.9,249.0
2026-03-22 13:00:00,29.2,25.7,817.0,3.4,204.0
2026-03-22 14:00:00,30.7,18.5,762.4,3.1,219.0
2026-03-22 15:00:00,28.9,18.5,578.7,3.9,257.0
2026-03-22 16:00:00,28.5,22.1,432.2,5.8,228.0
2026-03-22 17:00:00,25.4,23.0,212.6,5.5,282.0
2026-03-22 18:00:00,24.9,21.6,0.0,3.9,243.0
2026-03-22 19:00:00,25.8,26.8,0.0,4.6,219.0
2026-03-22 20:00:00,25.8,34.1,0.0,3.6,251.0
2026-03-22 21:00:00,22.9,31.7,0.0,4.2,208.0
2026-03-22 22:00:00,19.8,44.3,0.0,3.4,230.0
2026-03-22 23:00:00,18.9,41.8,0.0,3.6,230.0
2026-03-23 00:00:00,19.4,43.0,0.0,5.4,213.0
2026-03-23 01:00:00,17.0,50.4,0.0,3.1,249.0
2026-03-23 02:00:00,19.0,51.8,0.0,2.0,219.0
2026-03-23 03:00:00,17.7,46.6,0.0,2.0,290.0
2026-03-23 04:00:00,17.8,47.3,0.0,1.8,221.0
2026-03-23 05:00:00,16.1,46.7,0.0,2.6,234.0
2026-03-23 06:00:00,18.7,52.7,6.4,2.1,239.0
2026-03-23 07:00:00,20.7,44.1,229.7,1.5,189.0
2026-03-23 08:00:00,20.6,41.9,454.1,3.5,208.0
2026-03-23 09:00:00,22.6,36.6,608.9,3.8,272.0
2026-03-23 10:00:00,23.3,34.0,743.4,2.2,227.0
2026-03-23 11:00:00,26.4,24.5,881.2,4.0,290.0
2026-03-23 12:00:00,25.9,22.6,846.6,2.6,289.0
2026-03-23 13:00:00,27.3,20.7,830.1,3.3,228.0
2026-03-23 14:00:00,29.5,19.5,709.4,3.2,208.0
2026-03-23 15:00:00,29.8,19.6,620.5,3.6,231.0
2026-03-23 16:00:00,27.5,24.7,433.0,5.0,213.0
2026-03-23 17:00:00,27.4,18.6,230.9,4.0,250.0
2026-03-23 18:00:00,26.6,18.5,0.0,4.8,189.0
2026-03-23 19:00:00,26.5,27.5,0.0,4.2,260.0
2026-03-23 20:00:00,24.3,25.0,0.0,4.5,198.0
2026-03-23 21:00:00,23.3,31.8,0.0,5.0,200.0
2026-03-23 22:00:00,19.9,40.0,0.0,4.1,232.0
2026-03-23 23:00:00,19.1,42.6,0.0,3.3,249.0
2026-03-24 00:00:00,20.6,43.2,0.0,4.3,276.0
2026-03-24 01:00:00,17.7,46.8,0.0,2.5,216.0
2026-03-24 02:00:00,17.9,53.3,0.0,2.0,279.0
2026-03-24 03:00:00,16.2,49.5,0.0,1.7,240.0
2026-03-24 04:00:00,17.4,55.6,0.0,2.1,258.0
2026-03-24 05:00:00,20.5,49.7,0.0,2.7,291.0
2026-03-24 06:00:00,17.6,44.9,0.6,2.1,221.0
2026-03-24 07:00:00,18.7,40.9,191.2,3.2,228.0
2026-03-24 08:00:00,18.9,40.1,446.6,3.2,200.0
2026-03-24 09:00:00,23.3,33.5,599.5,2.4,232.0
2026-03-24 10:00:00,27.2,33.3,745.5,3.8,237.0
2026-03-24 11:00:00,26.3,32.0,878.1,3.4,204.0
2026-03-24 12:00:00,28.6,24.3,850.0,3.3,246.0
2026-03-24 13:00:00,29.0,23.4,856.5,3.7,238.0
2026-03-24 14:00:00,28.3,28.3,728.1,5.6,261.0
2026-03-24 15:00:00,28.8,19.8,619.8,4.6,165.0
2026-03-24 16:00:00,30.1,22.6,437.8,4.2,213.0
2026-03-24 17:00:00,29.2,15.5,219.7,4.4,251.0
2026-03-24 18:00:00,26.5,24.0,0.0,3.9,213.0
2026-03-24 19:00:00,27.1,27.9,0.0,3.9,247.0
2026-03-24 20:00:00,26.0,31.9,0.0,4.3,227.0
2026-03-24 21:00:00,23.4,29.2,0.0,5.0,215.0
2026-03-24 22:00:00,21.6,39.3,0.0,5.4,223.0
2026-03-24 23:00:00,21.6,41.9,0.0,4.4,271.0
2026-03-25 00:00:00,21.2,44.7,0.0,4.8,248.0
2026-03-25 01:00:00,19.0,48.7,0.0,2.6,184.0
2026-03-25 02:00:00,17.4,46.8,0.0,2.4,213.0
2026-03-25 03:00:00,16.8,51.8,0.0,2.1,247.0
2026-03-25 04:00:00,15.4,53.1,0.0,1.6,240.0
2026-03-25 05:00:00,17.3,45.6,0.0,1.8,278.0
2026-03-25 06:00:00,20.8,40.5,6.5,1.4,254.0
2026-03-25 07:00:00,20.1,38.6,243.1,2.7,215.0
2026-03-25 08:00:00,21.8,38.8,443.1,2.5,249.0
2026-03-25 09:00:00,24.0,32.1,624.2,2.8,241.0
2026-03-25 10:00:00,24.5,27.9,762.6,2.2,228.0
2026-03-25 11:00:00,27.9,27.5,800.3,2.3,290.0
2026-03-25 12:00:00,28.0,26.1,886.9,2.9,250.0
2026-03-25 13:00:00,29.7,26.3,827.0,2.9,229.0
2026-03-25 14:00:00,29.1,15.5,728.2,5.0,242.0
2026-03-25 15:00:00,29.1,17.5,594.7,3.5,273.0
2026-03-25 16:00:00,29.2,19.9,433.3,3.8,238.0
2026-03-25 17:00:00,28.6,22.2,240.7,4.3,239.0
2026-03-25 18:00:00,26.8,16.6,0.0,5.5,239.0
2026-03-25 19:00:00,26.0,27.2,0.0,5.6,260.0
2026-03-25 20:00:00,26.6,26.7,0.0,4.2,248.0
2026-03-25 21:00:00,22.2,34.3,0.0,6.2,233.0
2026-03-25 22:00:00,23.1,39.4,0.0,4.0,252.0
2026-03-25 23:00:00,21.2,40.8,0.0,5.0,199.0
2026-03-26 00:00:00,20.3,45.4,0.0,2.8,265.0
2026-03-26 01:00:00,18.9,45.9,0.0,2.3,224.0
2026-03-26 02:00:00,18.9,51.5,0.0,4.3,235.0
2026-03-26 03:00:00,18.0,46.6,0.0,1.7,240.0
2026-03-26 04:00:00,16.4,48.0,0.0,1.6,244.0
2026-03-26 05:00:00,18.2,47.6,0.0,1.9,244.0
2026-03-26 06:00:00,19.4,45.3,13.0,2.2,252.0
2026-03-26 07:00:00,20.5,44.9,196.4,1.7,182.0
2026-03-26 08:00:00,21.0,42.7,418.6,1.7,219.0
2026-03-26 09:00:00,24.3,35.1,594.9,2.2,254.0
2026-03-26 10:00:00,25.6,32.2,699.5,2.8,232.0
2026-03-26 11:00:00,28.4,26.6,794.5,2.3,246.0
2026-03-26 12:00:00,26.2,28.5,856.3,2.5,256.0
2026-03-26 13:00:00,28.1,22.9,825.0,3.6,206.0
2026-03-26 14:00:00,27.3,15.8,716.6,4.3,213.0
2026-03-26 15:00:00,29.4,21.5,612.7,5.2,190.0
2026-03-26 16:00:00,30.3,22.0,415.5,3.8,260.0
2026-03-26 17:00:00,28.6,20.2,229.6,4.2,234.0
2026-03-26 18:00:00,29.2,21.3,22.7,4.1,215.0
2026-03-26 19:00:00,26.7,23.0,0.0,5.0,212.0
2026-03-26 20:00:00,24.8,31.1,0.0,5.0,299.0
2026-03-26 21:00:00,25.2,37.1,0.0,6.0,187.0
2026-03-26 22:00:00,21.3,40.0,0.0,5.3,225.0
2026-03-26 23:00:00,20.1,41.9,0.0,3.0,227.0
2026-03-27 00:00:00,19.6,43.5,0.0,3.2,234.0
2026-03-27 01:00:00,17.6,44.6,0.0,3.6,212.0
2026-03-27 02:00:00,18.0,49.1,0.0,2.0,218.0
2026-03-27 03:00:00,18.2,47.8,0.0,1.9,201.0
2026-03-27 04:00:00,17.8,48.4,0.0,2.2,276.0
2026-03-27 05:00:00,17.0,47.9,0.0,1.8,259.0
2026-03-27 06:00:00,19.7,49.2,37.2,1.9,248.0
2026-03-27 07:00:00,20.8,42.7,236.3,3.1,273.0
2026-03-27 08:00:00,21.5,41.3,443.8,2.5,260.0
2026-03-27 09:00:00,23.3,36.8,614.1,3.1,256.0
2026-03-27 10:00:00,25.5,30.8,715.6,2.1,251.0
2026-03-27 11:00:00,25.5,25.9,856.3,3.0,259.0
2026-03-27 12:00:00,28.9,20.5,869.8,2.6,274.0
2026-03-27 13:00:00,29.2,19.6,872.2,3.3,256.0
2026-03-27 14:00:00,30.7,15.1,711.6,3.6,212.0
2026-03-27 15:00:00,31.0,21.3,569.6,6.9,171.0
2026-03-27 16:00:00,29.2,22.1,395.9,5.6,226.0
2026-03-27 17:00:00,29.9,21.6,214.3,5.1,278.0
2026-03-27 18:00:00,26.7,27.1,0.0,6.4,305.0
2026-03-27 19:00:00,28.9,31.2,0.0,4.3,287.0
2026-03-27 20:00:00,24.6,27.7,0.0,3.6,237.0
2026-03-27 21:00:00,24.5,26.3,0.0,3.5,272.0
2026-03-27 22:00:00,21.0,39.2,0.0,4.8,222.0
2026-03-27 23:00:00,20.3,38.6,0.0,5.6,243.0
2026-03-28 00:00:00,18.7,45.4,0.0,3.9,250.0
2026-03-28 01:00:00,18.8,38.9,0.0,2.6,244.0
2026-03-28 02:00:00,18.5,46.5,0.0,1.9,277.0
2026-03-28 03:00:00,17.4,45.8,0.0,2.4,274.0
2026-03-28 04:00:00,17.5,43.2,0.0,2.3,266.0
2026-03-28 05:00:00,19.1,51.0,0.0,5.4,196.0
2026-03-28 06:00:00,17.3,46.1,7.4,2.1,224.0
2026-03-28 07:00:00,21.9,41.8,231.4,1.4,211.0
2026-03-28 08:00:00,20.7,39.8,436.5,1.9,266.0
2026-03-28 09:00:00,24.5,35.6,599.3,2.1,272.0
2026-03-28 10:00:00,23.4,29.2,734.7,4.1,267.0
2026-03-28 11:00:00,27.3,25.9,848.6,2.9,220.0
2026-03-28 12:00:00,26.8,24.9,838.8,3.1,242.0
2026-03-28 13:00:00,29.9,22.6,839.3,4.6,242.0
2026-03-28 14:00:00,32.0,16.5,778.9,3.5,274.0
2026-03-28 15:00:00,31.5,18.7,617.8,5.0,155.0
2026-03-28 16:00:00,29.5,20.0,456.1,5.0,289.0
2026-03-28 17:00:00,29.9,24.6,243.7,4.0,264.0
2026-03-28 18:00:00,28.2,25.7,45.3,4.9,204.0
2026-03-28 19:00:00,27.2,30.7,0.0,5.7,220.0
2026-03-28 20:00:00,26.4,32.3,0.0,3.9,239.0
2026-03-28 21:00:00,23.7,35.2,0.0,5.8,247.0
2026-03-28 22:00:00,23.5,37.2,0.0,5.0,244.0
2026-03-28 23:00:00,19.1,41.5,0.0,3.7,210.0
2026-03-29 00:00:00,20.0,47.1,0.0,3.4,255.0
2026-03-29 01:00:00,17.4,43.1,0.0,3.3,238.0
2026-03-29 02:00:00,17.5,50.9,0.0,3.3,183.0
2026-03-29 03:00:00,16.5,53.9,0.0,2.0,265.0
2026-03-29 04:00:00,18.1,47.0,0.0,1.5,269.0
2026-03-29 05:00:00,21.2,54.4,0.0,1.6,232.0
2026-03-29 06:00:00,20.1,47.3,0.0,4.5,272.0
2026-03-29 07:00:00,21.4,42.2,225.7,1.6,218.0
2026-03-29 08:00:00,22.4,44.4,409.8,2.5,249.0
2026-03-29 09:00:00,22.8,35.4,622.5,2.3,276.0
2026-03-29 10:00:00,24.6,30.9,733.8,3.7,212.0
2026-03-29 11:00:00,25.1,28.0,840.5,2.7,172.0
2026-03-29 12:00:00,28.5,20.9,875.7,3.7,249.0
2026-03-29 13:00:00,28.3,18.4,835.5,3.3,267.0
2026-03-29 14:00:00,29.6,20.2,750.4,3.1,299.0
2026-03-29 15:00:00,30.4,25.3,598.0,6.7,237.0
2026-03-29 16:00:00,30.4,19.6,460.7,4.4,239.0
2026-03-29 17:00:00,30.0,18.0,224.2,3.7,288.0
2026-03-29 18:00:00,27.0,22.9,23.1,5.1,243.0
2026-03-29 19:00:00,27.9,26.1,0.0,4.1,261.0
2026-03-29 20:00:00,26.7,30.6,0.0,5.3,198.0
2026-03-29 21:00:00,24.6,37.5,0.0,3.8,228.0
2026-03-29 22:00:00,21.4,38.6,0.0,4.8,211.0
2026-03-29 23:00:00,21.0,41.2,0.0,2.8,215.0
2026-03-30 00:00:00,17.7,44.5,0.0,2.7,191.0
2026-03-30 01:00:00,20.2,49.3,0.0,2.3,208.0
2026-03-30 02:00:00,19.9,43.8,0.0,2.2,215.0
2026-03-30 03:00:00,18.2,48.3,0.0,4.0,243.0
2026-03-30 04:00:00,18.3,47.6,0.0,4.1,276.0
2026-03-30 05:00:00,17.9,43.5,0.0,1.6,252.0
2026-03-30 06:00:00,20.6,43.9,5.3,3.1,250.0
2026-03-30 07:00:00,20.0,44.7,210.6,1.7,224.0
2026-03-30 08:00:00,21.5,39.6,433.4,2.8,203.0
2026-03-30 09:00:00,23.5,35.9,601.3,1.9,305.0
2026-03-30 10:00:00,26.3,33.7,744.0,2.0,222.0
2026-03-30 11:00:00,27.4,26.4,851.6,3.3,250.0
2026-03-30 12:00:00,31.0,24.8,848.8,3.6,252.0
2026-03-30 13:00:00,27.6,21.8,809.1,3.3,192.0
2026-03-30 14:00:00,30.6,18.8,738.4,3.7,263.0
2026-03-30 15:00:00,30.1,21.4,587.8,3.4,168.0
2026-03-30 16:00:00,30.6,20.2,481.7,5.6,256.0
2026-03-30 17:00:00,28.6,23.7,228.8,4.0,241.0
2026-03-30 18:00:00,29.0,24.1,0.0,5.8,257.0
2026-03-30 19:00:00,29.8,20.2,0.0,4.7,293.0
2026-03-30 20:00:00,25.0,35.6,0.0,5.2,282.0
2026-03-30 21:00:00,22.2,30.1,0.0,3.6,171.0
2026-03-30 22:00:00,23.6,41.9,0.0,4.1,250.0
2026-03-30 23:00:00,20.8,43.2,0.0,3.9,226.0
2026-03-31 00:00:00,20.6,47.1,0.0,4.3,200.0
2026-03-31 01:00:00,17.8,48.8,0.0,2.5,235.0
2026-03-31 02:00:00,18.5,46.5,0.0,2.3,228.0
2026-03-31 03:00:00,18.2,51.5,0.0,3.2,241.0
2026-03-31 04:00:00,16.2,49.6,0.0,4.8,257.0
2026-03-31 05:00:00,19.2,45.3,0.0,1.9,296.0
2026-03-31 06:00:00,20.6,40.7,0.0,1.9,256.0
2026-03-31 07:00:00,20.3,44.9,249.9,3.6,238.0
2026-03-31 08:00:00,21.2,38.6,445.1,1.9,248.0
2026-03-31 09:00:00,22.6,32.9,609.4,1.8,270.0
2026-03-31 10:00:00,26.6,28.2,758.6,3.4,185.0
2026-03-31 11:00:00,27.8,26.3,822.7,2.6,248.0
2026-03-31 12:00:00,28.2,30.0,860.0,2.7,277.0
2026-03-31 13:00:00,30.9,20.2,849.2,3.3,209.0
2026-03-31 14:00:00,29.1,19.6,752.8,3.4,219.0
2026-03-31 15:00:00,29.9,10.0,618.1,4.5,213.0
2026-03-31 16:00:00,30.6,23.0,428.2,3.9,237.0
2026-03-31 17:00:00,28.0,20.1,207.2,3.9,251.0
2026-03-31 18:00:00,27.8,17.7,15.0,6.2,289.0
2026-03-31 19:00:00,29.3,29.8,0.0,3.7,223.0
2026-03-31 20:00:00,30.5,27.3,0.0,6.1,228.0
2026-03-31 21:00:00,24.1,38.7,0.0,3.9,237.0
2026-03-31 22:00:00,21.8,39.2,0.0,3.9,158.0
2026-03-31 23:00:00,21.6,38.6,0.0,3.7,249.0
2026-04-01 00:00:00,19.5,46.1,0.0,4.1,297.0
2026-04-01 01:00:00,19.0,52.7,0.0,2.6,241.0
2026-04-01 02:00:00,18.9,48.1,0.0,2.5,226.0
2026-04-01 03:00:00,17.4,49.4,0.0,4.2,288.0
2026-04-01 04:00:00,19.3,47.2,0.0,3.3,273.0
2026-04-01 05:00:00,18.4,46.6,0.0,1.9,174.0
2026-04-01 06:00:00,18.9,42.1,0.0,3.4,209.0
2026-04-01 07:00:00,20.6,42.6,247.9,2.3,224.0
2026-04-01 08:00:00,24.3,37.2,446.9,1.6,229.0
2026-04-01 09:00:00,21.7,38.8,613.6,2.5,236.0
2026-04-01 10:00:00,25.6,29.2,773.1,2.5,214.0
2026-04-01 11:00:00,26.2,29.9,805.0,3.4,254.0
2026-04-01 12:00:00,28.2,23.8,839.3,3.0,198.0
2026-04-01 13:00:00,29.0,24.2,827.3,3.2,259.0
2026-04-01 14:00:00,28.7,26.2,746.9,3.4,257.0
2026-04-01 15:00:00,31.1,18.9,633.0,3.7,300.0
2026-04-01 16:00:00,31.2,18.3,429.4,4.0,257.0
2026-04-01 17:00:00,31.3,24.6,253.1,4.0,178.0
2026-04-01 18:00:00,27.6,27.7,17.7,6.5,278.0
2026-04-01 19:00:00,25.9,29.4,0.0,4.8,171.0
2026-04-01 20:00:00,24.6,30.0,0.0,3.7,278.0
2026-04-01 21:00:00,23.9,37.9,0.0,6.3,247.0
2026-04-01 22:00:00,24.0,43.0,0.0,3.2,267.0
2026-04-01 23:00:00,20.2,44.8,0.0,3.1,230.0
2026-04-02 00:00:00,19.1,52.8,0.0,4.8,226.0
2026-04-02 01:00:00,21.6,47.0,0.0,4.7,244.0
2026-04-02 02:00:00,20.1,44.3,0.0,2.0,239.0
2026-04-02 03:00:00,19.6,49.0,0.0,1.9,259.0
2026-04-02 04:00:00,20.9,54.8,0.0,1.5,221.0
2026-04-02 05:00:00,19.9,53.4,0.0,1.5,206.0
2026-04-02 06:00:00,20.1,46.7,0.0,2.6,209.0
2026-04-02 07:00:00,22.5,39.1,228.2,3.3,241.0
2026-04-02 08:00:00,23.2,39.0,432.3,2.2,256.0
2026-04-02 09:00:00,23.7,35.1,633.6,2.5,291.0
2026-04-02 10:00:00,25.3,33.5,760.9,3.0,275.0
2026-04-02 11:00:00,26.6,28.0,815.1,2.6,188.0
2026-04-02 12:00:00,27.0,23.0,875.0,3.4,301.0
2026-04-02 13:00:00,30.4,20.4,823.6,4.0,234.0
2026-04-02 14:00:00,31.1,16.8,739.7,3.3,227.0
2026-04-02 15:00:00,29.9,19.9,607.5,4.4,256.0
2026-04-02 16:00:00,29.8,25.3,461.6,4.0,257.0
2026-04-02 17:00:00,32.2,16.7,215.8,3.8,227.0
2026-04-02 18:00:00,30.8,26.7,0.0,4.0,265.0
2026-04-02 19:00:00,27.2,28.7,0.0,5.3,255.0
2026-04-02 20:00:00,26.7,32.5,0.0,4.2,265.0
2026-04-02 21:00:00,25.7,31.9,0.0,5.1,262.0
2026-04-02 22:00:00,22.5,42.3,0.0,4.0,137.0
2026-04-02 23:00:00,20.4,41.8,0.0,3.8,226.0
2026-04-03 00:00:00,19.1,46.1,0.0,2.9,253.0
2026-04-03 01:00:00,18.0,53.2,0.0,3.5,207.0
2026-04-03 02:00:00,18.1,45.6,0.0,3.7,258.0
2026-04-03 03:00:00,19.9,51.4,0.0,3.4,249.0
2026-04-03 04:00:00,17.6,48.9,0.0,3.8,204.0
2026-04-03 05:00:00,18.5,45.2,0.0,1.9,203.0
2026-04-03 06:00:00,19.8,44.6,1.8,2.3,248.0
2026-04-03 07:00:00,20.2,45.0,254.2,3.6,308.0
2026-04-03 08:00:00,23.7,46.6,451.3,1.7,270.0
2026-04-03 09:00:00,23.7,37.6,618.1,2.0,226.0
2026-04-03 10:00:00,27.3,33.2,748.5,5.2,243.0
2026-04-03 11:00:00,27.5,30.0,829.0,3.0,278.0
2026-04-03 12:00:00,29.3,19.7,854.7,3.6,286.0
2026-04-03 13:00:00,29.5,22.6,857.3,3.6,194.0
2026-04-03 14:00:00,30.4,24.8,763.6,3.4,284.0
2026-04-03 15:00:00,30.2,18.3,610.9,3.6,239.0
2026-04-03 16:00:00,33.2,18.8,421.3,7.2,255.0
2026-04-03 17:00:00,30.3,20.6,205.9,4.9,236.0
2026-04-03 18:00:00,26.1,22.2,2.4,4.1,233.0
2026-04-03 19:00:00,27.8,27.2,0.0,4.1,281.0
2026-04-03 20:00:00,27.4,27.7,0.0,5.1,259.0
2026-04-03 21:00:00,25.6,36.5,0.0,3.7,241.0
2026-04-03 22:00:00,22.8,38.4,0.0,4.8,247.0
2026-04-03 23:00:00,24.2,45.3,0.0,4.1,248.0
2026-04-04 00:00:00,20.5,52.6,0.0,2.6,218.0
2026-04-04 01:00:00,20.2,48.4,0.0,2.4,298.0
2026-04-04 02:00:00,20.3,56.8,0.0,4.6,208.0
2026-04-04 03:00:00,20.3,49.3,0.0,2.1,195.0
2026-04-04 04:00:00,20.6,48.2,0.0,1.5,276.0
2026-04-04 05:00:00,20.9,50.1,0.0,3.3,253.0
2026-04-04 06:00:00,22.4,51.7,0.0,3.4,258.0
2026-04-04 07:00:00,21.7,39.9,215.9,1.5,263.0
2026-04-04 08:00:00,22.2,36.1,452.1,1.8,262.0
2026-04-04 09:00:00,23.4,38.0,629.4,1.7,255.0
2026-04-04 10:00:00,28.7,26.8,788.7,2.2,276.0
2026-04-04 11:00:00,26.9,28.6,802.4,2.3,210.0
2026-04-04 12:00:00,29.6,22.4,866.5,2.5,253.0
2026-04-04 13:00:00,30.0,22.5,879.6,4.9,209.0
2026-04-04 14:00:00,30.4,21.1,762.6,3.9,280.0
2026-04-04 15:00:00,31.2,19.3,638.1,3.6,309.0
2026-04-04 16:00:00,29.8,23.0,417.2,4.0,229.0
2026-04-04 17:00:00,31.0,20.8,236.6,4.8,264.0
2026-04-04 18:00:00,28.9,24.5,22.3,4.5,223.0
2026-04-04 19:00:00,28.3,27.8,0.0,4.3,256.0
2026-04-04 20:00:00,26.7,33.5,0.0,3.7,243.0
2026-04-04 21:00:00,25.6,34.3,0.0,4.3,216.0
2026-04-04 22:00:00,25.3,40.9,0.0,5.5,197.0
2026-04-04 23:00:00,20.3,42.0,0.0,2.9,222.0
2026-04-05 00:00:00,19.8,41.7,0.0,5.4,237.0
2026-04-05 01:00:00,18.2,47.3,0.0,2.3,258.0
2026-04-05 02:00:00,19.1,53.1,0.0,2.2,229.0
2026-04-05 03:00:00,18.6,48.5,0.0,1.9,172.0
2026-04-05 04:00:00,19.8,58.2,0.0,5.0,293.0
2026-04-05 05:00:00,19.2,49.2,0.0,4.0,261.0
2026-04-05 06:00:00,21.0,50.3,1.3,2.0,208.0
2026-04-05 07:00:00,20.9,37.1,226.9,2.5,227.0
2026-04-05 08:00:00,22.8,43.8,442.3,1.7,271.0
2026-04-05 09:00:00,27.9,35.4,595.7,2.1,236.0
2026-04-05 10:00:00,27.7,29.3,739.2,5.2,283.0
2026-04-05 11:00:00,25.8,28.4,808.9,2.3,247.0
2026-04-05 12:00:00,29.7,23.2,855.0,3.1,328.0
2026-04-05 13:00:00,29.9,17.9,826.3,2.9,193.0
2026-04-05 14:00:00,29.2,18.7,705.8,3.8,217.0
2026-04-05 15:00:00,31.5,18.0,617.0,3.7,232.0
2026-04-05 16:00:00,29.8,19.7,418.5,4.2,227.0
2026-04-05 17:00:00,31.3,22.4,175.6,5.7,266.0
2026-04-05 18:00:00,29.0,25.4,1.9,4.5,262.0
2026-04-05 19:00:00,29.0,30.5,0.0,5.9,260.0
2026-04-05 20:00:00,26.4,30.3,0.0,4.2,213.0
2026-04-05 21:00:00,24.4,37.0,0.0,3.8,223.0
2026-04-05 22:00:00,23.5,38.2,0.0,4.5,222.0
2026-04-05 23:00:00,21.4,42.3,0.0,5.4,225.0
2026-04-06 00:00:00,21.3,47.7,0.0,3.7,242.0
2026-04-06 01:00:00,20.3,47.4,0.0,2.4,202.0
2026-04-06 02:00:00,17.3,49.0,0.0,2.0,273.0
2026-04-06 03:00:00,20.0,51.3,0.0,5.4,195.0
2026-04-06 04:00:00,18.4,52.8,0.0,2.8,235.0
2026-04-06 05:00:00,19.4,47.7,0.0,3.7,302.0
2026-04-06 06:00:00,21.8,43.1,0.0,3.4,245.0
2026-04-06 07:00:00,22.9,40.7,192.9,1.5,229.0
2026-04-06 08:00:00,26.1,35.9,449.5,1.5,250.0
2026-04-06 09:00:00,25.3,36.8,643.3,1.8,272.0
2026-04-06 10:00:00,27.4,31.7,762.9,2.3,278.0
2026-04-06 11:00:00,29.8,27.4,866.6,2.9,266.0
2026-04-06 12:00:00,29.4,28.6,890.2,3.3,179.0
2026-04-06 13:00:00,30.8,24.2,864.6,2.8,234.0
2026-04-06 14:00:00,31.9,18.8,773.0,5.7,239.0
2026-04-06 15:00:00,33.7,20.2,604.3,3.5,252.0
2026-04-06 16:00:00,31.9,22.9,462.6,3.7,261.0
2026-04-06 17:00:00,31.2,23.3,235.4,4.8,267.0
2026-04-06 18:00:00,28.9,27.6,0.0,4.0,224.0
2026-04-06 19:00:00,28.3,28.5,0.0,5.8,253.0
2026-04-06 20:00:00,26.0,30.7,0.0,3.6,210.0
2026-04-06 21:00:00,23.7,36.5,0.0,6.7,196.0
2026-04-06 22:00:00,23.6,33.1,0.0,4.1,299.0
2026-04-06 23:00:00,21.6,46.3,0.0,4.6,253.0
2026-04-07 00:00:00,20.2,44.9,0.0,2.9,281.0
2026-04-07 01:00:00,21.3,43.7,0.0,3.5,214.0
2026-04-07 02:00:00,20.1,47.8,0.0,3.2,254.0
2026-04-07 03:00:00,19.6,50.8,0.0,1.7,263.0
2026-04-07 04:00:00,19.4,51.8,0.0,4.0,194.0
2026-04-07 05:00:00,22.2,48.9,0.0,3.1,252.0
2026-04-07 06:00:00,22.8,42.2,26.7,2.2,227.0
2026-04-07 07:00:00,23.7,42.5,209.5,3.2,281.0
2026-04-07 08:00:00,23.4,38.7,456.6,5.0,242.0
2026-04-07 09:00:00,25.6,40.3,618.3,2.4,233.0
2026-04-07 10:00:00,24.5,35.0,733.4,2.3,308.0
2026-04-07 11:00:00,29.8,27.5,848.8,4.3,217.0
2026-04-07 12:00:00,28.8,23.1,848.2,2.9,234.0
2026-04-07 13:00:00,31.0,19.2,821.9,2.8,254.0
2026-04-07 14:00:00,30.7,27.3,792.7,4.1,225.0
2026-04-07 15:00:00,32.5,19.8,667.9,4.2,200.0
2026-04-07 16:00:00,30.6,14.8,459.2,9.6,232.0
2026-04-07 17:00:00,29.7,20.3,255.3,7.1,260.0
2026-04-07 18:00:00,31.1,19.1,13.9,3.8,231.0
2026-04-07 19:00:00,29.6,28.6,0.0,5.7,233.0
2026-04-07 20:00:00,27.7,24.2,0.0,4.9,270.0
2026-04-07 21:00:00,23.6,34.3,0.0,4.2,188.0
2026-04-07 22:00:00,26.3,36.8,0.0,3.9,218.0
2026-04-07 23:00:00,22.6,41.6,0.0,6.5,255.0
2026-04-08 00:00:00,23.8,46.6,0.0,2.8,271.0
2026-04-08 01:00:00,20.6,54.8,0.0,3.0,289.0
2026-04-08 02:00:00,17.9,49.5,0.0,2.7,229.0
2026-04-08 03:00:00,20.3,51.0,0.0,2.5,220.0
2026-04-08 04:00:00,19.0,48.2,0.0,3.7,198.0
2026-04-08 05:00:00,18.9,47.2,0.0,3.0,296.0
2026-04-08 06:00:00,22.5,45.7,0.0,1.4,204.0
2026-04-08 07:00:00,23.3,44.0,260.1,1.4,226.0
2026-04-08 08:00:00,21.9,35.8,441.6,4.0,225.0
2026-04-08 09:00:00,27.1,34.8,612.7,2.5,207.0
2026-04-08 10:00:00,27.5,32.7,777.4,2.0,243.0
2026-04-08 11:00:00,28.7,26.8,859.3,2.5,273.0
2026-04-08 12:00:00,31.1,23.8,839.1,3.9,243.0
2026-04-08 13:00:00,31.2,20.1,854.4,4.2,196.0
2026-04-08 14:00:00,30.6,28.6,776.2,3.5,218.0
2026-04-08 15:00:00,31.2,16.2,612.7,3.5,239.0
2026-04-08 16:00:00,33.0,21.3,399.2,4.0,273.0
2026-04-08 17:00:00,29.6,25.3,238.9,4.1,283.0
2026-04-08 18:00:00,30.0,27.6,0.0,4.9,291.0
2026-04-08 19:00:00,29.1,26.5,0.0,5.2,251.0
2026-04-08 20:00:00,27.4,33.6,0.0,4.0,224.0
2026-04-08 21:00:00,26.3,36.4,0.0,5.8,235.0
2026-04-08 22:00:00,25.4,38.8,0.0,4.5,242.0
2026-04-08 23:00:00,20.7,42.9,0.0,3.2,236.0
2026-04-09 00:00:00,22.3,46.0,0.0,2.9,262.0
2026-04-09 01:00:00,19.9,47.4,0.0,2.4,253.0
2026-04-09 02:00:00,20.2,53.7,0.0,2.4,221.0
2026-04-09 03:00:00,20.3,47.5,0.0,1.7,217.0
2026-04-09 04:00:00,20.3,52.2,0.0,1.6,262.0
2026-04-09 05:00:00,19.2,43.3,0.0,1.5,285.0
2026-04-09 06:00:00,23.8,46.3,5.0,1.4,228.0
2026-04-09 07:00:00,21.3,46.7,245.6,5.3,246.0
2026-04-09 08:00:00,24.1,40.0,458.5,6.0,218.0
2026-04-09 09:00:00,27.2,37.0,628.0,2.4,264.0
2026-04-09 10:00:00,27.0,30.2,775.9,2.4,283.0
2026-04-09 11:00:00,29.1,34.4,854.2,3.9,214.0
2026-04-09 12:00:00,31.5,19.6,895.9,2.6,237.0
2026-04-09 13:00:00,28.2,25.2,850.8,3.6,256.0
2026-04-09 14:00:00,30.8,17.7,777.0,3.9,209.0
2026-04-09 15:00:00,33.0,20.2,613.2,4.4,201.0
2026-04-09 16:00:00,31.3,19.4,429.6,4.1,247.0
2026-04-09 17:00:00,30.5,25.4,211.0,4.6,219.0
2026-04-09 18:00:00,29.9,23.9,0.0,4.6,222.0
2026-04-09 19:00:00,28.0,32.6,0.0,3.8,241.0
2026-04-09 20:00:00,30.1,30.7,0.0,4.6,268.0
2026-04-09 21:00:00,27.4,36.7,0.0,3.4,240.0
2026-04-09 22:00:00,25.1,36.8,0.0,5.4,269.0
2026-04-09 23:00:00,23.6,48.5,0.0,3.1,269.0
2026-04-10 00:00:00,21.4,47.7,0.0,2.6,240.0
2026-04-10 01:00:00,18.8,50.1,0.0,5.6,227.0
2026-04-10 02:00:00,20.7,48.6,0.0,3.2,256.0
2026-04-10 03:00:00,19.4,52.8,0.0,4.9,243.0
2026-04-10 04:00:00,20.2,49.3,0.0,2.7,194.0
2026-04-10 05:00:00,23.5,48.6,0.0,2.1,227.0
2026-04-10 06:00:00,21.3,51.5,11.7,2.8,235.0
2026-04-10 07:00:00,24.2,45.5,248.6,1.8,257.0
2026-04-10 08:00:00,24.1,42.3,449.3,4.6,261.0
2026-04-10 09:00:00,26.0,39.2,608.9,2.6,174.0
2026-04-10 10:00:00,27.7,32.2,776.3,3.6,216.0
2026-04-10 11:00:00,28.9,33.5,826.4,2.5,200.0
2026-04-10 12:00:00,30.7,25.8,879.8,2.7,225.0
2026-04-10 13:00:00,28.4,27.1,872.6,6.8,217.0
2026-04-10 14:00:00,33.8,19.2,761.7,3.7,286.0
2026-04-10 15:00:00,31.1,19.3,630.8,4.6,214.0
2026-04-10 16:00:00,29.6,22.3,440.2,5.0,245.0
2026-04-10 17:00:00,30.4,22.7,189.0,6.6,257.0
2026-04-10 18:00:00,31.1,19.5,19.4,4.0,227.0
2026-04-10 19:00:00,29.8,30.3,0.0,4.2,255.0
2026-04-10 20:00:00,29.3,29.1,0.0,4.1,222.0
2026-04-10 21:00:00,25.2,37.9,0.0,4.9,296.0
2026-04-10 22:00:00,25.0,42.1,0.0,3.5,255.0
2026-04-10 23:00:00,21.3,37.5,0.0,4.9,245.0
2026-04-11 00:00:00,22.8,44.3,0.0,4.1,279.0
2026-04-11 01:00:00,19.7,45.9,0.0,3.1,240.0
2026-04-11 02:00:00,18.6,50.9,0.0,2.7,285.0
2026-04-11 03:00:00,19.2,53.0,0.0,4.8,229.0
2026-04-11 04:00:00,21.1,52.4,0.0,2.1,248.0
2026-04-11 05:00:00,21.8,46.4,0.0,2.8,266.0
2026-04-11 06:00:00,19.2,43.0,0.0,2.9,206.0
2026-04-11 07:00:00,23.9,41.5,242.6,3.1,189.0
2026-04-11 08:00:00,24.6,40.6,438.6,3.4,199.0
2026-04-11 09:00:00,26.3,33.7,633.6,4.0,275.0
2026-04-11 10:00:00,28.2,28.5,749.5,3.5,252.0
2026-04-11 11:00:00,29.7,29.7,866.3,3.2,210.0
2026-04-11 12:00:00,29.7,28.4,879.8,3.5,216.0
2026-04-11 13:00:00,29.4,22.8,833.8,2.9,292.0
2026-04-11 14:00:00,32.2,17.4,753.4,5.0,230.0
2026-04-11 15:00:00,31.3,17.8,614.7,3.4,261.0
2026-04-11 16:00:00,31.3,19.4,465.6,4.0,276.0
2026-04-11 17:00:00,32.5,22.6,254.3,4.0,270.0
2026-04-11 18:00:00,29.2,25.3,0.0,4.1,279.0
2026-04-11 19:00:00,29.6,32.5,0.0,3.9,222.0
2026-04-11 20:00:00,27.8,31.0,0.0,5.7,264.0
2026-04-11 21:00:00,27.2,41.2,0.0,3.8,283.0
2026-04-11 22:00:00,27.1,40.7,0.0,3.5,229.0
2026-04-11 23:00:00,24.3,44.5,0.0,4.8,224.0
2026-04-12 00:00:00,21.1,49.4,0.0,5.1,210.0
2026-04-12 01:00:00,19.3,43.4,0.0,2.8,223.0
2026-04-12 02:00:00,20.0,51.6,0.0,2.2,146.0
2026-04-12 03:00:00,20.7,48.3,0.0,3.1,263.0
2026-04-12 04:00:00,21.5,56.0,0.0,1.5,191.0
2026-04-12 05:00:00,21.3,50.8,0.0,3.8,271.0
2026-04-12 06:00:00,22.0,45.0,0.0,3.7,208.0
2026-04-12 07:00:00,19.7,43.9,228.3,2.6,229.0
2026-04-12 08:00:00,28.4,38.9,451.4,2.4,302.0
2026-04-12 09:00:00,26.0,33.4,607.3,2.0,247.0
2026-04-12 10:00:00,28.0,26.7,776.0,4.8,233.0
2026-04-12 11:00:00,28.1,28.9,825.4,2.3,233.0
2026-04-12 12:00:00,30.5,31.3,904.8,4.6,249.0
2026-04-12 13:00:00,30.7,18.4,852.0,4.3,270.0
2026-04-12 14:00:00,31.6,15.8,774.5,4.5,249.0
2026-04-12 15:00:00,31.8,22.4,663.5,5.1,246.0
2026-04-12 16:00:00,33.1,19.2,453.9,3.5,230.0
2026-04-12 17:00:00,32.3,24.2,224.8,3.7,244.0
2026-04-12 18:00:00,29.6,23.1,22.3,5.2,248.0
2026-04-12 19:00:00,28.3,26.5,0.0,3.7,290.0
2026-04-12 20:00:00,27.5,33.7,0.0,5.0,238.0
2026-04-12 21:00:00,27.8,36.1,0.0,6.6,212.0
2026-04-12 22:00:00,25.6,45.6,0.0,5.5,191.0
2026-04-12 23:00:00,23.3,42.9,0.0,2.9,207.0
2026-04-13 00:00:00,22.1,42.2,0.0,2.7,246.0
2026-04-13 01:00:00,24.1,51.6,0.0,2.6,230.0
2026-04-13 02:00:00,18.8,53.1,0.0,6.0,270.0
2026-04-13 03:00:00,20.7,54.5,0.0,2.2,246.0
2026-04-13 04:00:00,21.7,50.6,0.0,1.7,178.0
2026-04-13 05:00:00,19.9,46.1,0.0,4.6,217.0
2026-04-13 06:00:00,22.3,47.8,8.7,1.8,249.0
2026-04-13 07:00:00,22.7,40.9,206.5,2.1,232.0
2026-04-13 08:00:00,25.4,41.5,423.6,1.9,186.0
2026-04-13 09:00:00,24.2,33.3,606.4,1.8,215.0
2026-04-13 10:00:00,31.2,31.5,755.1,3.5,211.0
2026-04-13 11:00:00,28.6,24.6,884.2,2.7,223.0
2026-04-13 12:00:00,30.4,22.6,900.9,2.6,286.0
2026-04-13 13:00:00,31.4,25.4,850.8,3.8,248.0
2026-04-13 14:00:00,33.3,22.5,774.1,4.2,202.0
2026-04-13 15:00:00,32.2,23.2,636.5,4.3,226.0
2026-04-13 16:00:00,33.6,19.0,427.2,3.9,200.0
2026-04-13 17:00:00,30.1,17.2,242.8,4.4,208.0
2026-04-13 18:00:00,31.9,24.7,15.8,4.1,226.0
2026-04-13 19:00:00,31.8,24.1,0.0,4.2,267.0
2026-04-13 20:00:00,28.9,32.1,0.0,4.2,229.0
2026-04-13 21:00:00,26.2,34.7,0.0,6.0,246.0
2026-04-13 22:00:00,25.2,41.0,0.0,3.8,236.0
2026-04-13 23:00:00,25.9,42.5,0.0,3.0,200.0
2026-04-14 00:00:00,22.9,46.5,0.0,2.6,235.0
2026-04-14 01:00:00,22.9,52.7,0.0,2.4,291.0
2026-04-14 02:00:00,19.7,48.8,0.0,7.4,294.0
2026-04-14 03:00:00,20.5,48.3,0.0,1.8,251.0
2026-04-14 04:00:00,18.8,51.2,0.0,1.9,214.0
2026-04-14 05:00:00,20.5,51.3,0.0,4.3,205.0
2026-04-14 06:00:00,21.3,44.2,0.0,1.6,241.0
2026-04-14 07:00:00,22.7,44.2,244.0,1.4,227.0
2026-04-14 08:00:00,24.8,36.9,428.8,2.9,227.0
2026-04-14 09:00:00,25.4,39.0,637.4,2.4,242.0
2026-04-14 10:00:00,25.7,29.6,779.3,4.2,218.0
2026-04-14 11:00:00,29.4,28.1,859.0,4.1,244.0
2026-04-14 12:00:00,31.6,19.1,902.6,2.6,212.0
2026-04-14 13:00:00,32.7,21.1,857.4,4.8,286.0
2026-04-14 14:00:00,34.1,24.0,775.0,4.3,211.0
2026-04-14 15:00:00,31.4,23.4,651.7,5.0,239.0
2026-04-14 16:00:00,35.0,17.1,433.4,5.7,266.0
2026-04-14 17:00:00,31.5,26.2,250.9,4.5,289.0
2026-04-14 18:00:00,30.2,25.7,7.8,4.5,250.0
2026-04-14 19:00:00,28.2,27.1,0.0,3.7,294.0
2026-04-14 20:00:00,28.4,37.7,0.0,4.0,243.0
2026-04-14 21:00:00,27.7,34.1,0.0,3.5,242.0
2026-04-14 22:00:00,23.7,35.3,0.0,3.9,218.0
2026-04-14 23:00:00,24.7,45.0,0.0,4.4,231.0
2026-04-15 00:00:00,24.4,45.4,0.0,3.4,243.0
2026-04-15 01:00:00,22.0,51.8,0.0,3.7,251.0
2026-04-15 02:00:00,20.9,52.1,0.0,3.5,276.0
2026-04-15 03:00:00,21.2,48.8,0.0,2.1,194.0
2026-04-15 04:00:00,19.2,49.1,0.0,3.1,224.0
2026-04-15 05:00:00,21.9,48.4,0.0,2.0,209.0
2026-04-15 06:00:00,22.7,43.3,27.5,1.3,240.0
2026-04-15 07:00:00,24.2,43.0,206.1,1.4,228.0
2026-04-15 08:00:00,25.5,38.6,441.2,3.0,227.0
2026-04-15 09:00:00,27.5,36.3,625.5,4.4,275.0
2026-04-15 10:00:00,29.7,35.2,786.0,5.3,231.0
2026-04-15 11:00:00,28.6,30.8,846.7,2.4,288.0
2026-04-15 12:00:00,32.5,23.8,877.3,4.2,198.0
2026-04-15 13:00:00,32.4,24.0,871.2,5.0,205.0
2026-04-15 14:00:00,31.1,19.3,738.7,3.4,184.0
2026-04-15 15:00:00,29.4,19.8,636.3,3.4,223.0
2026-04-15 16:00:00,33.1,24.6,475.4,3.7,238.0
2026-04-15 17:00:00,30.1,26.8,206.2,5.4,210.0
2026-04-15 18:00:00,28.6,33.4,9.8,5.6,292.0
2026-04-15 19:00:00,28.6,24.4,0.0,4.6,278.0
2026-04-15 20:00:00,28.9,34.0,0.0,3.8,263.0
2026-04-15 21:00:00,27.0,32.7,0.0,3.9,252.0
2026-04-15 22:00:00,27.3,38.6,0.0,4.0,213.0
2026-04-15 23:00:00,25.0,42.0,0.0,6.6,227.0
2026-04-16 00:00:00,22.7,49.8,0.0,2.8,253.0
2026-04-16 01:00:00,20.9,46.4,0.0,2.3,288.0
2026-04-16 02:00:00,20.2,51.8,0.0,3.2,216.0
2026-04-16 03:00:00,23.5,53.3,0.0,1.9,249.0
2026-04-16 04:00:00,19.8,46.5,0.0,2.3,278.0
2026-04-16 05:00:00,22.2,51.7,0.0,1.4,279.0
2026-04-16 06:00:00,23.1,47.1,8.7,2.8,227.0
2026-04-16 07:00:00,23.8,46.4,222.9,1.7,272.0
2026-04-16 08:00:00,24.0,39.3,453.8,1.6,324.0
2026-04-16 09:00:00,26.7,37.9,664.1,5.9,290.0
2026-04-16 10:00:00,30.4,36.5,778.2,2.0,283.0
2026-04-16 11:00:00,31.0,28.1,902.1,3.1,213.0
2026-04-16 12:00:00,30.1,27.1,884.7,3.2,265.0
2026-04-16 13:00:00,32.5,26.0,871.5,2.8,229.0
2026-04-16 14:00:00,32.2,23.1,775.3,3.6,224.0
2026-04-16 15:00:00,33.6,19.2,640.4,3.7,280.0
2026-04-16 16:00:00,34.0,27.2,433.2,5.7,232.0
2026-04-16 17:00:00,32.1,15.5,230.3,3.8,226.0
2026-04-16 18:00:00,30.4,25.3,14.2,3.7,273.0
2026-04-16 19:00:00,29.2,28.0,0.0,3.7,255.0
2026-04-16 20:00:00,26.6,31.3,0.0,3.5,198.0
2026-04-16 21:00:00,27.4,29.7,0.0,5.8,327.0
2026-04-16 22:00:00,25.7,36.7,0.0,3.6,196.0
2026-04-16 23:00:00,26.3,41.9,0.0,3.1,211.0
2026-04-17 00:00:00,21.5,44.7,0.0,3.1,211.0
2026-04-17 01:00:00,22.4,50.0,0.0,2.9,205.0
2026-04-17 02:00:00,21.3,50.2,0.0,2.5,234.0
2026-04-17 03:00:00,20.1,53.1,0.0,1.7,289.0
2026-04-17 04:00:00,20.5,52.4,0.0,2.1,251.0
2026-04-17 05:00:00,23.0,46.2,0.0,1.3,208.0
2026-04-17 06:00:00,22.3,50.0,0.0,3.0,316.0
2026-04-17 07:00:00,24.4,43.0,221.5,2.0,216.0
2026-04-17 08:00:00,25.5,37.6,427.0,3.1,324.0
2026-04-17 09:00:00,28.1,33.6,604.8,3.0,226.0
2026-04-17 10:00:00,29.0,32.1,782.0,2.1,191.0
2026-04-17 11:00:00,29.7,25.3,887.4,2.8,199.0
2026-04-17 12:00:00,32.0,25.4,881.8,2.6,261.0
2026-04-17 13:00:00,33.7,26.8,876.0,4.2,229.0
2026-04-17 14:00:00,31.6,20.9,777.1,3.2,275.0
2026-04-17 15:00:00,33.1,20.8,619.1,3.6,225.0
2026-04-17 16:00:00,33.4,22.2,460.0,4.3,196.0
2026-04-17 17:00:00,32.0,24.3,239.1,5.4,243.0
2026-04-17 18:00:00,31.8,23.0,0.0,4.6,213.0
2026-04-17 19:00:00,29.2,27.9,0.0,4.4,183.0
2026-04-17 20:00:00,27.5,27.9,0.0,4.3,275.0
2026-04-17 21:00:00,25.2,36.1,0.0,3.5,272.0
2026-04-17 22:00:00,25.5,44.4,0.0,7.1,248.0
2026-04-17 23:00:00,25.0,41.3,0.0,4.5,240.0
2026-04-18 00:00:00,24.1,46.4,0.0,4.3,285.0
2026-04-18 01:00:00,22.1,48.6,0.0,2.2,297.0
2026-04-18 02:00:00,20.9,51.2,0.0,1.9,247.0
2026-04-18 03:00:00,20.2,50.7,0.0,1.8,184.0
2026-04-18 04:00:00,22.5,53.2,0.0,2.8,228.0
2026-04-18 05:00:00,23.3,49.5,0.0,1.9,283.0
2026-04-18 06:00:00,21.5,46.1,16.5,3.9,189.0
2026-04-18 07:00:00,25.2,42.9,262.0,2.0,229.0
2026-04-18 08:00:00,25.6,36.7,431.5,2.3,283.0
2026-04-18 09:00:00,26.7,37.7,629.2,3.4,233.0
2026-04-18 10:00:00,29.8,28.6,793.4,2.6,234.0
2026-04-18 11:00:00,29.8,28.8,889.5,2.2,280.0
2026-04-18 12:00:00,31.9,25.0,891.3,4.2,251.0
2026-04-18 13:00:00,31.1,18.5,872.7,4.5,255.0
2026-04-18 14:00:00,33.3,23.0,770.8,3.7,213.0
2026-04-18 15:00:00,34.1,25.6,635.4,3.7,242.0
2026-04-18 16:00:00,33.6,22.7,449.1,6.0,288.0
2026-04-18 17:00:00,32.8,20.0,226.5,6.3,232.0
2026-04-18 18:00:00,32.6,26.4,0.0,4.4,218.0
2026-04-18 19:00:00,29.8,21.5,0.0,4.7,237.0
2026-04-18 20:00:00,28.1,27.7,0.0,3.9,295.0
2026-04-18 21:00:00,29.9,34.8,0.0,4.5,192.0
2026-04-18 22:00:00,25.4,40.5,0.0,4.5,275.0
2026-04-18 23:00:00,24.3,43.0,0.0,4.4,281.0
2026-04-19 00:00:00,21.9,48.8,0.0,4.0,229.0
2026-04-19 01:00:00,21.8,47.8,0.0,2.4,268.0
2026-04-19 02:00:00,22.6,50.8,0.0,2.1,230.0
2026-04-19 03:00:00,20.7,45.4,0.0,2.7,296.0
2026-04-19 04:00:00,22.3,51.4,0.0,4.8,332.0
2026-04-19 05:00:00,22.2,50.5,0.0,1.4,197.0
2026-04-19 06:00:00,23.1,51.6,0.0,3.8,263.0
2026-04-19 07:00:00,23.5,44.6,246.4,1.5,235.0
2026-04-19 08:00:00,26.1,44.8,439.4,1.5,209.0
2026-04-19 09:00:00,27.5,36.7,613.3,3.8,225.0
2026-04-19 10:00:00,28.5,30.0,799.0,3.6,266.0
2026-04-19 11:00:00,30.0,27.6,873.1,3.7,244.0
2026-04-19 12:00:00,31.1,29.3,933.3,3.3,274.0
2026-04-19 13:00:00,33.1,21.3,874.9,4.1,203.0
2026-04-19 14:00:00,34.0,24.6,784.5,4.5,208.0
2026-04-19 15:00:00,36.3,19.3,616.8,4.5,246.0
2026-04-19 16:00:00,34.9,19.5,467.8,3.8,250.0
2026-04-19 17:00:00,33.6,25.1,228.7,4.2,216.0
2026-04-19 18:00:00,30.0,25.6,2.6,3.9,220.0
2026-04-19 19:00:00,29.7,26.6,0.0,3.9,165.0
2026-04-19 20:00:00,29.0,33.0,0.0,4.2,236.0
2026-04-19 21:00:00,28.7,40.4,0.0,5.0,223.0
2026-04-19 22:00:00,26.4,39.8,0.0,4.6,187.0
2026-04-19 23:00:00,23.3,47.1,0.0,3.6,219.0
2026-04-20 00:00:00,23.9,51.9,0.0,3.5,276.0
2026-04-20 01:00:00,23.3,51.9,0.0,2.4,257.0
2026-04-20 02:00:00,22.0,45.8,0.0,2.0,224.0
2026-04-20 03:00:00,21.8,50.3,0.0,2.4,237.0
2026-04-20 04:00:00,21.2,46.2,0.0,2.1,259.0
2026-04-20 05:00:00,24.2,52.1,0.0,2.4,218.0
2026-04-20 06:00:00,23.7,48.0,0.0,2.2,285.0
2026-04-20 07:00:00,26.0,46.6,223.3,4.1,281.0
2026-04-20 08:00:00,24.3,38.4,464.3,3.1,235.0
2026-04-20 09:00:00,26.5,37.1,674.5,5.9,301.0
2026-04-20 10:00:00,30.2,33.5,818.8,3.1,268.0
2026-04-20 11:00:00,31.9,27.2,879.6,3.1,265.0
2026-04-20 12:00:00,30.5,27.8,903.3,2.9,163.0
2026-04-20 13:00:00,33.1,27.3,832.2,3.1,213.0
2026-04-20 14:00:00,35.7,22.3,760.5,3.7,231.0
2026-04-20 15:00:00,33.6,25.5,646.2,3.6,204.0
2026-04-20 16:00:00,31.4,23.9,471.2,4.3,262.0
2026-04-20 17:00:00,33.8,21.7,226.2,3.9,272.0
2026-04-20 18:00:00,30.1,25.5,0.0,3.7,276.0
2026-04-20 19:00:00,30.8,26.2,0.0,5.0,252.0
2026-04-20 20:00:00,29.5,29.7,0.0,3.8,235.0
2026-04-20 21:00:00,27.7,38.0,0.0,4.2,228.0
2026-04-20 22:00:00,22.6,42.5,0.0,3.6,202.0
2026-04-20 23:00:00,24.6,45.4,0.0,2.9,274.0
2026-04-21 00:00:00,23.7,46.9,0.0,3.1,193.0
2026-04-21 01:00:00,22.9,48.1,0.0,4.0,240.0
2026-04-21 02:00:00,22.3,50.9,0.0,2.8,223.0
2026-04-21 03:00:00,23.2,56.1,0.0,2.0,182.0
2026-04-21 04:00:00,22.2,57.6,0.0,3.5,233.0
2026-04-21 05:00:00,23.1,52.7,0.0,2.0,227.0
2026-04-21 06:00:00,22.6,51.4,19.4,1.4,226.0
2026-04-21 07:00:00,23.1,50.2,275.3,1.7,254.0
2026-04-21 08:00:00,24.7,36.1,465.4,2.6,223.0
2026-04-21 09:00:00,27.7,33.4,670.0,4.8,198.0
2026-04-21 10:00:00,30.8,29.9,797.9,3.1,168.0
2026-04-21 11:00:00,30.5,30.4,867.8,4.8,253.0
2026-04-21 12:00:00,32.9,26.7,900.9,2.8,206.0
2026-04-21 13:00:00,31.7,18.3,871.0,4.2,202.0
2026-04-21 14:00:00,34.0,28.0,782.2,3.5,281.0
2026-04-21 15:00:00,32.7,17.4,661.6,3.8,231.0
2026-04-21 16:00:00,34.5,21.6,453.3,7.5,217.0
2026-04-21 17:00:00,31.4,25.9,250.7,3.8,241.0
2026-04-21 18:00:00,31.2,26.1,14.9,4.2,230.0
2026-04-21 19:00:00,30.3,26.8,0.0,3.8,204.0
2026-04-21 20:00:00,27.2,29.8,0.0,3.6,233.0
2026-04-21 21:00:00,29.7,37.7,0.0,3.9,217.0
2026-04-21 22:00:00,27.8,37.5,0.0,5.3,239.0
2026-04-21 23:00:00,26.2,44.8,0.0,4.1,211.0
2026-04-22 00:00:00,22.4,50.9,0.0,3.7,215.0
2026-04-22 01:00:00,23.5,47.5,0.0,2.8,230.0
2026-04-22 02:00:00,24.6,50.7,0.0,2.8,242.0
2026-04-22 03:00:00,22.6,53.5,0.0,4.7,205.0
2026-04-22 04:00:00,22.2,51.5,0.0,2.4,198.0
2026-04-22 05:00:00,23.8,48.2,0.0,3.4,263.0
2026-04-22 06:00:00,23.2,45.9,26.1,4.1,244.0
2026-04-22 07:00:00,26.0,41.8,243.7,6.6,227.0
2026-04-22 08:00:00,27.9,42.6,474.0,1.7,216.0
2026-04-22 09:00:00,26.7,36.3,654.9,2.1,235.0
2026-04-22 10:00:00,32.4,35.5,781.1,2.4,274.0
2026-04-22 11:00:00,28.5,26.4,894.0,3.4,236.0
2026-04-22 12:00:00,34.1,25.4,878.1,2.6,211.0
2026-04-22 13:00:00,33.7,25.9,852.2,5.2,256.0
2026-04-22 14:00:00,33.4,25.2,730.5,3.4,260.0
2026-04-22 15:00:00,32.3,21.3,635.6,9.3,266.0
2026-04-22 16:00:00,34.5,24.0,458.9,5.9,262.0
2026-04-22 17:00:00,31.0,21.4,222.1,4.4,225.0
2026-04-22 18:00:00,31.5,28.0,0.0,4.5,180.0
2026-04-22 19:00:00,29.8,23.5,0.0,3.7,257.0
2026-04-22 20:00:00,30.4,38.6,0.0,3.6,256.0
2026-04-22 21:00:00,28.0,36.1,0.0,3.8,194.0
2026-04-22 22:00:00,26.5,44.1,0.0,4.4,245.0
2026-04-22 23:00:00,21.3,42.9,0.0,4.8,285.0
2026-04-23 00:00:00,23.1,48.7,0.0,4.4,172.0
2026-04-23 01:00:00,24.5,51.6,0.0,3.1,238.0
2026-04-23 02:00:00,23.1,54.3,0.0,1.9,181.0
2026-04-23 03:00:00,22.6,53.1,0.0,3.2,248.0
2026-04-23 04:00:00,20.5,56.5,0.0,1.8,267.0
2026-04-23 05:00:00,24.0,51.0,0.0,3.2,233.0
2026-04-23 06:00:00,23.9,48.4,10.4,2.7,239.0
2026-04-23 07:00:00,24.9,43.0,257.9,2.8,203.0
2026-04-23 08:00:00,28.0,43.3,441.1,2.7,207.0
2026-04-23 09:00:00,29.2,39.2,657.8,3.8,279.0
2026-04-23 10:00:00,28.9,30.8,751.6,2.4,199.0
2026-04-23 11:00:00,29.9,27.9,837.8,2.9,247.0
2026-04-23 12:00:00,32.7,27.1,885.7,3.5,231.0
2026-04-23 13:00:00,34.0,21.0,870.4,3.4,227.0
2026-04-23 14:00:00,35.5,23.1,771.4,3.6,223.0
2026-04-23 15:00:00,35.8,19.7,635.7,4.1,207.0
2026-04-23 16:00:00,34.6,23.8,439.3,4.1,266.0
2026-04-23 17:00:00,35.3,26.4,250.4,4.0,177.0
2026-04-23 18:00:00,33.3,27.5,28.6,4.3,198.0
2026-04-23 19:00:00,29.9,27.4,0.0,4.8,235.0
2026-04-23 20:00:00,29.1,33.1,0.0,3.8,261.0
2026-04-23 21:00:00,29.1,33.3,0.0,3.6,290.0
2026-04-23 22:00:00,27.2,40.2,0.0,6.0,247.0
2026-04-23 23:00:00,24.2,45.6,0.0,5.5,195.0
2026-04-24 00:00:00,22.4,47.6,0.0,5.2,232.0
2026-04-24 01:00:00,23.8,48.9,0.0,9.2,212.0
2026-04-24 02:00:00,22.0,50.7,0.0,2.1,291.0
2026-04-24 03:00:00,23.0,54.8,0.0,2.7,266.0
2026-04-24 04:00:00,21.8,49.0,0.0,1.5,234.0
2026-04-24 05:00:00,22.0,48.5,0.0,2.8,221.0
2026-04-24 06:00:00,25.3,48.9,11.3,3.0,235.0
2026-04-24 07:00:00,24.8,39.8,236.7,3.6,247.0
2026-04-24 08:00:00,25.7,42.3,449.2,1.7,283.0
2026-04-24 09:00:00,27.5,37.0,668.4,4.5,226.0
2026-04-24 10:00:00,28.4,35.2,791.1,2.2,257.0
2026-04-24 11:00:00,32.8,29.5,943.3,3.0,299.0
2026-04-24 12:00:00,32.1,28.0,889.7,3.8,162.0
2026-04-24 13:00:00,34.8,24.1,849.4,3.1,239.0
2026-04-24 14:00:00,33.3,15.7,784.4,5.0,250.0
2026-04-24 15:00:00,31.3,17.2,627.5,7.4,227.0
2026-04-24 16:00:00,35.1,24.5,426.3,3.9,213.0
2026-04-24 17:00:00,35.1,24.5,255.0,6.3,193.0
2026-04-24 18:00:00,31.6,24.6,15.7,4.4,222.0
2026-04-24 19:00:00,30.7,27.1,0.0,7.8,213.0
2026-04-24 20:00:00,30.1,33.8,0.0,4.1,262.0
2026-04-24 21:00:00,28.1,34.1,0.0,7.5,215.0
2026-04-24 22:00:00,27.3,40.7,0.0,3.5,229.0
2026-04-24 23:00:00,26.3,48.3,0.0,3.1,262.0
2026-04-25 00:00:00,25.0,48.0,0.0,2.7,259.0
2026-04-25 01:00:00,23.3,50.6,0.0,4.6,249.0
2026-04-25 02:00:00,20.9,52.1,0.0,2.4,318.0
2026-04-25 03:00:00,21.5,48.7,0.0,1.9,267.0
2026-04-25 04:00:00,22.1,46.0,0.0,1.8,268.0
2026-04-25 05:00:00,25.2,50.2,0.0,1.5,269.0
2026-04-25 06:00:00,24.8,48.2,0.0,1.9,204.0
2026-04-25 07:00:00,24.7,38.1,244.9,2.2,227.0
2026-04-25 08:00:00,28.3,37.7,468.6,2.5,273.0
2026-04-25 09:00:00,29.5,38.1,619.1,1.9,213.0
2026-04-25 10:00:00,30.3,33.0,760.6,4.7,205.0
2026-04-25 11:00:00,31.8,23.1,874.4,3.4,224.0
2026-04-25 12:00:00,33.6,22.8,918.0,3.4,254.0
2026-04-25 13:00:00,35.7,24.5,910.7,3.7,253.0
2026-04-25 14:00:00,35.9,22.1,787.1,3.4,310.0
2026-04-25 15:00:00,35.0,21.0,603.3,4.4,314.0
2026-04-25 16:00:00,34.4,31.4,418.1,4.5,217.0
2026-04-25 17:00:00,33.2,17.5,214.1,3.8,242.0
2026-04-25 18:00:00,33.4,28.1,0.0,5.3,178.0
2026-04-25 19:00:00,31.3,31.1,0.0,6.2,290.0
2026-04-25 20:00:00,29.0,32.0,0.0,4.3,267.0
2026-04-25 21:00:00,30.7,37.6,0.0,3.7,284.0
2026-04-25 22:00:00,26.0,37.4,0.0,4.0,212.0
2026-04-25 23:00:00,26.4,45.0,0.0,3.0,213.0
2026-04-26 00:00:00,22.0,48.5,0.0,2.5,204.0
2026-04-26 01:00:00,23.5,49.8,0.0,2.6,190.0
2026-04-26 02:00:00,22.8,51.4,0.0,2.6,262.0
2026-04-26 03:00:00,24.0,47.8,0.0,2.4,196.0
2026-04-26 04:00:00,24.2,51.0,0.0,2.5,259.0
2026-04-26 05:00:00,22.7,45.5,0.0,2.2,192.0
2026-04-26 06:00:00,25.1,46.0,5.5,2.9,254.0
2026-04-26 07:00:00,25.7,40.3,218.6,3.7,294.0
2026-04-26 08:00:00,29.4,40.0,455.9,3.3,222.0
2026-04-26 09:00:00,29.2,37.7,656.4,1.7,266.0
2026-04-26 10:00:00,32.0,28.8,788.6,2.0,235.0
2026-04-26 11:00:00,31.2,24.6,882.9,3.7,216.0
2026-04-26 12:00:00,33.4,30.5,917.3,3.5,165.0
2026-04-26 13:00:00,34.5,21.7,854.7,4.2,269.0
2026-04-26 14:00:00,34.0,22.8,775.6,3.2,164.0
2026-04-26 15:00:00,31.7,23.7,634.4,10.3,239.0
2026-04-26 16:00:00,34.5,20.1,452.5,3.8,198.0
2026-04-26 17:00:00,34.0,24.7,250.3,3.9,234.0
2026-04-26 18:00:00,32.6,27.8,0.0,4.9,287.0
2026-04-26 19:00:00,30.9,29.1,0.0,4.2,268.0
2026-04-26 20:00:00,31.2,29.0,0.0,6.4,208.0
2026-04-26 21:00:00,29.5,39.8,0.0,5.7,257.0
2026-04-26 22:00:00,28.1,47.4,0.0,3.1,266.0
2026-04-26 23:00:00,23.9,41.6,0.0,5.3,244.0
2026-04-27 00:00:00,26.8,46.9,0.0,3.2,257.0
2026-04-27 01:00:00,25.8,50.7,0.0,2.7,231.0
2026-04-27 02:00:00,22.7,51.0,0.0,3.9,221.0
2026-04-27 03:00:00,21.9,54.0,0.0,1.9,201.0
2026-04-27 04:00:00,25.3,54.0,0.0,1.8,265.0
2026-04-27 05:00:00,25.5,53.5,0.0,2.0,251.0
2026-04-27 06:00:00,22.6,49.4,17.8,1.9,222.0
2026-04-27 07:00:00,26.0,41.0,231.0,1.8,226.0
2026-04-27 08:00:00,26.4,41.9,455.3,1.5,230.0
2026-04-27 09:00:00,29.5,41.3,632.8,5.2,243.0
2026-04-27 10:00:00,30.8,36.9,777.9,2.3,214.0
2026-04-27 11:00:00,30.8,33.4,894.7,2.2,255.0
2026-04-27 12:00:00,34.2,27.5,904.2,3.1,187.0
2026-04-27 13:00:00,34.5,27.6,895.4,3.8,234.0
2026-04-27 14:00:00,35.7,20.5,780.9,3.5,210.0
2026-04-27 15:00:00,33.7,25.0,631.2,4.5,227.0
2026-04-27 16:00:00,35.6,18.7,445.7,3.6,291.0
2026-04-27 17:00:00,33.5,26.9,233.3,4.7,280.0
2026-04-27 18:00:00,32.6,17.6,0.0,4.0,235.0
2026-04-27 19:00:00,32.1,30.7,0.0,5.9,251.0
2026-04-27 20:00:00,28.9,30.1,0.0,4.1,259.0
2026-04-27 21:00:00,29.7,39.7,0.0,4.4,264.0
2026-04-27 22:00:00,26.3,44.9,0.0,3.9,229.0
2026-04-27 23:00:00,26.7,47.9,0.0,3.0,248.0
2026-04-28 00:00:00,25.4,49.0,0.0,2.7,236.0
2026-04-28 01:00:00,23.5,48.3,0.0,3.0,221.0
2026-04-28 02:00:00,21.3,52.1,0.0,2.1,248.0
2026-04-28 03:00:00,24.8,54.2,0.0,6.8,216.0
2026-04-28 04:00:00,24.0,47.3,0.0,3.1,257.0
2026-04-28 05:00:00,23.0,49.2,0.0,2.7,202.0
2026-04-28 06:00:00,22.7,47.2,0.0,2.9,287.0
2026-04-28 07:00:00,27.1,46.8,213.0,3.7,227.0
2026-04-28 08:00:00,28.1,40.9,439.8,1.6,279.0
2026-04-28 09:00:00,29.3,39.9,647.0,2.3,227.0
2026-04-28 10:00:00,32.2,36.8,774.9,2.5,199.0
2026-04-28 11:00:00,27.8,28.1,895.9,4.2,237.0
2026-04-28 12:00:00,33.8,24.6,908.3,3.8,217.0
2026-04-28 13:00:00,34.1,26.9,861.6,2.9,249.0
2026-04-28 14:00:00,34.9,26.0,785.4,3.5,202.0
2026-04-28 15:00:00,36.7,22.9,621.3,3.9,238.0
2026-04-28 16:00:00,35.5,25.1,420.1,3.7,341.0
2026-04-28 17:00:00,35.8,26.0,220.0,5.5,220.0
2026-04-28 18:00:00,32.5,30.6,0.0,3.9,269.0
2026-04-28 19:00:00,31.5,29.5,0.0,4.0,227.0
2026-04-28 20:00:00,32.0,33.3,0.0,5.0,197.0
2026-04-28 21:00:00,30.5,35.2,0.0,3.4,246.0
2026-04-28 22:00:00,27.9,40.2,0.0,3.8,216.0
2026-04-28 23:00:00,25.7,44.3,0.0,3.4,199.0
2026-04-29 00:00:00,25.6,50.0,0.0,2.8,189.0
2026-04-29 01:00:00,22.4,51.1,0.0,4.0,261.0
2026-04-29 02:00:00,25.4,59.1,0.0,3.1,278.0
2026-04-29 03:00:00,24.4,55.1,0.0,1.7,262.0
2026-04-29 04:00:00,24.0,56.7,0.0,2.0,274.0
2026-04-29 05:00:00,25.0,52.6,0.0,2.2,266.0
2026-04-29 06:00:00,25.7,43.5,18.9,1.7,267.0
2026-04-29 07:00:00,26.3,45.3,251.9,1.7,277.0
2026-04-29 08:00:00,27.7,41.3,455.6,4.9,285.0
2026-04-29 09:00:00,31.5,36.0,648.8,1.7,217.0
2026-04-29 10:00:00,30.9,36.5,779.4,2.9,197.0
2026-04-29 11:00:00,31.5,32.8,869.8,3.3,216.0
2026-04-29 12:00:00,32.2,20.4,910.9,2.6,198.0
2026-04-29 13:00:00,35.8,28.4,874.7,3.6,266.0
2026-04-29 14:00:00,35.6,24.0,799.6,7.1,236.0
2026-04-29 15:00:00,35.5,27.7,658.1,4.1,291.0
2026-04-29 16:00:00,38.7,22.8,456.9,3.8,216.0
2026-04-29 17:00:00,32.5,28.8,198.6,3.7,249.0
2026-04-29 18:00:00,33.3,28.8,0.0,5.4,262.0
2026-04-29 19:00:00,33.1,30.9,0.0,5.3,244.0
2026-04-29 20:00:00,29.7,38.7,0.0,3.6,223.0
2026-04-29 21:00:00,28.9,41.2,0.0,3.5,231.0
2026-04-29 22:00:00,29.5,35.9,0.0,3.6,211.0
2026-04-29 23:00:00,24.8,40.8,0.0,3.1,210.0
2026-04-30 00:00:00,26.0,48.1,0.0,3.0,233.0
2026-04-30 01:00:00,24.9,56.9,0.0,2.4,177.0
2026-04-30 02:00:00,24.5,50.1,0.0,2.2,275.0
2026-04-30 03:00:00,23.8,51.4,0.0,2.0,235.0
2026-04-30 04:00:00,24.5,53.6,0.0,1.5,282.0
2026-04-30 05:00:00,24.6,50.5,0.0,3.1,249.0
2026-04-30 06:00:00,24.5,50.0,46.2,3.3,218.0
2026-04-30 07:00:00,27.6,43.7,236.5,1.4,242.0
2026-04-30 08:00:00,28.9,39.9,474.2,3.0,188.0
2026-04-30 09:00:00,30.1,34.2,641.9,1.9,207.0
2026-04-30 10:00:00,31.2,37.4,795.0,4.6,223.0
2026-04-30 11:00:00,33.2,33.7,860.7,2.9,313.0
2026-04-30 12:00:00,33.5,24.1,887.3,2.6,211.0
2026-04-30 13:00:00,33.4,25.2,875.0,2.9,239.0
2026-04-30 14:00:00,34.1,23.9,790.7,3.4,284.0
2026-04-30 15:00:00,36.0,20.4,641.6,6.2,242.0
2026-04-30 16:00:00,35.7,24.1,439.7,4.1,205.0
2026-04-30 17:00:00,36.8,27.4,197.1,3.9,275.0
2026-04-30 18:00:00,32.9,26.7,23.8,3.9,206.0
2026-04-30 19:00:00,35.3,27.5,0.0,4.7,226.0
2026-04-30 20:00:00,31.1,39.9,0.0,4.6,224.0
2026-04-30 21:00:00,26.9,32.2,0.0,4.4,226.0
2026-04-30 22:00:00,28.9,41.5,0.0,3.3,226.0
2026-04-30 23:00:00,27.7,49.8,0.0,5.0,199.0
2026-05-01 00:00:00,26.9,48.4,0.0,2.5,246.0
2026-05-01 01:00:00,25.2,53.4,0.0,2.8,283.0
2026-05-01 02:00:00,25.1,52.6,0.0,6.0,230.0
2026-05-01 03:00:00,22.9,53.1,0.0,1.9,184.0
2026-05-01 04:00:00,23.4,50.1,0.0,3.3,274.0
2026-05-01 05:00:00,23.1,54.6,0.0,2.0,238.0
2026-05-01 06:00:00,24.0,51.6,0.0,1.9,230.0
2026-05-01 07:00:00,24.6,45.9,228.3,1.6,198.0
2026-05-01 08:00:00,28.3,39.7,461.5,3.0,242.0
2026-05-01 09:00:00,28.6,41.3,614.5,1.8,155.0
2026-05-01 10:00:00,31.6,36.2,833.1,3.9,227.0
2026-05-01 11:00:00,32.5,30.6,896.1,2.8,220.0
2026-05-01 12:00:00,33.9,24.4,929.0,3.0,247.0
2026-05-01 13:00:00,35.3,24.0,877.0,3.2,296.0
2026-05-01 14:00:00,34.2,21.3,813.9,3.2,251.0
2026-05-01 15:00:00,33.9,25.2,636.8,3.5,206.0
2026-05-01 16:00:00,34.1,23.2,471.5,5.9,220.0
2026-05-01 17:00:00,35.2,29.4,233.6,3.9,219.0
2026-05-01 18:00:00,34.0,29.9,0.0,4.6,286.0
2026-05-01 19:00:00,32.6,32.2,0.0,3.7,182.0
2026-05-01 20:00:00,29.7,33.5,0.0,4.5,257.0
2026-05-01 21:00:00,29.3,38.5,0.0,4.7,233.0
2026-05-01 22:00:00,26.5,42.5,0.0,3.5,187.0
2026-05-01 23:00:00,25.4,46.2,0.0,3.4,188.0
2026-05-02 00:00:00,26.5,45.0,0.0,2.6,198.0
2026-05-02 01:00:00,23.0,54.6,0.0,3.9,225.0
2026-05-02 02:00:00,24.2,51.4,0.0,2.8,182.0
2026-05-02 03:00:00,21.7,52.5,0.0,2.6,273.0
2026-05-02 04:00:00,23.6,50.0,0.0,2.5,263.0
2026-05-02 05:00:00,27.6,51.5,0.0,2.1,219.0
2026-05-02 06:00:00,23.8,49.1,8.6,3.2,200.0
2026-05-02 07:00:00,28.1,37.4,245.5,1.5,233.0
2026-05-02 08:00:00,28.0,40.5,450.9,2.7,220.0
2026-05-02 09:00:00,27.6,40.1,669.0,4.0,290.0
2026-05-02 10:00:00,33.8,30.2,791.1,2.9,246.0
2026-05-02 11:00:00,33.3,30.8,880.9,4.6,205.0
2026-05-02 12:00:00,35.4,30.7,955.6,2.6,216.0
2026-05-02 13:00:00,34.2,26.2,928.5,3.0,187.0
2026-05-02 14:00:00,34.3,26.0,762.4,3.6,211.0
2026-05-02 15:00:00,33.3,23.7,626.6,7.0,237.0
2026-05-02 16:00:00,36.5,26.1,455.3,5.4,231.0
2026-05-02 17:00:00,36.9,23.1,234.5,5.0,228.0
2026-05-02 18:00:00,33.6,31.3,25.3,3.9,209.0
2026-05-02 19:00:00,34.3,32.4,0.0,4.2,228.0
2026-05-02 20:00:00,29.0,32.9,0.0,5.3,260.0
2026-05-02 21:00:00,28.3,37.2,0.0,4.7,207.0
2026-05-02 22:00:00,28.2,44.5,0.0,3.1,267.0
2026-05-02 23:00:00,27.1,46.0,0.0,4.4,249.0
2026-05-03 00:00:00,24.5,49.4,0.0,2.7,218.0
2026-05-03 01:00:00,23.8,51.6,0.0,2.7,295.0
2026-05-03 02:00:00,24.1,51.7,0.0,2.8,185.0
2026-05-03 03:00:00,25.0,53.7,0.0,3.4,241.0
2026-05-03 04:00:00,25.2,56.4,0.0,1.5,215.0
2026-05-03 05:00:00,25.9,52.3,0.0,3.8,213.0
2026-05-03 06:00:00,26.0,49.4,0.0,1.3,285.0
2026-05-03 07:00:00,27.2,47.8,231.6,4.9,196.0
2026-05-03 08:00:00,28.2,47.0,467.3,2.9,240.0
2026-05-03 09:00:00,31.2,32.8,658.0,3.0,223.0
2026-05-03 10:00:00,32.9,34.7,810.6,2.2,256.0
2026-05-03 11:00:00,34.2,28.7,869.5,2.9,241.0
2026-05-03 12:00:00,33.9,31.5,885.2,2.9,217.0
2026-05-03 13:00:00,34.6,23.2,910.5,2.9,273.0
2026-05-03 14:00:00,36.0,28.8,780.4,3.9,236.0
2026-05-03 15:00:00,35.7,20.3,615.0,4.8,191.0
2026-05-03 16:00:00,35.9,24.4,468.6,5.0,236.0
2026-05-03 17:00:00,36.9,25.2,205.0,4.5,225.0
2026-05-03 18:00:00,33.8,21.4,0.0,4.7,218.0
2026-05-03 19:00:00,31.9,31.1,0.0,4.2,250.0
2026-05-03 20:00:00,29.0,34.1,0.0,4.0,289.0
2026-05-03 21:00:00,28.7,37.5,0.0,3.9,203.0
2026-05-03 22:00:00,26.8,41.8,0.0,4.5,218.0
2026-05-03 23:00:00,27.6,42.2,0.0,3.0,197.0
2026-05-04 00:00:00,25.2,48.3,0.0,4.0,204.0
2026-05-04 01:00:00,23.0,47.4,0.0,2.2,195.0
2026-05-04 02:00:00,23.7,52.4,0.0,2.5,184.0
2026-05-04 03:00:00,24.7,57.3,0.0,2.2,206.0
2026-05-04 04:00:00,25.4,46.0,0.0,3.7,265.0
2026-05-04 05:00:00,24.1,52.8,0.0,2.1,231.0
2026-05-04 06:00:00,23.8,46.1,10.3,1.7,237.0
2026-05-04 07:00:00,26.6,49.1,266.5,2.1,228.0
2026-05-04 08:00:00,27.4,41.6,480.2,3.3,228.0
2026-05-04 09:00:00,29.7,40.3,658.0,4.4,228.0
2026-05-04 10:00:00,31.4,33.8,801.8,2.2,310.0
2026-05-04 11:00:00,33.3,32.8,872.5,2.9,180.0
2026-05-04 12:00:00,34.5,25.8,951.6,3.1,216.0
2026-05-04 13:00:00,34.6,26.1,932.8,3.5,137.0
2026-05-04 14:00:00,36.4,25.3,806.6,5.2,270.0
2026-05-04 15:00:00,36.7,25.6,634.4,3.7,231.0
2026-05-04 16:00:00,36.1,22.4,445.3,3.9,249.0
2026-05-04 17:00:00,36.5,35.3,214.9,5.3,225.0
2026-05-04 18:00:00,36.2,22.1,15.4,4.6,233.0
2026-05-04 19:00:00,34.5,29.5,0.0,4.8,269.0
2026-05-04 20:00:00,32.2,37.2,0.0,4.0,260.0
2026-05-04 21:00:00,29.9,36.8,0.0,4.1,190.0
2026-05-04 22:00:00,26.4,44.3,0.0,3.5,209.0
2026-05-04 23:00:00,26.7,46.3,0.0,3.2,247.0
2026-05-05 00:00:00,24.9,45.9,0.0,4.0,243.0
2026-05-05 01:00:00,23.6,56.2,0.0,3.5,219.0
2026-05-05 02:00:00,22.3,47.7,0.0,3.5,209.0
2026-05-05 03:00:00,24.4,57.6,0.0,2.0,174.0
2026-05-05 04:00:00,25.2,52.8,0.0,6.2,230.0
2026-05-05 05:00:00,25.1,52.7,0.0,1.7,232.0
2026-05-05 06:00:00,25.8,53.2,0.0,3.2,243.0
2026-05-05 07:00:00,26.6,49.0,256.4,2.3,261.0
2026-05-05 08:00:00,29.0,42.5,438.2,2.5,190.0
2026-05-05 09:00:00,27.3,34.9,654.5,2.8,241.0
2026-05-05 10:00:00,32.0,33.9,815.5,2.7,186.0
2026-05-05 11:00:00,32.2,30.5,898.0,3.3,207.0
2026-05-05 12:00:00,34.6,33.1,927.2,2.7,203.0
2026-05-05 13:00:00,34.8,22.8,877.4,3.0,265.0
2026-05-05 14:00:00,34.4,25.4,825.2,3.3,249.0
2026-05-05 15:00:00,35.6,26.8,692.8,4.2,219.0
2026-05-05 16:00:00,37.1,27.2,452.7,3.7,234.0
2026-05-05 17:00:00,34.1,32.6,271.2,5.7,226.0
2026-05-05 18:00:00,37.1,30.1,0.0,5.4,242.0
2026-05-05 19:00:00,32.7,34.6,0.0,4.9,268.0
2026-05-05 20:00:00,33.9,31.3,0.0,3.6,205.0
2026-05-05 21:00:00,30.2,41.9,0.0,3.6,234.0
2026-05-05 22:00:00,27.6,44.9,0.0,4.0,202.0
2026-05-05 23:00:00,28.0,48.9,0.0,3.7,275.0
2026-05-06 00:00:00,25.2,50.7,0.0,3.0,260.0
2026-05-06 01:00:00,26.0,49.5,0.0,2.8,244.0
2026-05-06 02:00:00,23.1,52.3,0.0,2.0,212.0
2026-05-06 03:00:00,24.6,49.7,0.0,2.5,207.0
2026-05-06 04:00:00,24.6,56.1,0.0,2.7,256.0
2026-05-06 05:00:00,25.3,50.6,0.0,2.4,220.0
2026-05-06 06:00:00,26.6,52.2,12.7,2.3,239.0
2026-05-06 07:00:00,29.4,49.1,266.6,3.6,194.0
2026-05-06 08:00:00,28.6,43.2,441.6,2.7,232.0
2026-05-06 09:00:00,30.2,39.5,630.4,1.9,218.0
2026-05-06 10:00:00,30.1,38.0,782.2,3.2,198.0
2026-05-06 11:00:00,32.7,35.3,873.6,3.0,200.0
2026-05-06 12:00:00,34.4,28.3,940.4,3.7,247.0
2026-05-06 13:00:00,34.2,27.2,873.3,3.2,247.0
2026-05-06 14:00:00,37.2,26.3,770.7,3.7,215.0
2026-05-06 15:00:00,35.3,27.6,642.8,4.4,206.0
2026-05-06 16:00:00,37.3,23.7,470.7,4.9,167.0
2026-05-06 17:00:00,35.8,26.5,232.3,3.8,215.0
2026-05-06 18:00:00,35.8,29.6,40.9,4.1,213.0
2026-05-06 19:00:00,34.7,34.5,0.0,4.3,286.0
2026-05-06 20:00:00,32.0,35.0,0.0,3.6,213.0
2026-05-06 21:00:00,29.9,40.9,0.0,3.5,195.0
2026-05-06 22:00:00,28.5,46.0,0.0,3.5,251.0
2026-05-06 23:00:00,27.7,48.8,0.0,3.2,253.0
2026-05-07 00:00:00,26.4,45.7,0.0,2.5,194.0
2026-05-07 01:00:00,26.4,56.6,0.0,2.3,225.0
2026-05-07 02:00:00,27.4,50.8,0.0,1.9,228.0
2026-05-07 03:00:00,23.5,53.8,0.0,1.7,237.0
2026-05-07 04:00:00,25.2,55.5,0.0,1.7,247.0
2026-05-07 05:00:00,25.0,49.7,0.0,3.3,243.0
2026-05-07 06:00:00,25.9,58.6,0.0,1.4,286.0
2026-05-07 07:00:00,26.9,46.7,233.9,2.3,238.0
2026-05-07 08:00:00,28.5,43.7,463.4,2.2,256.0
2026-05-07 09:00:00,32.0,43.8,634.1,3.4,253.0
2026-05-07 10:00:00,30.5,35.2,773.1,2.6,247.0
2026-05-07 11:00:00,32.4,33.3,910.2,3.0,256.0
2026-05-07 12:00:00,34.9,27.0,937.2,3.7,228.0
2026-05-07 13:00:00,36.8,21.8,892.0,4.1,236.0
2026-05-07 14:00:00,37.6,30.1,767.9,3.2,198.0
2026-05-07 15:00:00,34.9,17.5,627.9,3.8,266.0
2026-05-07 16:00:00,37.2,27.6,491.2,5.1,203.0
2026-05-07 17:00:00,37.3,27.2,206.1,4.8,266.0
2026-05-07 18:00:00,35.1,28.3,0.0,4.1,234.0
2026-05-07 19:00:00,33.2,28.4,0.0,4.1,278.0
2026-05-07 20:00:00,34.0,40.2,0.0,4.2,244.0
2026-05-07 21:00:00,31.0,46.1,0.0,5.5,256.0
2026-05-07 22:00:00,29.5,44.4,0.0,3.2,213.0
2026-05-07 23:00:00,26.0,48.7,0.0,5.7,208.0
2026-05-08 00:00:00,25.5,50.0,0.0,3.6,201.0
2026-05-08 01:00:00,22.6,55.0,0.0,6.0,240.0
2026-05-08 02:00:00,26.0,53.7,0.0,2.7,195.0
2026-05-08 03:00:00,24.0,55.9,0.0,4.4,205.0
2026-05-08 04:00:00,26.0,52.4,0.0,2.9,218.0
2026-05-08 05:00:00,25.2,47.4,0.0,1.8,143.0
2026-05-08 06:00:00,26.6,51.2,0.0,1.7,244.0
2026-05-08 07:00:00,27.5,53.0,222.1,2.2,228.0
2026-05-08 08:00:00,29.0,42.7,469.3,3.3,291.0
2026-05-08 09:00:00,30.9,39.0,664.1,2.2,225.0
2026-05-08 10:00:00,34.5,31.7,800.6,4.0,203.0
2026-05-08 11:00:00,32.0,34.7,874.5,3.0,193.0
2026-05-08 12:00:00,36.5,26.4,916.6,4.0,194.0
2026-05-08 13:00:00,37.1,25.2,905.8,4.0,226.0
2026-05-08 14:00:00,35.0,27.7,818.5,3.8,199.0
2026-05-08 15:00:00,36.1,23.7,646.8,3.4,205.0
2026-05-08 16:00:00,35.1,25.3,448.8,3.8,241.0
2026-05-08 17:00:00,36.3,24.6,207.1,4.8,253.0
2026-05-08 18:00:00,36.1,21.3,32.0,5.5,233.0
2026-05-08 19:00:00,32.0,32.6,0.0,3.7,266.0
2026-05-08 20:00:00,32.2,35.2,0.0,5.2,213.0
2026-05-08 21:00:00,29.9,41.2,0.0,4.4,253.0
2026-05-08 22:00:00,26.7,40.0,0.0,4.2,292.0
2026-05-08 23:00:00,28.2,45.4,0.0,3.2,188.0
2026-05-09 00:00:00,26.5,47.7,0.0,2.6,263.0
2026-05-09 01:00:00,25.8,55.1,0.0,2.5,240.0
2026-05-09 02:00:00,26.5,54.1,0.0,2.4,245.0
2026-05-09 03:00:00,23.9,56.5,0.0,1.9,251.0
2026-05-09 04:00:00,27.1,58.7,0.0,1.8,232.0
2026-05-09 05:00:00,26.6,55.2,0.0,2.4,255.0
2026-05-09 06:00:00,25.0,51.0,25.6,2.8,211.0
2026-05-09 07:00:00,26.7,52.9,243.2,2.5,236.0
2026-05-09 08:00:00,27.8,40.9,476.0,2.6,230.0
2026-05-09 09:00:00,31.0,39.3,649.1,1.9,231.0
2026-05-09 10:00:00,33.4,33.2,814.4,2.7,205.0
2026-05-09 11:00:00,32.4,34.4,861.3,3.5,256.0
2026-05-09 12:00:00,34.2,32.1,928.4,2.6,167.0
2026-05-09 13:00:00,34.0,32.9,890.9,3.2,278.0
2026-05-09 14:00:00,36.3,33.1,800.8,4.2,187.0
2026-05-09 15:00:00,36.8,26.4,652.3,3.4,247.0
2026-05-09 16:00:00,36.9,19.6,451.5,3.7,165.0
2026-05-09 17:00:00,35.3,32.0,236.7,3.8,248.0
2026-05-09 18:00:00,35.7,26.3,20.6,4.8,251.0
2026-05-09 19:00:00,31.0,31.0,0.0,4.9,222.0
2026-05-09 20:00:00,32.6,36.7,0.0,4.1,210.0
2026-05-09 21:00:00,31.2,43.2,0.0,3.6,224.0
2026-05-09 22:00:00,28.4,46.1,0.0,3.3,201.0
2026-05-09 23:00:00,29.9,44.2,0.0,3.5,211.0
2026-05-10 00:00:00,26.4,48.1,0.0,3.5,247.0
2026-05-10 01:00:00,25.8,50.3,0.0,2.8,206.0
2026-05-10 02:00:00,25.4,55.2,0.0,3.1,249.0
2026-05-10 03:00:00,24.8,50.4,0.0,2.2,203.0
2026-05-10 04:00:00,24.4,58.1,0.0,3.8,223.0
2026-05-10 05:00:00,26.2,52.5,0.0,7.6,244.0
2026-05-10 06:00:00,28.3,49.9,0.0,3.7,271.0
2026-05-10 07:00:00,27.2,48.0,239.0,2.3,268.0
2026-05-10 08:00:00,28.0,48.3,483.3,2.2,191.0
2026-05-10 09:00:00,31.9,40.0,621.7,4.1,220.0
2026-05-10 10:00:00,32.9,37.5,824.3,4.4,219.0
2026-05-10 11:00:00,32.2,33.2,874.8,2.4,195.0
2026-05-10 12:00:00,32.8,31.2,903.6,2.9,247.0
2026-05-10 13:00:00,35.8,30.5,880.4,5.3,220.0
2026-05-10 14:00:00,36.2,22.3,811.2,3.3,201.0
2026-05-10 15:00:00,37.1,26.7,691.1,4.9,257.0
2026-05-10 16:00:00,36.5,26.1,458.1,4.3,233.0
2026-05-10 17:00:00,36.5,25.3,244.1,4.1,225.0
2026-05-10 18:00:00,34.9,28.0,23.5,4.8,281.0
2026-05-10 19:00:00,33.1,33.8,0.0,4.3,221.0
2026-05-10 20:00:00,32.8,35.0,0.0,3.6,246.0
2026-05-10 21:00:00,28.9,35.9,0.0,6.6,201.0
2026-05-10 22:00:00,31.2,39.5,0.0,5.1,254.0
2026-05-10 23:00:00,25.8,40.2,0.0,3.0,269.0
2026-05-11 00:00:00,27.1,46.7,0.0,2.8,272.0
2026-05-11 01:00:00,25.0,52.4,0.0,2.7,224.0
2026-05-11 02:00:00,24.7,50.9,0.0,2.3,169.0
2026-05-11 03:00:00,25.7,56.0,0.0,2.0,254.0
2026-05-11 04:00:00,23.9,51.0,0.0,2.1,214.0
2026-05-11 05:00:00,26.2,55.5,0.0,2.5,226.0
2026-05-11 06:00:00,27.5,50.3,5.3,1.4,202.0
2026-05-11 07:00:00,29.2,43.7,213.7,2.5,224.0
2026-05-11 08:00:00,27.9,44.9,442.5,3.1,283.0
2026-05-11 09:00:00,31.7,33.4,665.4,2.9,187.0
2026-05-11 10:00:00,33.0,37.4,807.1,2.9,211.0
2026-05-11 11:00:00,32.4,32.3,893.4,5.0,144.0
2026-05-11 12:00:00,32.6,26.1,929.7,2.7,208.0
2026-05-11 13:00:00,35.9,27.7,910.6,3.0,226.0
2026-05-11 14:00:00,36.6,27.5,803.3,7.3,216.0
2026-05-11 15:00:00,37.1,27.5,652.6,4.9,244.0
2026-05-11 16:00:00,37.4,27.6,456.2,3.6,182.0
2026-05-11 17:00:00,37.4,28.1,228.7,5.1,242.0
2026-05-11 18:00:00,35.5,25.0,0.3,7.2,239.0
2026-05-11 19:00:00,33.4,30.8,0.0,5.1,268.0
2026-05-11 20:00:00,32.5,34.2,0.0,3.9,242.0
2026-05-11 21:00:00,30.7,37.8,0.0,3.4,219.0
2026-05-11 22:00:00,30.4,49.0,0.0,5.1,276.0
2026-05-11 23:00:00,28.0,49.0,0.0,4.1,234.0
2026-05-12 00:00:00,26.0,51.6,0.0,6.0,285.0
2026-05-12 01:00:00,29.2,48.1,0.0,3.0,241.0
2026-05-12 02:00:00,24.2,53.0,0.0,2.3,230.0
2026-05-12 03:00:00,24.6,54.2,0.0,1.7,159.0
2026-05-12 04:00:00,26.4,53.8,0.0,2.8,252.0
2026-05-12 05:00:00,25.8,55.5,0.0,1.5,177.0
2026-05-12 06:00:00,27.2,52.1,1.4,5.3,264.0
2026-05-12 07:00:00,28.6,53.3,233.9,1.7,223.0
2026-05-12 08:00:00,30.8,43.0,435.6,3.2,227.0
2026-05-12 09:00:00,28.6,40.8,631.4,1.9,249.0
2026-05-12 10:00:00,32.8,38.3,823.0,2.8,244.0
2026-05-12 11:00:00,34.6,34.6,912.2,6.7,230.0
2026-05-12 12:00:00,36.7,31.1,929.5,3.6,244.0
2026-05-12 13:00:00,36.8,28.2,877.1,2.9,231.0
2026-05-12 14:00:00,39.2,25.5,800.0,3.3,183.0
2026-05-12 15:00:00,36.4,26.2,639.9,4.2,189.0
2026-05-12 16:00:00,38.0,25.9,475.2,3.7,251.0
2026-05-12 17:00:00,37.4,25.4,232.2,4.3,181.0
2026-05-12 18:00:00,37.1,30.3,9.8,4.4,297.0
2026-05-12 19:00:00,34.9,30.9,0.0,3.7,162.0
2026-05-12 20:00:00,31.8,36.0,0.0,5.8,232.0
2026-05-12 21:00:00,31.2,39.3,0.0,3.5,280.0
2026-05-12 22:00:00,30.2,44.0,0.0,4.0,183.0
2026-05-12 23:00:00,28.3,50.5,0.0,3.1,246.0
2026-05-13 00:00:00,27.4,50.4,0.0,3.4,237.0
2026-05-13 01:00:00,23.8,50.3,0.0,3.3,222.0
2026-05-13 02:00:00,26.1,54.2,0.0,2.2,216.0
2026-05-13 03:00:00,25.7,56.3,0.0,3.1,211.0
2026-05-13 04:00:00,27.1,49.7,0.0,1.7,276.0
2026-05-13 05:00:00,26.0,51.0,0.0,3.4,152.0
2026-05-13 06:00:00,26.9,49.9,23.1,1.7,218.0
2026-05-13 07:00:00,27.3,48.0,231.0,4.3,262.0
2026-05-13 08:00:00,28.1,48.9,441.6,1.8,224.0
2026-05-13 09:00:00,33.1,43.0,679.8,1.9,184.0
2026-05-13 10:00:00,34.1,45.0,781.4,3.1,246.0
2026-05-13 11:00:00,37.2,33.0,873.5,2.6,208.0
2026-05-13 12:00:00,36.7,32.8,912.8,2.6,240.0
2026-05-13 13:00:00,37.9,25.6,912.2,3.2,215.0
2026-05-13 14:00:00,36.6,25.5,821.2,3.1,259.0
2026-05-13 15:00:00,37.0,21.5,651.8,4.3,196.0
2026-05-13 16:00:00,36.8,19.3,481.7,4.4,242.0
2026-05-13 17:00:00,37.8,26.0,277.6,3.8,225.0
2026-05-13 18:00:00,37.2,29.7,3.7,4.4,256.0
2026-05-13 19:00:00,36.1,33.1,0.0,4.4,212.0
2026-05-13 20:00:00,32.8,38.1,0.0,6.5,267.0
2026-05-13 21:00:00,30.7,45.8,0.0,3.7,217.0
2026-05-13 22:00:00,30.8,36.9,0.0,6.4,218.0
2026-05-13 23:00:00,27.6,48.5,0.0,3.0,167.0
2026-05-14 00:00:00,27.0,53.7,0.0,3.3,209.0
2026-05-14 01:00:00,26.6,60.7,0.0,2.7,240.0
2026-05-14 02:00:00,25.6,56.5,0.0,2.0,258.0
2026-05-14 03:00:00,26.9,55.6,0.0,1.7,261.0
2026-05-14 04:00:00,24.2,53.9,0.0,2.7,266.0
2026-05-14 05:00:00,27.2,47.6,0.0,2.2,275.0
2026-05-14 06:00:00,25.0,51.5,0.0,2.3,223.0
2026-05-14 07:00:00,30.9,52.6,264.9,1.9,256.0
2026-05-14 08:00:00,29.4,46.8,484.4,2.6,186.0
2026-05-14 09:00:00,31.3,41.5,669.5,2.5,220.0
2026-05-14 10:00:00,31.1,35.3,818.4,2.0,247.0
2026-05-14 11:00:00,33.6,27.7,885.7,3.1,249.0
2026-05-14 12:00:00,35.5,30.0,937.0,5.5,214.0
2026-05-14 13:00:00,36.8,24.1,919.8,4.0,224.0
2026-05-14 14:00:00,38.3,22.9,818.3,3.3,197.0
2026-05-14 15:00:00,37.6,31.8,674.1,3.5,187.0
2026-05-14 16:00:00,37.5,29.2,434.7,5.3,226.0
2026-05-14 17:00:00,37.4,25.3,235.4,4.2,234.0
2026-05-14 18:00:00,37.6,33.2,10.0,5.1,169.0
2026-05-14 19:00:00,33.9,28.7,0.0,4.1,239.0
2026-05-14 20:00:00,32.6,38.1,0.0,4.6,242.0
2026-05-14 21:00:00,31.7,40.0,0.0,3.8,210.0
2026-05-14 22:00:00,29.4,48.2,0.0,3.8,178.0
2026-05-14 23:00:00,29.6,45.7,0.0,3.2,189.0
2026-05-15 00:00:00,28.4,48.7,0.0,7.4,247.0
2026-05-15 01:00:00,24.5,52.5,0.0,2.7,194.0
2026-05-15 02:00:00,24.6,57.4,0.0,3.5,243.0
2026-05-15 03:00:00,25.7,52.1,0.0,1.8,239.0
2026-05-15 04:00:00,24.5,49.8,0.0,2.2,205.0
2026-05-15 05:00:00,26.4,53.4,0.0,5.1,151.0
2026-05-15 06:00:00,27.6,49.9,0.0,1.4,266.0
2026-05-15 07:00:00,28.1,51.9,233.1,5.7,253.0
2026-05-15 08:00:00,28.9,38.7,478.9,2.3,244.0
2026-05-15 09:00:00,30.1,42.2,672.7,3.5,147.0
2026-05-15 10:00:00,33.3,32.2,802.4,2.7,201.0
2026-05-15 11:00:00,35.3,29.3,882.3,4.7,208.0
2026-05-15 12:00:00,35.4,30.5,885.3,3.2,213.0
2026-05-15 13:00:00,36.3,29.2,901.3,3.0,227.0
2026-05-15 14:00:00,38.6,22.0,822.3,5.4,195.0
2026-05-15 15:00:00,37.8,25.7,676.9,4.2,223.0
2026-05-15 16:00:00,38.6,25.8,433.8,4.4,262.0
2026-05-15 17:00:00,36.7,34.0,249.0,5.3,262.0
2026-05-15 18:00:00,35.5,25.7,0.0,5.7,208.0
2026-05-15 19:00:00,34.4,29.8,0.0,8.1,224.0
2026-05-15 20:00:00,31.5,44.2,0.0,3.7,215.0
2026-05-15 21:00:00,32.3,41.3,0.0,3.8,249.0
2026-05-15 22:00:00,30.4,42.7,0.0,3.9,266.0
2026-05-15 23:00:00,28.8,46.3,0.0,3.2,236.0
2026-05-16 00:00:00,27.7,52.6,0.0,3.2,169.0
2026-05-16 01:00:00,27.8,57.0,0.0,3.2,229.0
2026-05-16 02:00:00,24.9,55.5,0.0,2.2,214.0
2026-05-16 03:00:00,23.5,54.8,0.0,3.8,232.0
2026-05-16 04:00:00,26.0,59.1,0.0,2.2,223.0
2026-05-16 05:00:00,24.9,53.3,0.0,1.8,202.0
2026-05-16 06:00:00,28.6,53.2,13.0,2.6,207.0
2026-05-16 07:00:00,29.8,51.4,240.1,2.2,189.0
2026-05-16 08:00:00,29.4,47.8,431.5,2.4,221.0
2026-05-16 09:00:00,32.3,36.1,671.3,4.7,254.0
2026-05-16 10:00:00,33.6,39.2,814.6,4.0,199.0
2026-05-16 11:00:00,35.2,32.0,899.2,3.0,238.0
2026-05-16 12:00:00,34.4,30.1,920.8,3.1,284.0
2026-05-16 13:00:00,35.4,26.2,904.0,3.0,277.0
2026-05-16 14:00:00,40.2,27.6,772.2,4.0,236.0
2026-05-16 15:00:00,37.4,21.3,646.4,3.5,226.0
2026-05-16 16:00:00,38.8,33.6,468.2,4.4,269.0
2026-05-16 17:00:00,39.4,28.2,246.5,4.7,264.0
2026-05-16 18:00:00,34.3,31.7,3.5,5.0,230.0
2026-05-16 19:00:00,35.6,31.5,0.0,5.0,198.0
2026-05-16 20:00:00,32.6,36.1,0.0,6.5,263.0
2026-05-16 21:00:00,30.8,44.6,0.0,4.9,186.0
2026-05-16 22:00:00,30.7,41.4,0.0,3.5,260.0
2026-05-16 23:00:00,30.4,54.3,0.0,2.9,213.0
2026-05-17 00:00:00,27.7,49.7,0.0,3.3,207.0
2026-05-17 01:00:00,24.7,56.3,0.0,2.5,188.0
2026-05-17 02:00:00,26.4,61.6,0.0,2.2,211.0
2026-05-17 03:00:00,27.0,54.4,0.0,1.7,226.0
2026-05-17 04:00:00,24.2,56.8,0.0,3.1,212.0
2026-05-17 05:00:00,27.3,54.2,0.0,6.2,232.0
2026-05-17 06:00:00,26.3,49.9,38.9,1.9,222.0
2026-05-17 07:00:00,30.3,45.6,231.2,1.6,152.0
2026-05-17 08:00:00,31.2,46.6,453.4,2.1,279.0
2026-05-17 09:00:00,32.4,41.8,647.6,1.7,212.0
2026-05-17 10:00:00,32.9,35.3,808.0,2.7,209.0
2026-05-17 11:00:00,36.0,36.0,918.8,3.6,270.0
2026-05-17 12:00:00,34.5,29.2,922.3,2.6,164.0
2026-05-17 13:00:00,38.7,28.0,891.5,4.6,248.0
2026-05-17 14:00:00,38.1,28.7,835.9,3.4,173.0
2026-05-17 15:00:00,40.3,26.2,678.7,3.9,214.0
2026-05-17 16:00:00,35.4,26.8,445.0,5.7,228.0
2026-05-17 17:00:00,35.6,28.7,241.1,4.2,209.0
2026-05-17 18:00:00,35.6,31.8,0.0,7.1,188.0
2026-05-17 19:00:00,33.5,36.1,0.0,5.8,226.0
2026-05-17 20:00:00,34.2,39.6,0.0,3.6,252.0
2026-05-17 21:00:00,33.2,40.5,0.0,5.0,225.0
2026-05-17 22:00:00,30.4,44.3,0.0,3.5,204.0
2026-05-17 23:00:00,29.0,45.3,0.0,4.1,275.0
2026-05-18 00:00:00,29.7,48.7,0.0,3.6,270.0
2026-05-18 01:00:00,26.9,49.1,0.0,6.1,263.0
2026-05-18 02:00:00,26.4,55.0,0.0,2.3,229.0
2026-05-18 03:00:00,25.2,57.5,0.0,1.7,245.0
2026-05-18 04:00:00,28.1,56.0,0.0,2.1,227.0
2026-05-18 05:00:00,26.6,49.6,0.0,1.4,224.0
2026-05-18 06:00:00,25.6,49.8,0.0,1.7,230.0
2026-05-18 07:00:00,27.9,51.6,254.1,1.8,233.0
2026-05-18 08:00:00,30.7,43.6,453.3,2.4,222.0
2026-05-18 09:00:00,32.8,40.1,657.1,2.1,278.0
2026-05-18 10:00:00,29.9,35.4,811.4,3.1,249.0
2026-05-18 11:00:00,36.3,33.0,904.7,3.8,169.0
2026-05-18 12:00:00,35.6,35.8,962.6,7.5,228.0
2026-05-18 13:00:00,38.2,30.0,909.8,3.3,141.0
2026-05-18 14:00:00,36.6,31.0,829.6,5.4,200.0
2026-05-18 15:00:00,40.4,25.0,646.6,4.7,206.0
2026-05-18 16:00:00,39.6,29.2,462.3,4.3,174.0
2026-05-18 17:00:00,34.9,30.4,212.9,5.6,223.0
2026-05-18 18:00:00,36.3,33.3,1.7,6.8,209.0
2026-05-18 19:00:00,34.3,34.4,0.0,3.9,211.0
2026-05-18 20:00:00,33.5,39.1,0.0,3.6,211.0
2026-05-18 21:00:00,31.1,45.3,0.0,4.5,205.0
2026-05-18 22:00:00,31.6,49.7,0.0,3.1,237.0
2026-05-18 23:00:00,30.4,45.2,0.0,4.9,202.0
2026-05-19 00:00:00,28.4,53.1,0.0,2.7,254.0
2026-05-19 01:00:00,28.9,53.4,0.0,3.5,200.0
2026-05-19 02:00:00,28.6,59.7,0.0,3.0,187.0
2026-05-19 03:00:00,26.2,56.8,0.0,2.4,225.0
2026-05-19 04:00:00,27.1,54.8,0.0,3.1,272.0
2026-05-19 05:00:00,26.4,52.4,0.0,6.7,283.0
2026-05-19 06:00:00,29.0,54.9,0.0,1.4,278.0
2026-05-19 07:00:00,29.5,48.3,237.8,1.5,172.0
2026-05-19 08:00:00,29.9,41.8,454.6,2.0,264.0
2026-05-19 09:00:00,31.8,41.6,632.7,2.5,200.0
2026-05-19 10:00:00,32.7,39.2,806.3,3.8,233.0
2026-05-19 11:00:00,33.1,37.0,899.3,2.7,215.0
2026-05-19 12:00:00,38.8,30.1,944.1,2.6,229.0
2026-05-19 13:00:00,37.0,29.3,912.6,3.7,241.0
2026-05-19 14:00:00,38.4,28.2,791.5,3.6,181.0
2026-05-19 15:00:00,40.9,27.6,653.1,3.4,223.0
2026-05-19 16:00:00,37.6,24.6,517.4,4.2,234.0
2026-05-19 17:00:00,36.7,29.9,263.8,4.0,218.0
2026-05-19 18:00:00,36.8,30.5,0.0,5.0,234.0
2026-05-19 19:00:00,34.5,30.6,0.0,4.5,249.0
2026-05-19 20:00:00,34.3,42.8,0.0,3.6,245.0
2026-05-19 21:00:00,32.4,37.5,0.0,3.6,193.0
2026-05-19 22:00:00,31.3,43.6,0.0,3.2,248.0
2026-05-19 23:00:00,29.3,49.8,0.0,4.9,223.0
2026-05-20 00:00:00,27.5,57.3,0.0,5.0,235.0
2026-05-20 01:00:00,27.2,53.5,0.0,2.3,201.0
2026-05-20 02:00:00,24.9,59.9,0.0,2.2,239.0
2026-05-20 03:00:00,24.1,57.9,0.0,2.6,252.0
2026-05-20 04:00:00,25.2,57.6,0.0,2.8,193.0
2026-05-20 05:00:00,27.4,57.9,0.0,3.4,192.0
2026-05-20 06:00:00,28.1,53.1,0.0,2.7,213.0
2026-05-20 07:00:00,28.1,47.0,264.7,4.6,254.0
2026-05-20 08:00:00,31.1,48.5,452.9,2.4,270.0
2026-05-20 09:00:00,31.8,45.1,695.0,1.8,285.0
2026-05-20 10:00:00,34.3,39.1,828.1,3.3,187.0
2026-05-20 11:00:00,35.4,34.6,909.6,2.6,207.0
2026-05-20 12:00:00,35.9,31.3,916.2,3.8,183.0
2026-05-20 13:00:00,35.7,29.6,930.1,3.8,216.0
2026-05-20 14:00:00,38.1,30.7,760.7,4.0,268.0
2026-05-20 15:00:00,39.1,23.3,662.7,3.7,258.0
2026-05-20 16:00:00,37.1,28.3,461.3,3.9,226.0
2026-05-20 17:00:00,38.0,31.4,217.4,3.9,244.0
2026-05-20 18:00:00,38.0,30.5,13.3,4.4,259.0
2026-05-20 19:00:00,34.8,39.1,0.0,6.0,192.0
2026-05-20 20:00:00,34.1,40.8,0.0,4.0,262.0
2026-05-20 21:00:00,33.0,35.8,0.0,4.0,176.0
2026-05-20 22:00:00,30.3,46.7,0.0,3.5,259.0
2026-05-20 23:00:00,28.9,53.5,0.0,3.3,212.0
2026-05-21 00:00:00,28.3,53.6,0.0,3.1,223.0
2026-05-21 01:00:00,26.9,55.7,0.0,3.5,222.0
2026-05-21 02:00:00,27.0,55.1,0.0,5.5,186.0
2026-05-21 03:00:00,27.5,57.2,0.0,1.7,244.0
2026-05-21 04:00:00,25.9,57.2,0.0,1.8,255.0
2026-05-21 05:00:00,27.7,54.5,0.0,3.1,215.0
2026-05-21 06:00:00,29.5,54.1,6.7,1.4,141.0
2026-05-21 07:00:00,27.5,46.9,247.6,1.5,208.0
2026-05-21 08:00:00,32.0,41.7,492.1,3.3,175.0
2026-05-21 09:00:00,32.3,45.1,644.3,1.9,259.0
2026-05-21 10:00:00,33.2,38.7,809.7,3.9,220.0
2026-05-21 11:00:00,35.7,34.9,892.6,2.7,215.0
2026-05-21 12:00:00,37.9,24.3,914.8,2.7,218.0
2026-05-21 13:00:00,38.9,30.6,882.7,3.1,189.0
2026-05-21 14:00:00,39.3,30.0,822.0,3.9,257.0
2026-05-21 15:00:00,37.6,27.5,704.2,7.8,227.0
2026-05-21 16:00:00,37.9,31.8,454.1,4.0,224.0
2026-05-21 17:00:00,38.4,34.7,234.5,5.1,215.0
2026-05-21 18:00:00,37.6,30.6,24.1,4.7,219.0
2026-05-21 19:00:00,35.8,35.5,0.0,3.9,290.0
2026-05-21 20:00:00,34.2,41.3,0.0,3.7,221.0
2026-05-21 21:00:00,31.5,42.3,0.0,3.5,181.0
2026-05-21 22:00:00,31.0,52.7,0.0,3.6,179.0
2026-05-21 23:00:00,30.0,48.4,0.0,3.0,196.0
2026-05-22 00:00:00,28.7,59.4,0.0,3.0,250.0
2026-05-22 01:00:00,27.2,51.2,0.0,2.6,239.0
2026-05-22 02:00:00,25.3,60.9,0.0,3.0,203.0
2026-05-22 03:00:00,26.7,60.4,0.0,1.7,202.0
2026-05-22 04:00:00,27.1,55.0,0.0,2.2,270.0
2026-05-22 05:00:00,32.0,56.1,0.0,3.6,222.0
2026-05-22 06:00:00,30.6,45.4,0.0,2.5,236.0
2026-05-22 07:00:00,30.7,48.1,231.5,4.3,247.0
2026-05-22 08:00:00,31.3,52.0,489.9,4.6,217.0
2026-05-22 09:00:00,33.7,40.3,669.0,2.2,281.0
2026-05-22 10:00:00,34.0,37.2,788.6,2.0,233.0
2026-05-22 11:00:00,35.5,36.1,910.4,2.7,238.0
2026-05-22 12:00:00,37.2,34.4,943.8,4.9,234.0
2026-05-22 13:00:00,39.3,30.0,875.9,4.7,174.0
2026-05-22 14:00:00,37.9,28.8,812.1,4.3,224.0
2026-05-22 15:00:00,39.0,26.2,643.7,5.4,272.0
2026-05-22 16:00:00,38.9,27.5,460.9,4.8,225.0
2026-05-22 17:00:00,38.3,35.3,204.2,4.7,254.0
2026-05-22 18:00:00,36.3,34.4,0.0,6.8,232.0
2026-05-22 19:00:00,35.3,40.1,0.0,4.5,243.0
2026-05-22 20:00:00,34.5,40.1,0.0,7.1,292.0
2026-05-22 21:00:00,33.2,41.6,0.0,3.7,198.0
2026-05-22 22:00:00,29.4,45.3,0.0,3.5,259.0
2026-05-22 23:00:00,30.1,51.2,0.0,3.0,230.0
2026-05-23 00:00:00,28.2,50.8,0.0,3.3,188.0
2026-05-23 01:00:00,29.7,56.4,0.0,3.3,157.0
2026-05-23 02:00:00,25.1,63.0,0.0,3.6,191.0
2026-05-23 03:00:00,29.4,57.7,0.0,2.2,207.0
2026-05-23 04:00:00,26.7,55.5,0.0,1.6,245.0
2026-05-23 05:00:00,29.3,54.6,0.0,2.5,238.0
2026-05-23 06:00:00,28.1,55.9,16.7,1.7,224.0
2026-05-23 07:00:00,30.5,51.9,236.8,2.6,224.0
2026-05-23 08:00:00,32.3,43.8,473.7,1.8,237.0
2026-05-23 09:00:00,33.1,49.5,692.5,1.7,209.0
2026-05-23 10:00:00,35.6,39.2,804.2,2.5,207.0
2026-05-23 11:00:00,36.8,34.4,885.8,2.7,121.0
2026-05-23 12:00:00,36.0,35.3,925.2,3.3,229.0
2026-05-23 13:00:00,40.4,35.3,948.1,3.0,237.0
2026-05-23 14:00:00,38.0,27.5,794.7,3.2,190.0
2026-05-23 15:00:00,37.1,25.2,672.7,3.9,269.0
2026-05-23 16:00:00,38.8,29.2,454.9,6.8,234.0
2026-05-23 17:00:00,35.7,31.5,247.8,4.9,267.0
2026-05-23 18:00:00,37.1,32.5,13.9,3.9,171.0
2026-05-23 19:00:00,37.0,31.2,0.0,3.7,212.0
2026-05-23 20:00:00,32.6,37.6,0.0,4.2,253.0
2026-05-23 21:00:00,33.3,44.6,0.0,5.2,246.0
2026-05-23 22:00:00,28.9,46.0,0.0,6.7,208.0
2026-05-23 23:00:00,31.1,48.5,0.0,3.9,198.0
2026-05-24 00:00:00,28.8,55.4,0.0,3.3,235.0
2026-05-24 01:00:00,27.1,55.5,0.0,2.8,231.0
2026-05-24 02:00:00,27.1,66.7,0.0,2.3,249.0
2026-05-24 03:00:00,27.5,58.9,0.0,4.6,160.0
2026-05-24 04:00:00,26.9,59.7,0.0,1.5,218.0
2026-05-24 05:00:00,27.2,57.9,0.0,3.3,193.0
2026-05-24 06:00:00,27.8,50.6,0.0,1.3,193.0
2026-05-24 07:00:00,29.5,50.6,230.4,1.4,234.0
2026-05-24 08:00:00,33.4,46.2,423.8,2.1,216.0
2026-05-24 09:00:00,35.6,44.5,667.2,2.0,192.0
2026-05-24 10:00:00,34.9,37.4,837.6,2.4,243.0
2026-05-24 11:00:00,33.7,35.6,902.7,5.0,155.0
2026-05-24 12:00:00,35.8,30.2,935.1,2.6,213.0
2026-05-24 13:00:00,35.5,31.5,892.5,2.8,204.0
2026-05-24 14:00:00,38.0,28.3,836.0,3.3,163.0
2026-05-24 15:00:00,39.1,28.2,610.0,4.5,217.0
2026-05-24 16:00:00,39.1,32.3,485.1,5.2,207.0
2026-05-24 17:00:00,40.5,26.2,280.5,4.6,194.0
2026-05-24 18:00:00,37.7,35.4,22.0,4.1,258.0
2026-05-24 19:00:00,34.6,36.8,0.0,4.6,215.0
2026-05-24 20:00:00,34.2,37.5,0.0,4.1,157.0
2026-05-24 21:00:00,33.3,45.9,0.0,4.0,171.0
2026-05-24 22:00:00,31.3,46.3,0.0,5.1,240.0
2026-05-24 23:00:00,29.9,45.4,0.0,3.2,211.0
2026-05-25 00:00:00,30.8,50.9,0.0,6.7,247.0
2026-05-25 01:00:00,27.7,54.7,0.0,2.3,234.0
2026-05-25 02:00:00,28.4,55.9,0.0,1.9,206.0
2026-05-25 03:00:00,26.9,58.1,0.0,2.3,203.0
2026-05-25 04:00:00,29.6,59.1,0.0,2.2,215.0
2026-05-25 05:00:00,29.5,59.3,0.0,2.3,238.0
2026-05-25 06:00:00,29.5,51.0,0.0,2.1,245.0
2026-05-25 07:00:00,32.0,49.6,209.6,1.9,190.0
2026-05-25 08:00:00,31.4,44.7,473.7,1.5,193.0
2026-05-25 09:00:00,34.8,46.8,658.0,2.9,233.0
2026-05-25 10:00:00,32.4,40.0,806.5,2.4,229.0
2026-05-25 11:00:00,37.1,32.3,902.7,2.7,237.0
2026-05-25 12:00:00,36.1,29.4,967.6,4.2,206.0
2026-05-25 13:00:00,39.8,32.6,912.6,3.0,241.0
2026-05-25 14:00:00,37.9,25.7,803.3,4.5,227.0
2026-05-25 15:00:00,41.9,26.3,643.5,3.8,233.0
2026-05-25 16:00:00,38.4,29.3,451.1,4.5,267.0
2026-05-25 17:00:00,38.0,32.8,252.3,3.8,153.0
2026-05-25 18:00:00,38.2,31.4,14.4,4.3,247.0
2026-05-25 19:00:00,36.8,36.9,0.0,7.8,216.0
2026-05-25 20:00:00,34.4,40.6,0.0,5.1,221.0
2026-05-25 21:00:00,33.1,44.6,0.0,5.1,275.0
2026-05-25 22:00:00,33.2,46.4,0.0,3.6,214.0
2026-05-25 23:00:00,29.8,54.2,0.0,3.1,224.0
2026-05-26 00:00:00,28.9,57.9,0.0,2.9,196.0
2026-05-26 01:00:00,29.4,57.2,0.0,2.6,167.0
2026-05-26 02:00:00,28.0,56.4,0.0,2.3,157.0
2026-05-26 03:00:00,27.2,62.5,0.0,2.0,253.0
2026-05-26 04:00:00,28.1,62.2,0.0,3.1,188.0
2026-05-26 05:00:00,27.3,59.5,0.0,4.0,197.0
2026-05-26 06:00:00,29.2,54.3,15.0,2.2,239.0
2026-05-26 07:00:00,32.4,51.9,244.8,3.1,231.0
2026-05-26 08:00:00,33.8,50.0,469.6,1.5,249.0
2026-05-26 09:00:00,32.9,46.1,680.5,3.2,193.0
2026-05-26 10:00:00,32.4,39.5,794.0,3.9,245.0
2026-05-26 11:00:00,36.6,36.0,910.0,3.5,222.0
2026-05-26 12:00:00,37.2,32.3,912.7,3.7,176.0
2026-05-26 13:00:00,36.1,30.4,948.0,3.0,227.0
2026-05-26 14:00:00,39.5,24.8,763.6,4.4,218.0
2026-05-26 15:00:00,38.0,29.1,676.2,3.8,218.0
2026-05-26 16:00:00,38.0,31.8,458.0,5.0,231.0
2026-05-26 17:00:00,39.1,31.4,238.8,6.7,232.0
2026-05-26 18:00:00,38.2,31.3,3.3,3.9,232.0
2026-05-26 19:00:00,36.9,39.9,0.0,3.9,151.0
2026-05-26 20:00:00,35.8,43.4,0.0,3.6,193.0
2026-05-26 21:00:00,34.2,45.2,0.0,4.2,228.0
2026-05-26 22:00:00,30.9,46.0,0.0,3.8,220.0
2026-05-26 23:00:00,29.3,46.7,0.0,5.4,210.0
2026-05-27 00:00:00,29.5,57.3,0.0,3.2,241.0
2026-05-27 01:00:00,28.9,55.0,0.0,3.9,224.0
2026-05-27 02:00:00,27.5,58.4,0.0,2.5,236.0
2026-05-27 03:00:00,27.6,58.7,0.0,1.9,253.0
2026-05-27 04:00:00,27.0,60.8,0.0,2.9,207.0
2026-05-27 05:00:00,26.5,57.3,0.0,1.8,171.0
2026-05-27 06:00:00,28.1,51.9,0.0,2.4,255.0
2026-05-27 07:00:00,29.3,54.2,247.1,1.9,162.0
2026-05-27 08:00:00,31.4,43.3,510.3,1.9,130.0
2026-05-27 09:00:00,33.2,44.6,664.3,2.7,267.0
2026-05-27 10:00:00,37.0,35.4,795.7,2.2,221.0
2026-05-27 11:00:00,38.4,35.3,900.1,2.3,228.0
2026-05-27 12:00:00,37.0,34.1,910.5,3.5,207.0
2026-05-27 13:00:00,36.4,30.3,886.3,3.1,282.0
2026-05-27 14:00:00,39.5,28.0,817.8,4.1,220.0
2026-05-27 15:00:00,38.9,31.6,668.0,6.2,195.0
2026-05-27 16:00:00,40.2,26.2,495.2,5.5,226.0
2026-05-27 17:00:00,39.8,28.2,242.0,6.0,250.0
2026-05-27 18:00:00,38.4,31.3,0.0,4.1,215.0
2026-05-27 19:00:00,36.0,34.3,0.0,3.7,225.0
2026-05-27 20:00:00,34.7,37.1,0.0,3.8,168.0
2026-05-27 21:00:00,33.8,42.0,0.0,4.0,215.0
2026-05-27 22:00:00,30.7,50.5,0.0,3.8,208.0
2026-05-27 23:00:00,31.5,49.9,0.0,5.6,242.0
2026-05-28 00:00:00,27.7,58.5,0.0,3.2,205.0
2026-05-28 01:00:00,30.2,54.8,0.0,3.1,209.0
2026-05-28 02:00:00,26.9,60.8,0.0,3.4,192.0
2026-05-28 03:00:00,27.0,57.4,0.0,2.4,221.0
2026-05-28 04:00:00,26.2,62.4,0.0,3.4,183.0
2026-05-28 05:00:00,28.7,57.4,0.0,1.4,210.0
2026-05-28 06:00:00,28.6,52.5,0.0,3.3,205.0
2026-05-28 07:00:00,30.1,56.1,270.1,1.5,189.0
2026-05-28 08:00:00,30.7,53.7,502.1,1.8,252.0
2026-05-28 09:00:00,31.6,46.7,638.9,2.6,216.0
2026-05-28 10:00:00,35.7,45.1,788.9,5.9,224.0
2026-05-28 11:00:00,36.9,36.4,947.0,3.3,188.0
2026-05-28 12:00:00,36.7,37.2,936.8,2.7,164.0
2026-05-28 13:00:00,38.6,36.2,892.9,2.9,224.0
2026-05-28 14:00:00,39.5,31.5,807.9,5.1,233.0
2026-05-28 15:00:00,38.9,35.3,643.5,3.5,204.0
2026-05-28 16:00:00,37.2,32.0,495.4,4.2,240.0
2026-05-28 17:00:00,37.7,30.9,258.1,4.1,213.0
2026-05-28 18:00:00,39.6,39.8,2.1,4.1,212.0
2026-05-28 19:00:00,34.1,39.0,0.0,4.9,235.0
2026-05-28 20:00:00,36.0,38.0,0.0,4.3,212.0
2026-05-28 21:00:00,33.8,46.8,0.0,6.5,217.0
2026-05-28 22:00:00,29.7,48.3,0.0,3.2,220.0
2026-05-28 23:00:00,30.8,52.5,0.0,3.6,271.0
2026-05-29 00:00:00,30.8,55.6,0.0,5.8,233.0
2026-05-29 01:00:00,28.1,60.7,0.0,2.6,175.0
2026-05-29 02:00:00,27.1,59.9,0.0,3.4,238.0
2026-05-29 03:00:00,28.1,57.4,0.0,2.8,235.0
2026-05-29 04:00:00,26.4,56.1,0.0,2.4,186.0
2026-05-29 05:00:00,27.9,64.8,0.0,1.4,279.0
2026-05-29 06:00:00,30.6,59.4,7.9,4.4,188.0
2026-05-29 07:00:00,31.6,52.6,222.9,2.4,195.0
2026-05-29 08:00:00,32.3,49.9,436.4,3.1,169.0
2026-05-29 09:00:00,34.6,48.4,668.6,2.5,236.0
2026-05-29 10:00:00,34.9,41.2,799.0,2.5,202.0
2026-05-29 11:00:00,36.6,36.9,928.0,2.4,209.0
2026-05-29 12:00:00,37.9,32.0,924.8,3.2,162.0
2026-05-29 13:00:00,38.8,30.7,920.5,3.0,185.0
2026-05-29 14:00:00,38.9,28.3,824.2,3.9,209.0
2026-05-29 15:00:00,38.1,27.7,656.1,4.1,207.0
2026-05-29 16:00:00,40.6,33.5,479.7,3.7,242.0
2026-05-29 17:00:00,36.8,32.1,259.2,5.3,207.0
2026-05-29 18:00:00,36.8,34.9,11.4,4.0,223.0
2026-05-29 19:00:00,37.0,36.2,0.0,4.8,228.0
2026-05-29 20:00:00,35.8,40.9,0.0,4.7,160.0
2026-05-29 21:00:00,33.9,45.4,0.0,3.4,271.0
2026-05-29 22:00:00,33.2,46.4,0.0,3.6,203.0
2026-05-29 23:00:00,30.6,53.7,0.0,3.4,224.0
2026-05-30 00:00:00,29.2,55.0,0.0,4.2,177.0
2026-05-30 01:00:00,27.8,63.4,0.0,6.2,223.0
2026-05-30 02:00:00,28.8,56.3,0.0,2.4,168.0
2026-05-30 03:00:00,24.9,63.4,0.0,2.6,165.0
2026-05-30 04:00:00,28.0,57.8,0.0,3.7,220.0
2026-05-30 05:00:00,29.4,58.3,0.0,2.6,238.0
2026-05-30 06:00:00,33.2,55.9,0.0,1.6,255.0
2026-05-30 07:00:00,28.5,52.2,238.4,2.7,218.0
2026-05-30 08:00:00,33.1,53.9,444.0,1.6,194.0
2026-05-30 09:00:00,34.0,42.3,686.9,2.4,168.0
2026-05-30 10:00:00,38.9,44.2,818.3,3.4,207.0
2026-05-30 11:00:00,37.0,38.5,929.3,3.2,250.0
2026-05-30 12:00:00,36.2,33.4,957.5,3.7,244.0
2026-05-30 13:00:00,39.1,33.3,890.5,4.3,210.0
2026-05-30 14:00:00,40.7,29.6,840.0,6.0,254.0
2026-05-30 15:00:00,40.2,32.8,678.1,3.8,217.0
2026-05-30 16:00:00,38.4,32.2,450.0,3.8,246.0
2026-05-30 17:00:00,39.7,30.1,225.4,3.9,185.0
2026-05-30 18:00:00,38.9,35.6,18.8,6.8,229.0
2026-05-30 19:00:00,36.8,32.3,0.0,3.9,176.0
2026-05-30 20:00:00,34.1,44.2,0.0,3.8,211.0
2026-05-30 21:00:00,34.5,39.7,0.0,8.1,213.0
2026-05-30 22:00:00,32.1,49.0,0.0,3.9,186.0
2026-05-30 23:00:00,30.0,56.1,0.0,4.0,200.0
2026-05-31 00:00:00,29.1,57.8,0.0,3.5,202.0
2026-05-31 01:00:00,29.5,59.3,0.0,3.0,193.0
2026-05-31 02:00:00,27.6,58.8,0.0,2.2,158.0
2026-05-31 03:00:00,28.2,57.9,0.0,2.7,194.0
2026-05-31 04:00:00,29.1,61.1,0.0,1.8,256.0
2026-05-31 05:00:00,26.7,53.2,0.0,2.8,177.0
2026-05-31 06:00:00,29.6,59.4,0.0,2.5,210.0
2026-05-31 07:00:00,32.3,51.4,223.2,1.8,271.0
2026-05-31 08:00:00,32.8,50.1,517.0,2.1,243.0
2026-05-31 09:00:00,32.7,44.4,637.9,1.7,236.0
2026-05-31 10:00:00,34.5,40.8,782.9,2.2,187.0
2026-05-31 11:00:00,37.0,36.2,898.5,3.4,248.0
2026-05-31 12:00:00,36.5,27.4,966.7,3.2,138.0
2026-05-31 13:00:00,37.2,31.6,900.4,3.0,226.0
2026-05-31 14:00:00,37.6,32.8,828.6,4.1,201.0
2026-05-31 15:00:00,39.5,30.0,642.9,4.2,189.0
2026-05-31 16:00:00,39.2,28.4,465.7,7.5,205.0
2026-05-31 17:00:00,38.8,32.4,243.4,3.7,241.0
2026-05-31 18:00:00,38.9,34.5,14.5,5.8,218.0
2026-05-31 19:00:00,35.5,38.5,0.0,5.3,239.0
2026-05-31 20:00:00,35.8,39.3,0.0,4.9,175.0
2026-05-31 21:00:00,33.1,49.3,0.0,5.5,246.0
2026-05-31 22:00:00,32.3,51.9,0.0,3.8,212.0
2026-05-31 23:00:00,30.0,56.3,0.0,3.5,219.0
2026-06-01 00:00:00,31.7,52.7,0.0,6.2,150.0
2026-06-01 01:00:00,28.9,55.4,0.0,3.2,218.0
2026-06-01 02:00:00,27.0,61.4,0.0,3.7,170.0
2026-06-01 03:00:00,29.3,57.1,0.0,1.8,254.0
2026-06-01 04:00:00,28.9,56.7,0.0,1.7,194.0
2026-06-01 05:00:00,26.9,65.4,0.0,2.4,202.0
2026-06-01 06:00:00,29.6,57.8,14.2,1.5,199.0
2026-06-01 07:00:00,31.1,53.8,282.4,2.9,230.0
2026-06-01 08:00:00,32.0,49.7,492.4,3.6,217.0
2026-06-01 09:00:00,35.8,50.6,631.4,3.0,161.0
2026-06-01 10:00:00,32.9,43.3,794.4,2.0,222.0
2026-06-01 11:00:00,36.5,39.6,893.5,3.2,226.0
2026-06-01 12:00:00,37.3,29.6,934.2,4.1,240.0
2026-06-01 13:00:00,42.3,28.8,949.0,3.0,208.0
2026-06-01 14:00:00,39.3,25.7,837.9,3.5,203.0
2026-06-01 15:00:00,37.9,37.7,667.2,4.3,207.0
2026-06-01 16:00:00,39.8,33.9,457.6,3.8,229.0
2026-06-01 17:00:00,40.0,35.8,229.6,4.6,216.0
2026-06-01 18:00:00,37.5,39.2,7.2,3.8,241.0
2026-06-01 19:00:00,36.0,36.1,0.0,3.8,193.0
2026-06-01 20:00:00,35.1,43.9,0.0,4.3,183.0
2026-06-01 21:00:00,32.0,41.5,0.0,4.9,201.0
2026-06-01 22:00:00,32.6,50.3,0.0,3.4,244.0
2026-06-01 23:00:00,31.4,56.1,0.0,3.0,203.0
2026-06-02 00:00:00,28.5,57.8,0.0,2.9,188.0
2026-06-02 01:00:00,28.1,56.2,0.0,3.5,249.0
2026-06-02 02:00:00,27.9,66.2,0.0,2.9,274.0
2026-06-02 03:00:00,28.6,58.3,0.0,3.9,210.0
2026-06-02 04:00:00,27.6,65.4,0.0,2.1,240.0
2026-06-02 05:00:00,28.1,56.5,0.0,2.7,259.0
2026-06-02 06:00:00,30.2,59.0,21.7,5.0,221.0
2026-06-02 07:00:00,30.7,55.1,227.0,5.2,204.0
2026-06-02 08:00:00,32.7,46.4,437.1,2.1,211.0
2026-06-02 09:00:00,33.5,49.3,688.9,2.9,239.0
2026-06-02 10:00:00,35.2,36.5,804.4,3.7,200.0
2026-06-02 11:00:00,35.5,39.6,907.0,3.0,195.0
2026-06-02 12:00:00,41.0,35.3,967.6,3.4,253.0
2026-06-02 13:00:00,38.8,35.1,881.5,3.3,180.0
2026-06-02 14:00:00,38.3,33.0,806.9,3.5,141.0
2026-06-02 15:00:00,40.4,32.6,684.9,5.0,213.0
2026-06-02 16:00:00,40.2,30.1,449.4,4.1,172.0
2026-06-02 17:00:00,39.7,33.2,223.5,4.1,164.0
2026-06-02 18:00:00,37.1,31.4,0.0,4.6,209.0
2026-06-02 19:00:00,36.3,33.7,0.0,3.8,221.0
2026-06-02 20:00:00,36.2,41.7,0.0,5.0,226.0
2026-06-02 21:00:00,32.9,46.5,0.0,4.9,211.0
2026-06-02 22:00:00,32.7,48.4,0.0,4.9,171.0
2026-06-02 23:00:00,30.6,54.1,0.0,3.8,195.0
2026-06-03 00:00:00,30.0,54.4,0.0,2.9,212.0
2026-06-03 01:00:00,26.7,58.2,0.0,3.4,252.0
2026-06-03 02:00:00,29.5,61.4,0.0,2.9,264.0
2026-06-03 03:00:00,26.2,54.2,0.0,3.9,187.0
2026-06-03 04:00:00,27.9,64.0,0.0,2.0,254.0
2026-06-03 05:00:00,28.9,64.3,0.0,2.2,262.0
2026-06-03 06:00:00,32.6,58.1,10.7,3.0,188.0
2026-06-03 07:00:00,31.1,51.9,229.8,4.3,209.0
2026-06-03 08:00:00,33.3,48.6,488.4,1.9,200.0
2026-06-03 09:00:00,33.1,52.2,709.7,2.6,226.0
2026-06-03 10:00:00,36.1,34.0,824.6,2.4,208.0
2026-06-03 11:00:00,37.5,33.9,928.1,2.3,215.0
2026-06-03 12:00:00,37.6,36.0,939.0,2.6,190.0
2026-06-03 13:00:00,40.1,32.4,895.6,3.0,260.0
2026-06-03 14:00:00,40.5,37.5,779.1,3.4,219.0
2026-06-03 15:00:00,38.1,36.0,675.5,5.5,278.0
2026-06-03 16:00:00,39.4,40.6,486.4,3.6,242.0
2026-06-03 17:00:00,39.9,32.8,218.9,3.9,243.0
2026-06-03 18:00:00,40.2,28.7,16.0,4.1,231.0
2026-06-03 19:00:00,38.2,35.5,0.0,4.6,207.0
2026-06-03 20:00:00,37.2,40.2,0.0,3.8,190.0
2026-06-03 21:00:00,32.7,48.0,0.0,4.2,205.0
2026-06-03 22:00:00,32.9,53.2,0.0,3.3,150.0
2026-06-03 23:00:00,29.9,49.8,0.0,3.2,239.0
2026-06-04 00:00:00,30.0,59.0,0.0,5.8,245.0
2026-06-04 01:00:00,29.5,58.8,0.0,3.0,217.0
2026-06-04 02:00:00,26.7,64.7,0.0,2.0,215.0
2026-06-04 03:00:00,28.9,57.7,0.0,2.6,202.0
2026-06-04 04:00:00,29.3,61.9,0.0,1.9,209.0
2026-06-04 05:00:00,29.0,59.9,0.0,2.6,216.0
2026-06-04 06:00:00,30.0,56.6,0.0,2.2,182.0
2026-06-04 07:00:00,30.2,53.1,254.5,2.1,206.0
2026-06-04 08:00:00,33.5,48.5,487.5,1.7,210.0
2026-06-04 09:00:00,35.7,51.0,658.8,2.1,271.0
2026-06-04 10:00:00,36.4,44.6,777.6,2.2,183.0
2026-06-04 11:00:00,37.8,31.9,873.7,4.3,201.0
2026-06-04 12:00:00,38.2,42.9,934.9,3.1,222.0
2026-06-04 13:00:00,39.8,35.9,938.1,3.2,179.0
2026-06-04 14:00:00,41.9,31.2,825.2,4.4,207.0
2026-06-04 15:00:00,42.2,32.4,632.3,4.2,215.0
2026-06-04 16:00:00,38.5,33.3,459.1,3.8,225.0
2026-06-04 17:00:00,38.8,29.5,239.5,5.0,195.0
2026-06-04 18:00:00,39.1,32.6,0.0,4.7,194.0
2026-06-04 19:00:00,36.4,36.2,0.0,4.0,221.0
2026-06-04 20:00:00,34.2,48.1,0.0,3.6,193.0
2026-06-04 21:00:00,33.9,51.1,0.0,4.1,243.0
2026-06-04 22:00:00,33.0,48.5,0.0,4.0,207.0
2026-06-04 23:00:00,31.1,52.9,0.0,3.9,260.0
2026-06-05 00:00:00,28.7,53.6,0.0,2.6,239.0
2026-06-05 01:00:00,29.1,57.4,0.0,3.5,266.0
2026-06-05 02:00:00,27.4,61.4,0.0,2.6,251.0
2026-06-05 03:00:00,28.1,62.6,0.0,2.5,161.0
2026-06-05 04:00:00,27.4,65.3,0.0,2.2,200.0
2026-06-05 05:00:00,29.1,63.8,0.0,2.4,216.0
2026-06-05 06:00:00,31.9,53.4,0.0,1.8,250.0
2026-06-05 07:00:00,33.5,59.3,251.4,2.8,220.0
2026-06-05 08:00:00,31.6,51.6,465.1,1.7,175.0
2026-06-05 09:00:00,35.9,45.4,675.3,4.7,254.0
2026-06-05 10:00:00,34.0,45.1,834.6,3.2,235.0
2026-06-05 11:00:00,37.1,41.4,925.8,2.2,204.0
2026-06-05 12:00:00,37.4,33.6,915.6,3.7,217.0
2026-06-05 13:00:00,37.7,33.5,892.1,2.9,231.0
2026-06-05 14:00:00,40.5,30.5,798.9,4.8,181.0
2026-06-05 15:00:00,39.9,31.1,639.4,3.6,241.0
2026-06-05 16:00:00,39.5,31.3,485.5,3.6,229.0
2026-06-05 17:00:00,40.0,35.3,264.0,3.7,234.0
2026-06-05 18:00:00,38.4,31.8,0.0,3.7,183.0
2026-06-05 19:00:00,37.0,40.6,0.0,4.3,163.0
2026-06-05 20:00:00,34.1,39.3,0.0,5.9,165.0
2026-06-05 21:00:00,34.6,48.7,0.0,7.1,174.0
2026-06-05 22:00:00,32.0,49.6,0.0,3.8,218.0
2026-06-05 23:00:00,28.8,53.0,0.0,3.6,211.0
2026-06-06 00:00:00,32.1,56.9,0.0,2.6,207.0
2026-06-06 01:00:00,28.7,62.7,0.0,2.6,204.0
2026-06-06 02:00:00,29.2,53.3,0.0,2.7,189.0
2026-06-06 03:00:00,28.3,59.8,0.0,3.2,194.0
2026-06-06 04:00:00,29.7,66.2,0.0,2.3,190.0
2026-06-06 05:00:00,30.2,67.1,0.0,1.4,223.0
2026-06-06 06:00:00,31.1,60.2,0.0,1.9,226.0
2026-06-06 07:00:00,31.6,55.5,240.4,3.0,224.0
2026-06-06 08:00:00,33.5,50.7,454.3,1.9,218.0
2026-06-06 09:00:00,34.6,49.5,697.2,4.9,196.0
2026-06-06 10:00:00,35.5,42.3,788.0,3.5,163.0
2026-06-06 11:00:00,38.3,36.4,920.8,2.7,231.0
2026-06-06 12:00:00,38.5,40.5,938.2,2.9,236.0
2026-06-06 13:00:00,39.5,35.0,927.5,3.5,206.0
2026-06-06 14:00:00,38.5,36.6,854.0,5.3,225.0
2026-06-06 15:00:00,41.1,35.0,702.8,3.6,207.0
2026-06-06 16:00:00,40.9,35.2,474.6,3.8,238.0
2026-06-06 17:00:00,40.6,38.7,236.2,4.4,216.0
2026-06-06 18:00:00,39.2,33.4,0.0,4.5,208.0
2026-06-06 19:00:00,39.2,42.9,0.0,3.8,135.0
2026-06-06 20:00:00,34.3,40.6,0.0,4.1,210.0
2026-06-06 21:00:00,35.7,49.2,0.0,4.1,198.0
2026-06-06 22:00:00,34.5,52.3,0.0,3.2,221.0
2026-06-06 23:00:00,31.4,49.0,0.0,5.1,216.0
2026-06-07 00:00:00,29.3,55.7,0.0,3.8,199.0
2026-06-07 01:00:00,28.9,59.1,0.0,2.3,200.0
2026-06-07 02:00:00,28.8,59.8,0.0,2.6,271.0
2026-06-07 03:00:00,27.2,61.1,0.0,2.2,230.0
2026-06-07 04:00:00,27.7,61.5,0.0,1.6,200.0
2026-06-07 05:00:00,31.1,57.7,0.0,1.4,207.0
2026-06-07 06:00:00,30.1,54.1,19.3,1.9,204.0
2026-06-07 07:00:00,30.1,56.3,234.9,1.8,173.0
2026-06-07 08:00:00,31.6,49.5,479.5,2.0,259.0
2026-06-07 09:00:00,34.8,55.6,675.0,1.8,171.0
2026-06-07 10:00:00,37.8,44.1,813.4,4.3,234.0
2026-06-07 11:00:00,37.2,41.0,914.5,2.5,221.0
2026-06-07 12:00:00,39.0,32.2,951.4,4.1,144.0
2026-06-07 13:00:00,39.8,30.7,890.6,4.3,91.0
2026-06-07 14:00:00,37.5,33.4,829.1,3.1,223.0
2026-06-07 15:00:00,39.3,31.6,704.2,4.7,220.0
2026-06-07 16:00:00,39.6,33.4,481.0,6.0,195.0
2026-06-07 17:00:00,41.4,36.1,261.2,4.2,212.0
2026-06-07 18:00:00,37.7,37.8,6.0,6.1,214.0
2026-06-07 19:00:00,34.9,38.8,0.0,4.0,205.0
2026-06-07 20:00:00,38.7,48.3,0.0,5.2,218.0
2026-06-07 21:00:00,34.6,44.0,0.0,5.3,212.0
2026-06-07 22:00:00,34.5,47.1,0.0,3.1,220.0
2026-06-07 23:00:00,30.6,57.7,0.0,3.7,215.0
2026-06-08 00:00:00,32.4,57.8,0.0,2.6,204.0
2026-06-08 01:00:00,27.6,65.6,0.0,2.3,258.0
2026-06-08 02:00:00,29.8,63.6,0.0,2.3,215.0
2026-06-08 03:00:00,26.4,63.7,0.0,3.8,182.0
2026-06-08 04:00:00,28.7,54.0,0.0,3.3,200.0
2026-06-08 05:00:00,31.9,62.3,0.0,1.8,218.0
2026-06-08 06:00:00,31.4,57.0,0.0,1.6,178.0
2026-06-08 07:00:00,30.5,56.0,266.6,2.3,162.0
2026-06-08 08:00:00,30.9,51.9,471.6,2.4,209.0
2026-06-08 09:00:00,33.4,47.9,688.2,2.2,233.0
2026-06-08 10:00:00,38.1,45.4,810.5,2.3,221.0
2026-06-08 11:00:00,38.4,40.4,896.3,2.9,207.0
2026-06-08 12:00:00,37.8,33.9,945.2,3.1,150.0
2026-06-08 13:00:00,39.7,29.7,916.8,2.9,169.0
2026-06-08 14:00:00,40.0,28.1,789.5,5.0,211.0
2026-06-08 15:00:00,39.0,33.5,669.2,6.4,245.0
2026-06-08 16:00:00,40.8,30.1,488.1,6.0,228.0
2026-06-08 17:00:00,39.2,32.9,240.2,4.9,244.0
2026-06-08 18:00:00,38.9,35.7,0.3,4.3,135.0
2026-06-08 19:00:00,37.5,38.7,0.0,3.8,200.0
2026-06-08 20:00:00,36.5,45.9,0.0,4.4,253.0
2026-06-08 21:00:00,35.2,47.2,0.0,4.3,178.0
2026-06-08 22:00:00,35.8,54.2,0.0,5.6,206.0
2026-06-08 23:00:00,31.1,53.0,0.0,5.4,167.0
2026-06-09 00:00:00,31.9,62.9,0.0,2.5,185.0
2026-06-09 01:00:00,29.1,64.8,0.0,2.6,202.0
2026-06-09 02:00:00,30.5,65.2,0.0,2.0,187.0
2026-06-09 03:00:00,30.0,64.2,0.0,4.9,188.0
2026-06-09 04:00:00,28.7,65.5,0.0,2.0,124.0
2026-06-09 05:00:00,30.3,62.9,0.0,7.8,205.0
2026-06-09 06:00:00,29.1,57.4,0.0,2.3,205.0
2026-06-09 07:00:00,31.8,48.8,230.0,3.4,216.0
2026-06-09 08:00:00,32.3,55.8,434.1,2.1,241.0
2026-06-09 09:00:00,34.0,50.6,696.3,1.8,151.0
2026-06-09 10:00:00,35.6,40.8,835.9,4.6,198.0
2026-06-09 11:00:00,38.1,44.1,884.7,2.5,162.0
2026-06-09 12:00:00,36.3,31.9,944.7,3.8,199.0
2026-06-09 13:00:00,40.1,36.3,872.8,3.9,214.0
2026-06-09 14:00:00,42.6,35.3,822.2,3.2,183.0
2026-06-09 15:00:00,40.0,32.7,660.1,6.9,191.0
2026-06-09 16:00:00,40.7,34.2,475.6,6.6,245.0
2026-06-09 17:00:00,40.6,37.4,226.1,3.8,210.0
2026-06-09 18:00:00,38.4,32.5,12.5,4.0,170.0
2026-06-09 19:00:00,36.9,38.1,0.0,4.9,182.0
2026-06-09 20:00:00,35.2,43.6,0.0,6.3,215.0
2026-06-09 21:00:00,33.7,49.6,0.0,3.8,165.0
2026-06-09 22:00:00,31.3,54.8,0.0,4.1,233.0
2026-06-09 23:00:00,33.1,53.7,0.0,3.5,221.0
2026-06-10 00:00:00,31.9,59.6,0.0,2.6,188.0
2026-06-10 01:00:00,28.3,57.8,0.0,3.0,207.0
2026-06-10 02:00:00,29.2,69.1,0.0,2.8,227.0
2026-06-10 03:00:00,29.4,63.6,0.0,1.8,218.0
2026-06-10 04:00:00,28.3,58.2,0.0,1.5,225.0
2026-06-10 05:00:00,27.9,58.7,0.0,2.2,193.0
2026-06-10 06:00:00,31.6,57.3,0.0,2.6,181.0
2026-06-10 07:00:00,31.8,50.5,226.7,4.1,213.0
2026-06-10 08:00:00,33.0,56.4,515.2,2.1,171.0
2026-06-10 09:00:00,34.7,44.5,647.2,2.3,212.0
2026-06-10 10:00:00,38.1,48.7,837.6,2.8,194.0
2026-06-10 11:00:00,37.0,41.9,918.5,2.4,210.0
2026-06-10 12:00:00,39.3,38.9,978.5,2.7,218.0
2026-06-10 13:00:00,40.8,30.1,920.6,3.6,162.0
2026-06-10 14:00:00,41.4,30.1,837.6,4.1,236.0
2026-06-10 15:00:00,40.3,30.7,671.3,4.3,180.0
2026-06-10 16:00:00,38.4,34.6,472.7,6.5,164.0
2026-06-10 17:00:00,40.7,36.1,279.2,4.0,218.0
2026-06-10 18:00:00,36.8,35.8,0.0,4.0,188.0
2026-06-10 19:00:00,39.9,40.6,0.0,4.0,179.0
2026-06-10 20:00:00,37.0,41.2,0.0,6.4,163.0
2026-06-10 21:00:00,34.2,46.9,0.0,4.2,181.0
2026-06-10 22:00:00,30.7,47.6,0.0,4.4,216.0
2026-06-10 23:00:00,30.7,51.6,0.0,3.3,127.0
2026-06-11 00:00:00,29.7,61.8,0.0,2.9,192.0
2026-06-11 01:00:00,30.0,64.1,0.0,2.5,203.0
2026-06-11 02:00:00,31.4,64.4,0.0,3.7,158.0
2026-06-11 03:00:00,28.8,66.9,0.0,1.7,211.0
2026-06-11 04:00:00,30.0,68.4,0.0,2.5,211.0
2026-06-11 05:00:00,31.4,62.1,0.0,2.8,164.0
2026-06-11 06:00:00,31.6,56.4,6.9,2.2,204.0
2026-06-11 07:00:00,31.5,55.6,283.2,1.8,223.0
2026-06-11 08:00:00,32.6,54.4,500.7,1.8,181.0
2026-06-11 09:00:00,33.6,45.8,694.5,2.1,199.0
2026-06-11 10:00:00,35.4,43.2,786.9,2.5,208.0
2026-06-11 11:00:00,38.7,40.6,906.4,2.3,207.0
2026-06-11 12:00:00,40.6,37.5,958.3,2.8,169.0
2026-06-11 13:00:00,38.0,36.7,902.5,4.3,187.0
2026-06-11 14:00:00,42.6,31.6,801.5,6.4,187.0
2026-06-11 15:00:00,39.5,31.8,669.8,7.1,244.0
2026-06-11 16:00:00,40.3,33.6,467.3,3.7,179.0
2026-06-11 17:00:00,40.2,35.4,256.0,5.2,185.0
2026-06-11 18:00:00,38.8,38.7,0.0,4.3,193.0
2026-06-11 19:00:00,36.1,40.6,0.0,7.4,217.0
2026-06-11 20:00:00,38.0,39.4,0.0,3.7,261.0
2026-06-11 21:00:00,34.6,46.7,0.0,3.5,193.0
2026-06-11 22:00:00,34.1,51.9,0.0,3.1,188.0
2026-06-11 23:00:00,30.6,55.9,0.0,3.2,180.0
2026-06-12 00:00:00,32.6,53.7,0.0,5.7,238.0
2026-06-12 01:00:00,28.6,62.0,0.0,3.2,232.0
2026-06-12 02:00:00,28.8,60.1,0.0,2.0,208.0
2026-06-12 03:00:00,29.8,66.3,0.0,2.1,187.0
2026-06-12 04:00:00,28.1,61.8,0.0,5.3,205.0
2026-06-12 05:00:00,29.9,58.5,0.0,1.9,245.0
2026-06-12 06:00:00,33.1,58.9,0.0,1.6,185.0
2026-06-12 07:00:00,33.2,52.6,274.7,1.7,205.0
2026-06-12 08:00:00,32.2,51.5,492.1,1.7,171.0
2026-06-12 09:00:00,35.1,48.5,685.7,3.8,228.0
2026-06-12 10:00:00,36.4,47.6,804.1,1.9,256.0
2026-06-12 11:00:00,38.9,41.2,913.5,4.3,169.0
2026-06-12 12:00:00,38.4,38.6,916.9,2.8,180.0
2026-06-12 13:00:00,39.1,36.2,893.7,3.2,162.0
2026-06-12 14:00:00,43.1,34.0,838.0,5.6,153.0
2026-06-12 15:00:00,44.0,29.8,676.9,3.8,230.0
2026-06-12 16:00:00,38.9,33.7,478.9,5.6,217.0
2026-06-12 17:00:00,39.5,36.6,250.4,3.7,250.0
2026-06-12 18:00:00,38.6,36.7,0.0,5.3,196.0
2026-06-12 19:00:00,35.8,46.2,0.0,3.8,265.0
2026-06-12 20:00:00,37.8,45.5,0.0,4.0,163.0
2026-06-12 21:00:00,34.5,46.6,0.0,4.1,234.0
2026-06-12 22:00:00,32.0,53.3,0.0,3.2,179.0
2026-06-12 23:00:00,31.1,59.9,0.0,3.7,213.0
2026-06-13 00:00:00,30.5,54.2,0.0,2.9,228.0
2026-06-13 01:00:00,31.1,56.9,0.0,2.8,235.0
2026-06-13 02:00:00,28.9,62.9,0.0,3.6,223.0
2026-06-13 03:00:00,28.5,66.5,0.0,1.7,208.0
2026-06-13 04:00:00,29.4,61.7,0.0,3.5,196.0
2026-06-13 05:00:00,29.3,62.4,0.0,2.3,153.0
2026-06-13 06:00:00,31.3,62.9,0.0,1.4,198.0
2026-06-13 07:00:00,30.8,59.0,266.6,2.3,179.0
2026-06-13 08:00:00,33.0,55.7,445.4,2.7,209.0
2026-06-13 09:00:00,33.7,44.4,697.1,3.1,201.0
2026-06-13 10:00:00,37.6,40.2,811.4,2.1,233.0
2026-06-13 11:00:00,35.6,42.2,912.6,3.3,150.0
2026-06-13 12:00:00,39.7,39.8,927.3,3.0,155.0
2026-06-13 13:00:00,40.9,32.8,938.1,4.3,258.0
2026-06-13 14:00:00,40.3,32.5,786.7,3.9,211.0
2026-06-13 15:00:00,40.4,36.8,673.1,3.6,215.0
2026-06-13 16:00:00,43.2,34.9,440.1,4.7,189.0
2026-06-13 17:00:00,40.4,34.8,265.6,3.8,215.0
2026-06-13 18:00:00,38.8,42.6,0.0,4.0,186.0
2026-06-13 19:00:00,37.1,42.8,0.0,6.0,208.0
2026-06-13 20:00:00,34.6,45.6,0.0,3.8,175.0
2026-06-13 21:00:00,35.9,50.1,0.0,3.6,226.0
2026-06-13 22:00:00,35.6,50.3,0.0,3.3,174.0
2026-06-13 23:00:00,30.7,54.9,0.0,2.9,160.0
2026-06-14 00:00:00,31.2,58.5,0.0,2.5,169.0
2026-06-14 01:00:00,30.5,65.3,0.0,2.4,199.0
2026-06-14 02:00:00,28.4,60.3,0.0,2.9,226.0
2026-06-14 03:00:00,29.1,63.8,0.0,3.1,185.0
2026-06-14 04:00:00,29.4,63.8,0.0,1.8,192.0
2026-06-14 05:00:00,29.7,61.8,0.0,3.7,202.0
2026-06-14 06:00:00,30.5,64.5,32.4,2.8,206.0
2026-06-14 07:00:00,31.5,59.1,247.0,4.5,235.0
2026-06-14 08:00:00,33.0,54.7,464.6,3.7,209.0
2026-06-14 09:00:00,34.0,46.7,682.1,2.3,236.0
2026-06-14 10:00:00,37.7,47.1,821.9,4.0,168.0
2026-06-14 11:00:00,38.4,44.1,887.4,2.5,185.0
2026-06-14 12:00:00,40.5,44.2,948.2,4.6,203.0
2026-06-14 13:00:00,39.7,32.9,866.1,4.3,194.0
2026-06-14 14:00:00,41.4,31.4,811.4,5.6,264.0
2026-06-14 15:00:00,42.6,35.5,658.2,3.9,213.0
2026-06-14 16:00:00,38.1,39.2,462.7,4.2,261.0
2026-06-14 17:00:00,41.3,36.2,224.7,4.3,183.0
2026-06-14 18:00:00,38.5,40.3,13.9,4.1,201.0
2026-06-14 19:00:00,38.0,40.7,0.0,3.9,236.0
2026-06-14 20:00:00,35.1,43.5,0.0,3.5,252.0
2026-06-14 21:00:00,34.1,52.0,0.0,5.7,152.0
2026-06-14 22:00:00,33.1,57.2,0.0,5.0,177.0
2026-06-14 23:00:00,33.8,61.1,0.0,3.6,161.0
2026-06-15 00:00:00,29.3,61.6,0.0,4.8,169.0
2026-06-15 01:00:00,27.9,62.5,0.0,5.3,181.0
2026-06-15 02:00:00,29.3,64.5,0.0,4.0,145.0
2026-06-15 03:00:00,29.7,69.4,0.0,1.7,186.0
2026-06-15 04:00:00,30.0,68.3,0.0,2.0,265.0
2026-06-15 05:00:00,30.1,69.6,0.0,1.8,196.0
2026-06-15 06:00:00,32.7,63.8,0.0,2.7,177.0
2026-06-15 07:00:00,32.0,60.0,226.0,1.6,179.0
2026-06-15 08:00:00,31.6,50.8,468.9,1.6,162.0
2026-06-15 09:00:00,35.9,50.5,653.0,3.3,173.0
2026-06-15 10:00:00,35.1,45.1,826.6,3.5,220.0
2026-06-15 11:00:00,37.3,41.5,902.2,2.8,220.0
2026-06-15 12:00:00,38.6,37.2,961.4,3.4,141.0
2026-06-15 13:00:00,39.9,39.5,937.5,4.1,208.0
2026-06-15 14:00:00,41.1,28.3,829.0,3.1,170.0
2026-06-15 15:00:00,41.0,35.8,684.6,4.4,147.0
2026-06-15 16:00:00,39.3,34.9,492.5,4.2,210.0
2026-06-15 17:00:00,40.5,35.7,263.6,4.8,223.0
2026-06-15 18:00:00,41.0,42.6,0.0,5.0,197.0
2026-06-15 19:00:00,40.7,41.0,0.0,3.8,191.0
2026-06-15 20:00:00,36.6,44.6,0.0,3.9,187.0
2026-06-15 21:00:00,35.1,49.5,0.0,5.5,187.0
2026-06-15 22:00:00,33.2,56.5,0.0,4.0,194.0
2026-06-15 23:00:00,31.4,57.8,0.0,3.4,235.0
2026-06-16 00:00:00,30.3,63.1,0.0,7.6,128.0
2026-06-16 01:00:00,30.0,57.2,0.0,6.1,204.0
2026-06-16 02:00:00,28.4,57.1,0.0,4.6,204.0
2026-06-16 03:00:00,28.3,59.6,0.0,2.6,206.0
2026-06-16 04:00:00,28.6,66.4,0.0,3.8,211.0
2026-06-16 05:00:00,28.8,64.2,0.0,2.3,228.0
2026-06-16 06:00:00,30.9,58.0,0.0,1.7,241.0
2026-06-16 07:00:00,30.5,55.4,200.1,1.6,154.0
2026-06-16 08:00:00,34.6,57.1,485.9,2.3,235.0
2026-06-16 09:00:00,36.2,52.5,650.8,1.7,239.0
2026-06-16 10:00:00,37.4,47.0,803.8,2.1,203.0
2026-06-16 11:00:00,38.7,42.8,933.5,3.6,180.0
2026-06-16 12:00:00,37.8,36.4,922.5,5.0,201.0
2026-06-16 13:00:00,40.4,38.8,918.4,4.0,163.0
2026-06-16 14:00:00,41.6,40.4,814.2,3.6,199.0
2026-06-16 15:00:00,40.7,34.1,639.6,4.2,164.0
2026-06-16 16:00:00,43.0,40.2,446.1,4.8,214.0
2026-06-16 17:00:00,41.7,39.9,267.7,4.0,199.0
2026-06-16 18:00:00,38.1,36.1,25.9,6.2,183.0
2026-06-16 19:00:00,37.6,42.9,0.0,8.1,190.0
2026-06-16 20:00:00,38.8,49.1,0.0,4.6,165.0
2026-06-16 21:00:00,36.3,56.9,0.0,3.6,176.0
2026-06-16 22:00:00,35.2,53.2,0.0,4.5,193.0
2026-06-16 23:00:00,32.3,58.0,0.0,3.0,170.0
2026-06-17 00:00:00,30.4,57.9,0.0,2.7,159.0
2026-06-17 01:00:00,31.4,63.2,0.0,2.8,220.0
2026-06-17 02:00:00,27.5,63.8,0.0,3.2,204.0
2026-06-17 03:00:00,29.1,69.7,0.0,2.3,157.0
2026-06-17 04:00:00,29.2,67.2,0.0,3.5,194.0
2026-06-17 05:00:00,29.1,65.7,0.0,2.4,191.0
2026-06-17 06:00:00,30.5,63.7,2.2,3.1,177.0
2026-06-17 07:00:00,33.0,59.6,222.9,2.6,224.0
2026-06-17 08:00:00,35.2,55.3,496.0,2.3,192.0
2026-06-17 09:00:00,35.6,53.0,628.8,1.7,205.0
2026-06-17 10:00:00,38.0,45.8,838.4,2.7,254.0
2026-06-17 11:00:00,34.9,42.8,920.9,3.0,210.0
2026-06-17 12:00:00,39.4,40.4,942.9,2.6,168.0
2026-06-17 13:00:00,42.2,39.1,951.6,2.9,200.0
2026-06-17 14:00:00,41.7,31.9,824.1,3.2,221.0
2026-06-17 15:00:00,40.1,36.6,653.8,3.7,188.0
2026-06-17 16:00:00,40.9,37.4,511.2,3.7,229.0
2026-06-17 17:00:00,38.8,37.0,251.3,3.8,154.0
2026-06-17 18:00:00,37.0,42.7,0.0,4.5,212.0
2026-06-17 19:00:00,38.6,43.9,0.0,3.7,225.0
2026-06-17 20:00:00,36.1,45.9,0.0,3.7,202.0
2026-06-17 21:00:00,36.4,50.5,0.0,3.8,185.0
2026-06-17 22:00:00,31.8,55.9,0.0,3.1,208.0
2026-06-17 23:00:00,29.5,53.6,0.0,2.8,192.0
2026-06-18 00:00:00,31.5,63.0,0.0,4.6,150.0
2026-06-18 01:00:00,29.7,65.1,0.0,2.3,211.0
2026-06-18 02:00:00,29.6,63.5,0.0,2.7,160.0
2026-06-18 03:00:00,29.1,65.3,0.0,2.7,195.0
2026-06-18 04:00:00,31.7,64.1,0.0,1.9,256.0
2026-06-18 05:00:00,32.0,63.1,0.0,1.4,183.0
2026-06-18 06:00:00,31.7,64.0,10.2,1.9,178.0
2026-06-18 07:00:00,29.7,59.2,237.6,1.8,173.0
2026-06-18 08:00:00,35.5,59.1,447.0,1.5,212.0
2026-06-18 09:00:00,33.8,58.5,654.4,1.7,207.0
2026-06-18 10:00:00,38.5,48.4,782.3,2.3,200.0
2026-06-18 11:00:00,38.0,41.6,924.7,3.7,181.0
2026-06-18 12:00:00,40.8,43.7,923.8,3.6,124.0
2026-06-18 13:00:00,39.4,42.4,912.2,2.9,210.0
2026-06-18 14:00:00,41.0,36.0,814.5,3.1,246.0
2026-06-18 15:00:00,42.1,37.4,669.3,3.8,191.0
2026-06-18 16:00:00,40.3,38.1,458.0,3.8,197.0
2026-06-18 17:00:00,39.9,36.5,258.1,6.1,180.0
2026-06-18 18:00:00,38.0,40.1,0.0,5.4,184.0
2026-06-18 19:00:00,38.9,45.8,0.0,4.1,195.0
2026-06-18 20:00:00,37.8,46.1,0.0,3.6,195.0
2026-06-18 21:00:00,36.3,48.9,0.0,5.5,184.0
2026-06-18 22:00:00,32.7,57.7,0.0,3.9,197.0
2026-06-18 23:00:00,32.1,57.5,0.0,4.7,164.0
2026-06-19 00:00:00,31.1,64.4,0.0,2.6,188.0
2026-06-19 01:00:00,33.3,60.6,0.0,2.4,146.0
2026-06-19 02:00:00,28.9,63.2,0.0,2.0,186.0
2026-06-19 03:00:00,31.3,64.3,0.0,2.0,115.0
2026-06-19 04:00:00,29.0,69.8,0.0,2.2,205.0
2026-06-19 05:00:00,30.9,64.0,0.0,4.7,204.0
2026-06-19 06:00:00,28.6,58.0,0.0,1.5,245.0
2026-06-19 07:00:00,32.6,52.6,219.4,1.6,194.0
2026-06-19 08:00:00,34.6,55.2,478.1,1.6,166.0
2026-06-19 09:00:00,34.5,49.5,666.2,1.8,199.0
2026-06-19 10:00:00,36.6,48.5,811.8,2.9,177.0
2026-06-19 11:00:00,39.5,43.5,917.3,2.5,190.0
2026-06-19 12:00:00,40.3,40.8,932.7,2.8,232.0
2026-06-19 13:00:00,41.5,42.5,900.1,3.0,259.0
2026-06-19 14:00:00,43.0,37.6,839.2,3.4,196.0
2026-06-19 15:00:00,41.7,36.8,677.2,4.1,199.0
2026-06-19 16:00:00,39.9,34.5,479.2,5.3,205.0
2026-06-19 17:00:00,40.0,40.2,245.7,4.8,190.0
2026-06-19 18:00:00,39.3,43.5,0.0,7.2,140.0
2026-06-19 19:00:00,38.1,45.3,0.0,3.8,131.0
2026-06-19 20:00:00,37.4,50.4,0.0,4.2,209.0
2026-06-19 21:00:00,36.1,49.1,0.0,3.9,182.0
2026-06-19 22:00:00,32.5,55.7,0.0,3.8,255.0
2026-06-19 23:00:00,33.0,58.9,0.0,4.3,196.0
2026-06-20 00:00:00,32.3,62.7,0.0,2.8,157.0
2026-06-20 01:00:00,28.4,66.8,0.0,4.9,212.0
2026-06-20 02:00:00,29.7,62.9,0.0,2.3,241.0
2026-06-20 03:00:00,28.2,71.2,0.0,2.5,158.0
2026-06-20 04:00:00,27.8,66.7,0.0,1.5,197.0
2026-06-20 05:00:00,29.1,58.4,0.0,1.6,193.0
2026-06-20 06:00:00,30.6,60.3,0.0,2.6,116.0
2026-06-20 07:00:00,33.3,62.2,261.6,2.1,227.0
2026-06-20 08:00:00,32.4,55.5,469.7,1.7,177.0
2026-06-20 09:00:00,33.6,55.7,678.5,1.7,190.0
2026-06-20 10:00:00,35.2,48.0,826.2,4.4,198.0
2026-06-20 11:00:00,38.5,34.0,907.3,2.2,152.0
2026-06-20 12:00:00,41.4,41.4,994.4,2.7,170.0
2026-06-20 13:00:00,40.9,44.2,934.9,4.6,148.0
2026-06-20 14:00:00,40.4,36.2,823.4,3.5,125.0
2026-06-20 15:00:00,40.7,41.7,679.6,4.2,179.0
2026-06-20 16:00:00,42.4,37.1,476.6,4.7,193.0
2026-06-20 17:00:00,43.1,37.4,252.1,5.5,191.0
2026-06-20 18:00:00,40.4,43.7,9.7,4.0,157.0
2026-06-20 19:00:00,39.6,44.1,0.0,4.3,167.0
2026-06-20 20:00:00,36.6,45.0,0.0,5.1,138.0
2026-06-20 21:00:00,35.5,53.0,0.0,4.0,208.0
2026-06-20 22:00:00,33.1,51.2,0.0,3.1,208.0
2026-06-20 23:00:00,32.3,62.8,0.0,3.3,210.0
2026-06-21 00:00:00,32.2,63.1,0.0,3.3,153.0
2026-06-21 01:00:00,30.0,64.7,0.0,5.9,210.0
2026-06-21 02:00:00,30.0,71.5,0.0,2.2,168.0
2026-06-21 03:00:00,27.9,67.2,0.0,2.6,156.0
2026-06-21 04:00:00,31.5,61.2,0.0,1.6,228.0
2026-06-21 05:00:00,32.0,63.2,0.0,2.3,168.0
2026-06-21 06:00:00,31.3,60.9,0.0,2.1,207.0
2026-06-21 07:00:00,33.7,58.7,253.5,1.7,220.0
2026-06-21 08:00:00,32.3,49.6,463.4,2.6,188.0
2026-06-21 09:00:00,34.8,47.1,647.9,4.1,180.0
2026-06-21 10:00:00,36.9,52.3,845.0,2.4,134.0
2026-06-21 11:00:00,37.9,46.5,918.8,4.2,187.0
2026-06-21 12:00:00,40.0,38.4,975.3,3.9,183.0
2026-06-21 13:00:00,39.5,33.9,904.8,5.7,224.0
2026-06-21 14:00:00,42.4,36.8,843.5,3.2,142.0
2026-06-21 15:00:00,41.8,36.2,643.5,5.4,174.0
2026-06-21 16:00:00,40.6,32.5,448.2,4.2,156.0
2026-06-21 17:00:00,39.4,39.2,274.8,4.2,227.0
2026-06-21 18:00:00,40.9,39.4,11.6,5.0,198.0
2026-06-21 19:00:00,36.9,46.3,0.0,3.9,190.0
2026-06-21 20:00:00,38.9,42.8,0.0,4.2,185.0
2026-06-21 21:00:00,36.8,50.3,0.0,3.5,201.0
2026-06-21 22:00:00,36.2,59.4,0.0,3.4,184.0
2026-06-21 23:00:00,31.3,61.5,0.0,2.9,167.0
2026-06-22 00:00:00,31.8,67.5,0.0,2.8,217.0
2026-06-22 01:00:00,31.9,70.5,0.0,3.7,225.0
2026-06-22 02:00:00,29.0,66.0,0.0,2.8,197.0
2026-06-22 03:00:00,30.3,64.9,0.0,2.8,209.0
2026-06-22 04:00:00,30.9,66.7,0.0,1.6,213.0
2026-06-22 05:00:00,28.5,60.0,0.0,1.8,194.0
2026-06-22 06:00:00,31.2,71.0,0.0,2.5,193.0
2026-06-22 07:00:00,32.7,59.8,258.2,2.1,213.0
2026-06-22 08:00:00,32.7,56.4,466.3,2.9,180.0
2026-06-22 09:00:00,35.4,50.7,687.3,3.7,223.0
2026-06-22 10:00:00,35.8,45.2,807.0,2.1,190.0
2026-06-22 11:00:00,39.4,48.3,909.7,3.2,140.0
2026-06-22 12:00:00,37.8,38.9,939.7,2.9,194.0
2026-06-22 13:00:00,40.6,42.7,910.1,2.9,231.0
2026-06-22 14:00:00,41.7,37.8,836.0,3.8,264.0
2026-06-22 15:00:00,38.6,31.8,645.2,4.6,211.0
2026-06-22 16:00:00,41.0,40.6,462.0,3.7,239.0
2026-06-22 17:00:00,41.2,36.4,260.4,3.8,239.0
2026-06-22 18:00:00,40.5,46.9,13.9,3.8,165.0
2026-06-22 19:00:00,36.4,44.3,0.0,5.1,173.0
2026-06-22 20:00:00,36.5,50.4,0.0,4.0,169.0
2026-06-22 21:00:00,36.9,51.9,0.0,3.6,178.0
2026-06-22 22:00:00,32.5,56.8,0.0,3.1,177.0
2026-06-22 23:00:00,32.7,64.1,0.0,3.1,166.0
2026-06-23 00:00:00,30.0,62.9,0.0,2.7,227.0
2026-06-23 01:00:00,30.9,67.2,0.0,2.7,215.0
2026-06-23 02:00:00,29.5,72.7,0.0,3.8,227.0
2026-06-23 03:00:00,29.3,74.5,0.0,3.2,186.0
2026-06-23 04:00:00,30.5,70.6,0.0,1.8,212.0
2026-06-23 05:00:00,31.7,56.9,0.0,1.4,195.0
2026-06-23 06:00:00,33.6,62.0,0.0,1.9,191.0
2026-06-23 07:00:00,32.1,63.3,246.4,5.2,191.0
2026-06-23 08:00:00,32.4,55.5,472.0,2.2,158.0
2026-06-23 09:00:00,34.5,53.1,681.8,3.6,213.0
2026-06-23 10:00:00,38.5,44.4,791.8,2.8,157.0
2026-06-23 11:00:00,40.2,40.6,917.2,2.8,221.0
2026-06-23 12:00:00,41.0,38.8,911.7,2.6,235.0
2026-06-23 13:00:00,41.4,46.7,924.9,3.5,206.0
2026-06-23 14:00:00,42.6,41.6,839.0,3.2,190.0
2026-06-23 15:00:00,43.2,39.6,673.6,5.3,169.0
2026-06-23 16:00:00,41.3,37.6,505.3,4.0,176.0
2026-06-23 17:00:00,41.3,35.0,256.0,3.9,189.0
2026-06-23 18:00:00,39.6,41.5,10.7,4.9,193.0
2026-06-23 19:00:00,39.6,38.6,0.0,4.8,187.0
2026-06-23 20:00:00,34.7,47.5,0.0,4.4,208.0
2026-06-23 21:00:00,36.0,58.4,0.0,4.3,185.0
2026-06-23 22:00:00,33.6,56.1,0.0,4.2,249.0
2026-06-23 23:00:00,35.6,52.8,0.0,3.2,216.0
2026-06-24 00:00:00,31.1,61.0,0.0,2.8,191.0
2026-06-24 01:00:00,31.5,66.7,0.0,4.2,202.0
2026-06-24 02:00:00,28.9,65.3,0.0,3.0,213.0
2026-06-24 03:00:00,30.5,67.2,0.0,2.3,198.0
2026-06-24 04:00:00,30.2,68.8,0.0,2.6,183.0
2026-06-24 05:00:00,30.2,64.7,0.0,1.7,177.0
2026-06-24 06:00:00,31.6,59.8,0.0,1.6,154.0
2026-06-24 07:00:00,33.8,60.0,220.7,2.5,210.0
2026-06-24 08:00:00,34.1,60.0,499.0,2.1,150.0
2026-06-24 09:00:00,35.6,49.1,658.3,2.2,182.0
2026-06-24 10:00:00,38.5,44.1,839.1,4.4,262.0
2026-06-24 11:00:00,37.2,46.6,892.3,4.7,148.0
2026-06-24 12:00:00,39.0,40.8,985.6,3.3,154.0
2026-06-24 13:00:00,42.1,42.3,932.2,3.1,172.0
2026-06-24 14:00:00,42.3,40.2,797.5,3.4,234.0
2026-06-24 15:00:00,40.6,35.7,642.9,5.7,162.0
2026-06-24 16:00:00,39.8,37.9,487.4,3.6,186.0
2026-06-24 17:00:00,41.1,41.6,219.1,4.7,206.0
2026-06-24 18:00:00,40.5,40.7,0.0,3.8,221.0
2026-06-24 19:00:00,38.3,45.6,0.0,5.0,181.0
2026-06-24 20:00:00,37.4,48.6,0.0,4.0,200.0
2026-06-24 21:00:00,37.0,55.8,0.0,3.9,253.0
2026-06-24 22:00:00,32.4,54.6,0.0,3.4,199.0
2026-06-24 23:00:00,32.9,59.0,0.0,2.9,199.0
2026-06-25 00:00:00,31.3,64.3,0.0,2.7,198.0
2026-06-25 01:00:00,30.2,66.3,0.0,2.4,249.0
2026-06-25 02:00:00,29.2,68.6,0.0,5.4,215.0
2026-06-25 03:00:00,29.5,66.7,0.0,2.4,192.0
2026-06-25 04:00:00,28.8,68.2,0.0,1.5,185.0
2026-06-25 05:00:00,31.7,71.1,0.0,1.9,182.0
2026-06-25 06:00:00,30.0,68.8,0.0,1.4,257.0
2026-06-25 07:00:00,32.9,62.9,246.1,1.7,193.0
2026-06-25 08:00:00,33.0,58.0,455.9,3.0,223.0
2026-06-25 09:00:00,37.8,49.2,668.3,1.8,197.0
2026-06-25 10:00:00,36.1,43.6,801.1,2.7,193.0
2026-06-25 11:00:00,38.4,38.9,911.0,2.7,195.0
2026-06-25 12:00:00,39.6,39.6,979.5,2.7,160.0
2026-06-25 13:00:00,42.2,38.2,871.1,3.8,184.0
2026-06-25 14:00:00,41.3,38.5,802.9,4.9,170.0
2026-06-25 15:00:00,39.9,35.8,677.0,3.5,166.0
2026-06-25 16:00:00,41.1,42.1,496.8,4.6,138.0
2026-06-25 17:00:00,41.7,40.0,238.2,4.2,245.0
2026-06-25 18:00:00,41.8,48.2,0.0,5.1,169.0
2026-06-25 19:00:00,36.2,44.6,0.0,4.4,175.0
2026-06-25 20:00:00,38.9,47.8,0.0,4.0,187.0
2026-06-25 21:00:00,34.9,51.7,0.0,4.5,156.0
2026-06-25 22:00:00,34.2,63.9,0.0,4.0,194.0
2026-06-25 23:00:00,32.4,67.1,0.0,3.7,194.0
2026-06-26 00:00:00,34.8,65.7,0.0,3.1,171.0
2026-06-26 01:00:00,30.2,71.5,0.0,5.1,184.0
2026-06-26 02:00:00,31.2,71.5,0.0,2.0,197.0
2026-06-26 03:00:00,29.4,66.7,0.0,1.8,145.0
2026-06-26 04:00:00,29.0,67.7,0.0,2.3,169.0
2026-06-26 05:00:00,31.3,65.6,0.0,2.5,212.0
2026-06-26 06:00:00,31.1,70.4,3.8,1.7,187.0
2026-06-26 07:00:00,32.5,60.5,207.7,1.5,168.0
2026-06-26 08:00:00,33.6,58.3,457.3,1.9,181.0
2026-06-26 09:00:00,35.1,57.0,694.9,3.0,211.0
2026-06-26 10:00:00,36.5,49.3,793.6,3.8,255.0
2026-06-26 11:00:00,37.7,47.7,896.6,2.4,178.0
2026-06-26 12:00:00,39.6,48.8,944.1,3.5,182.0
2026-06-26 13:00:00,41.3,37.1,902.2,3.0,202.0
2026-06-26 14:00:00,38.9,38.3,799.7,3.8,205.0
2026-06-26 15:00:00,42.4,36.8,661.7,4.9,219.0
2026-06-26 16:00:00,42.9,44.2,479.1,4.0,205.0
2026-06-26 17:00:00,40.3,37.7,248.7,4.1,174.0
2026-06-26 18:00:00,40.0,38.0,0.0,5.5,242.0
2026-06-26 19:00:00,37.4,41.5,0.0,4.3,154.0
2026-06-26 20:00:00,40.2,45.9,0.0,3.9,174.0
2026-06-26 21:00:00,35.5,56.4,0.0,4.0,140.0
2026-06-26 22:00:00,34.6,58.2,0.0,5.0,169.0
2026-06-26 23:00:00,33.9,58.4,0.0,6.2,201.0
2026-06-27 00:00:00,32.4,67.6,0.0,2.7,190.0
2026-06-27 01:00:00,30.8,71.0,0.0,2.3,224.0
2026-06-27 02:00:00,28.3,63.1,0.0,2.5,172.0
2026-06-27 03:00:00,29.2,67.2,0.0,2.1,169.0
2026-06-27 04:00:00,30.5,65.8,0.0,2.6,130.0
2026-06-27 05:00:00,30.0,66.4,0.0,3.7,136.0
2026-06-27 06:00:00,30.8,63.8,0.0,3.7,199.0
2026-06-27 07:00:00,32.7,59.6,272.8,3.3,216.0
2026-06-27 08:00:00,34.0,55.7,476.6,2.1,195.0
2026-06-27 09:00:00,36.7,53.8,647.5,1.7,182.0
2026-06-27 10:00:00,38.9,52.0,790.0,2.5,182.0
2026-06-27 11:00:00,39.5,49.3,919.0,4.1,146.0
2026-06-27 12:00:00,40.7,40.9,938.9,3.9,192.0
2026-06-27 13:00:00,39.4,41.6,949.8,3.5,159.0
2026-06-27 14:00:00,43.6,40.8,856.2,3.1,152.0
2026-06-27 15:00:00,40.6,39.6,650.8,3.4,172.0
2026-06-27 16:00:00,43.6,39.8,485.4,4.1,228.0
2026-06-27 17:00:00,43.2,45.5,250.9,12.8,163.0
2026-06-27 18:00:00,39.7,42.5,0.0,3.9,208.0
2026-06-27 19:00:00,38.2,43.6,0.0,4.5,168.0
2026-06-27 20:00:00,38.9,52.7,0.0,5.2,231.0
2026-06-27 21:00:00,37.0,59.4,0.0,3.5,223.0
2026-06-27 22:00:00,33.3,52.5,0.0,5.1,195.0
2026-06-27 23:00:00,32.3,62.6,0.0,3.9,179.0
2026-06-28 00:00:00,31.7,67.3,0.0,3.6,185.0
2026-06-28 01:00:00,30.4,68.6,0.0,2.5,185.0
2026-06-28 02:00:00,30.4,70.5,0.0,3.8,199.0
2026-06-28 03:00:00,30.6,64.3,0.0,2.3,152.0
2026-06-28 04:00:00,28.1,64.3,0.0,3.2,238.0
2026-06-28 05:00:00,31.3,61.4,0.0,1.8,236.0
2026-06-28 06:00:00,31.7,68.0,48.3,1.8,156.0
2026-06-28 07:00:00,32.5,54.8,251.2,2.6,197.0
2026-06-28 08:00:00,33.7,56.8,467.9,1.7,131.0
2026-06-28 09:00:00,35.4,60.3,693.2,3.8,215.0
2026-06-28 10:00:00,36.3,46.4,811.9,2.1,208.0
2026-06-28 11:00:00,39.4,49.2,922.5,3.6,223.0
2026-06-28 12:00:00,41.5,46.7,944.2,3.3,141.0
2026-06-28 13:00:00,40.4,41.3,913.0,3.0,182.0
2026-06-28 14:00:00,43.3,38.5,840.0,4.0,149.0
2026-06-28 15:00:00,41.2,39.8,680.8,4.8,221.0
2026-06-28 16:00:00,39.9,46.0,448.4,3.7,189.0
2026-06-28 17:00:00,41.6,40.4,257.3,5.5,203.0
2026-06-28 18:00:00,40.5,46.1,0.0,4.4,195.0
2026-06-28 19:00:00,37.7,49.1,0.0,4.1,196.0
2026-06-28 20:00:00,39.2,50.3,0.0,7.1,133.0
2026-06-28 21:00:00,35.2,55.4,0.0,3.9,129.0
2026-06-28 22:00:00,35.1,56.3,0.0,3.4,193.0
2026-06-28 23:00:00,31.9,60.9,0.0,3.1,184.0
2026-06-29 00:00:00,31.1,63.0,0.0,3.1,148.0
2026-06-29 01:00:00,28.6,68.3,0.0,3.6,183.0
2026-06-29 02:00:00,28.9,68.3,0.0,2.2,133.0
2026-06-29 03:00:00,29.8,79.9,0.0,2.6,178.0
2026-06-29 04:00:00,31.8,65.7,0.0,1.8,146.0
2026-06-29 05:00:00,31.1,70.2,0.0,2.4,172.0
2026-06-29 06:00:00,29.7,61.7,0.0,2.5,145.0
2026-06-29 07:00:00,31.7,67.4,262.6,2.1,235.0
2026-06-29 08:00:00,32.8,60.0,503.7,2.8,165.0
2026-06-29 09:00:00,36.9,56.4,704.5,1.9,191.0
2026-06-29 10:00:00,36.4,49.8,821.9,3.0,173.0
2026-06-29 11:00:00,37.4,47.0,971.1,2.9,182.0
2026-06-29 12:00:00,38.3,48.6,964.8,2.6,220.0
2026-06-29 13:00:00,40.9,39.3,911.8,3.5,168.0
2026-06-29 14:00:00,40.8,43.6,816.9,3.8,204.0
2026-06-29 15:00:00,42.4,40.0,658.0,5.2,211.0
2026-06-29 16:00:00,41.7,37.9,474.1,4.1,172.0
2026-06-29 17:00:00,41.6,40.5,261.2,6.0,171.0
2026-06-29 18:00:00,39.8,40.1,16.3,5.5,197.0
2026-06-29 19:00:00,40.0,49.2,0.0,3.9,186.0
2026-06-29 20:00:00,35.7,50.8,0.0,4.6,198.0
2026-06-29 21:00:00,36.8,49.8,0.0,3.8,190.0
2026-06-29 22:00:00,35.0,63.6,0.0,3.6,210.0
2026-06-29 23:00:00,32.8,65.9,0.0,3.2,210.0
2026-06-30 00:00:00,32.7,67.3,0.0,2.7,245.0
2026-06-30 01:00:00,30.2,70.3,0.0,2.8,182.0
2026-06-30 02:00:00,30.1,71.2,0.0,2.2,165.0
2026-06-30 03:00:00,28.6,66.0,0.0,2.7,149.0
2026-06-30 04:00:00,29.4,69.9,0.0,3.8,170.0
2026-06-30 05:00:00,29.2,69.7,0.0,2.3,232.0
2026-06-30 06:00:00,32.3,65.0,0.0,1.7,132.0
2026-06-30 07:00:00,30.6,62.8,230.9,2.0,227.0
2026-06-30 08:00:00,34.3,61.8,456.9,2.4,157.0
2026-06-30 09:00:00,36.4,55.2,678.5,2.2,167.0
2026-06-30 10:00:00,38.0,51.0,856.6,2.6,172.0
2026-06-30 11:00:00,39.2,49.9,908.5,2.7,209.0
2026-06-30 12:00:00,39.7,43.8,948.4,3.3,146.0
2026-06-30 13:00:00,39.9,43.1,902.6,3.0,220.0
2026-06-30 14:00:00,41.4,38.9,828.2,3.2,158.0
2026-06-30 15:00:00,41.2,39.6,659.3,3.7,223.0
2026-06-30 16:00:00,39.9,42.7,456.9,3.8,166.0
2026-06-30 17:00:00,38.9,44.2,249.3,4.1,161.0
2026-06-30 18:00:00,40.1,41.9,11.0,3.7,197.0
2026-06-30 19:00:00,37.9,46.4,0.0,4.5,174.0
2026-06-30 20:00:00,36.3,53.2,0.0,6.0,224.0
2026-06-30 21:00:00,35.3,51.8,0.0,5.9,196.0
2026-06-30 22:00:00,34.2,61.5,0.0,5.5,180.0
2026-06-30 23:00:00,30.7,61.1,0.0,3.1,176.0
2026-07-01 00:00:00,33.2,63.5,0.0,2.7,158.0
2026-07-01 01:00:00,29.3,62.7,0.0,3.0,156.0
2026-07-01 02:00:00,31.0,68.0,0.0,2.8,145.0
2026-07-01 03:00:00,29.3,68.0,0.0,3.9,123.0
2026-07-01 04:00:00,28.5,71.4,0.0,1.6,238.0
2026-07-01 05:00:00,30.8,75.3,0.0,2.2,234.0
2026-07-01 06:00:00,31.1,60.6,15.5,1.4,188.0
2026-07-01 07:00:00,31.8,59.5,266.3,2.1,137.0
2026-07-01 08:00:00,34.9,55.4,481.1,2.1,134.0
2026-07-01 09:00:00,37.7,57.6,650.8,2.6,150.0
2026-07-01 10:00:00,37.1,52.1,804.0,4.6,119.0
2026-07-01 11:00:00,38.7,49.8,940.1,3.4,148.0
2026-07-01 12:00:00,40.8,46.9,931.8,2.9,202.0
2026-07-01 13:00:00,41.4,41.5,922.5,3.0,209.0
2026-07-01 14:00:00,42.8,46.0,830.7,3.2,196.0
2026-07-01 15:00:00,43.3,40.4,630.2,5.0,170.0
2026-07-01 16:00:00,40.8,37.1,477.9,3.8,162.0
2026-07-01 17:00:00,38.8,43.3,285.3,3.9,154.0
2026-07-01 18:00:00,40.4,46.2,14.5,4.2,177.0
2026-07-01 19:00:00,37.3,48.1,0.0,4.0,170.0
2026-07-01 20:00:00,37.2,56.8,0.0,3.8,173.0
2026-07-01 21:00:00,35.7,57.8,0.0,3.4,172.0
2026-07-01 22:00:00,35.6,57.1,0.0,5.4,181.0
2026-07-01 23:00:00,31.8,62.6,0.0,4.6,145.0
2026-07-02 00:00:00,32.8,64.8,0.0,4.7,197.0
2026-07-02 01:00:00,31.9,72.1,0.0,2.4,176.0
2026-07-02 02:00:00,28.9,71.1,0.0,2.1,218.0
2026-07-02 03:00:00,29.5,65.3,0.0,2.8,144.0
2026-07-02 04:00:00,31.2,73.6,0.0,1.8,142.0
2026-07-02 05:00:00,30.9,65.0,0.0,2.4,203.0
2026-07-02 06:00:00,32.6,70.0,23.8,3.0,199.0
2026-07-02 07:00:00,32.9,61.7,235.0,1.7,159.0
2026-07-02 08:00:00,31.9,59.0,481.9,4.0,137.0
2026-07-02 09:00:00,36.9,54.9,683.9,1.8,150.0
2026-07-02 10:00:00,37.8,46.9,860.4,2.4,208.0
2026-07-02 11:00:00,38.2,50.3,939.2,2.5,114.0
2026-07-02 12:00:00,38.7,44.9,961.3,3.5,181.0
2026-07-02 13:00:00,40.2,47.3,903.7,3.9,191.0
2026-07-02 14:00:00,40.7,43.3,810.8,3.9,187.0
2026-07-02 15:00:00,43.1,45.3,663.9,3.5,148.0
2026-07-02 16:00:00,43.8,42.5,468.5,4.6,219.0
2026-07-02 17:00:00,43.2,42.8,234.1,4.4,154.0
2026-07-02 18:00:00,41.5,47.8,76.2,5.5,168.0
2026-07-02 19:00:00,39.4,50.5,0.0,4.3,158.0
2026-07-02 20:00:00,38.9,50.9,0.0,3.7,201.0
2026-07-02 21:00:00,35.0,53.5,0.0,4.0,181.0
2026-07-02 22:00:00,35.0,60.4,0.0,4.0,200.0
2026-07-02 23:00:00,32.0,63.5,0.0,3.0,174.0
2026-07-03 00:00:00,32.0,65.7,0.0,3.5,163.0
2026-07-03 01:00:00,29.6,68.7,0.0,2.9,188.0
2026-07-03 02:00:00,31.7,78.5,0.0,2.6,155.0
2026-07-03 03:00:00,30.4,69.6,0.0,3.1,213.0
2026-07-03 04:00:00,28.4,68.3,0.0,4.1,185.0
2026-07-03 05:00:00,28.7,64.8,0.0,5.9,166.0
2026-07-03 06:00:00,31.5,60.7,4.5,2.1,131.0
2026-07-03 07:00:00,31.2,63.3,235.0,1.4,195.0
2026-07-03 08:00:00,33.7,63.6,450.6,1.7,172.0
2026-07-03 09:00:00,33.5,55.7,653.2,3.2,155.0
2026-07-03 10:00:00,39.4,47.7,844.2,5.0,153.0
2026-07-03 11:00:00,39.2,50.0,910.4,2.3,159.0
2026-07-03 12:00:00,40.6,48.2,958.2,3.9,226.0
2026-07-03 13:00:00,40.0,45.9,941.0,7.8,136.0
2026-07-03 14:00:00,42.4,43.8,794.9,3.7,171.0
2026-07-03 15:00:00,40.4,39.6,644.1,4.3,116.0
2026-07-03 16:00:00,41.4,39.1,477.0,5.9,155.0
2026-07-03 17:00:00,40.5,43.2,237.9,3.8,170.0
2026-07-03 18:00:00,39.1,45.3,0.0,3.8,199.0
2026-07-03 19:00:00,39.9,51.0,0.0,4.3,200.0
2026-07-03 20:00:00,36.3,51.7,0.0,3.7,161.0
2026-07-03 21:00:00,36.9,59.3,0.0,3.5,147.0
2026-07-03 22:00:00,33.6,57.6,0.0,3.3,184.0
2026-07-03 23:00:00,31.7,62.6,0.0,3.9,123.0
2026-07-04 00:00:00,31.4,67.9,0.0,2.7,187.0
2026-07-04 01:00:00,32.1,75.2,0.0,2.5,131.0
2026-07-04 02:00:00,28.2,73.3,0.0,2.2,164.0
2026-07-04 03:00:00,30.4,72.4,0.0,2.1,210.0
2026-07-04 04:00:00,31.4,70.9,0.0,3.1,153.0
2026-07-04 05:00:00,30.8,68.5,0.0,2.1,136.0
2026-07-04 06:00:00,32.1,65.7,0.0,2.7,170.0
2026-07-04 07:00:00,32.4,65.1,269.1,2.4,221.0
2026-07-04 08:00:00,34.0,59.8,453.7,3.2,121.0
2026-07-04 09:00:00,35.1,55.1,655.0,3.3,143.0
2026-07-04 10:00:00,36.4,49.0,851.2,1.9,203.0
2026-07-04 11:00:00,38.7,50.2,915.1,2.9,155.0
2026-07-04 12:00:00,40.5,43.7,968.7,4.1,124.0
2026-07-04 13:00:00,42.5,47.4,893.2,2.8,206.0
2026-07-04 14:00:00,44.0,41.4,837.0,5.4,222.0
2026-07-04 15:00:00,40.3,40.4,662.7,3.5,145.0
2026-07-04 16:00:00,42.9,43.0,461.1,5.5,134.0
2026-07-04 17:00:00,41.5,43.3,237.9,3.7,176.0
2026-07-04 18:00:00,38.9,46.5,0.0,3.9,153.0
2026-07-04 19:00:00,38.8,46.1,0.0,4.2,153.0
2026-07-04 20:00:00,40.2,53.8,0.0,4.6,156.0
2026-07-04 21:00:00,34.1,52.2,0.0,3.6,173.0
2026-07-04 22:00:00,34.3,59.3,0.0,3.4,185.0
2026-07-04 23:00:00,32.1,60.9,0.0,4.8,222.0
2026-07-05 00:00:00,30.3,68.6,0.0,4.4,155.0
2026-07-05 01:00:00,31.2,70.5,0.0,2.3,164.0
2026-07-05 02:00:00,32.7,74.0,0.0,2.3,213.0
2026-07-05 03:00:00,28.9,68.5,0.0,1.7,225.0
2026-07-05 04:00:00,31.4,74.1,0.0,1.8,180.0
2026-07-05 05:00:00,32.5,70.1,0.0,2.0,217.0
2026-07-05 06:00:00,30.3,67.7,16.4,3.2,230.0
2026-07-05 07:00:00,34.2,65.9,258.5,2.4,138.0
2026-07-05 08:00:00,35.1,61.8,487.2,2.7,186.0
2026-07-05 09:00:00,33.5,56.3,678.1,1.9,216.0
2026-07-05 10:00:00,36.7,51.1,858.3,2.2,224.0
2026-07-05 11:00:00,40.2,52.5,905.9,5.2,216.0
2026-07-05 12:00:00,42.2,41.8,946.5,4.9,163.0
2026-07-05 13:00:00,42.6,41.2,885.3,3.3,198.0
2026-07-05 14:00:00,40.7,46.7,835.0,3.2,183.0
2026-07-05 15:00:00,42.7,45.1,665.0,3.8,153.0
2026-07-05 16:00:00,42.0,41.0,477.9,4.3,182.0
2026-07-05 17:00:00,39.4,43.2,223.1,6.5,126.0
2026-07-05 18:00:00,42.1,47.9,0.0,4.0,173.0
2026-07-05 19:00:00,37.5,49.2,0.0,4.4,153.0
2026-07-05 20:00:00,37.9,50.6,0.0,4.3,167.0
2026-07-05 21:00:00,37.5,58.6,0.0,4.2,215.0
2026-07-05 22:00:00,34.3,55.8,0.0,3.9,169.0
2026-07-05 23:00:00,31.4,66.1,0.0,3.0,166.0
2026-07-06 00:00:00,32.3,65.4,0.0,3.1,139.0
2026-07-06 01:00:00,30.7,74.4,0.0,4.4,135.0
2026-07-06 02:00:00,29.5,68.0,0.0,2.8,174.0
2026-07-06 03:00:00,28.3,71.4,0.0,2.2,209.0
2026-07-06 04:00:00,31.1,70.6,0.0,3.5,150.0
2026-07-06 05:00:00,29.5,64.7,0.0,1.7,198.0
2026-07-06 06:00:00,30.2,66.0,52.0,1.8,182.0
2026-07-06 07:00:00,33.0,62.0,247.5,1.5,158.0
2026-07-06 08:00:00,34.2,60.7,465.7,3.7,254.0
2026-07-06 09:00:00,38.0,59.6,696.4,2.5,166.0
2026-07-06 10:00:00,37.7,48.8,831.8,2.4,157.0
2026-07-06 11:00:00,39.5,51.7,926.4,2.9,126.0
2026-07-06 12:00:00,40.8,52.0,956.3,3.6,173.0
2026-07-06 13:00:00,39.5,45.1,905.0,3.0,177.0
2026-07-06 14:00:00,39.9,47.7,828.1,4.3,137.0
2026-07-06 15:00:00,43.1,45.1,694.1,4.6,157.0
2026-07-06 16:00:00,43.2,40.5,488.9,5.9,168.0
2026-07-06 17:00:00,39.8,40.0,278.4,4.6,188.0
2026-07-06 18:00:00,40.7,43.8,0.0,4.7,141.0
2026-07-06 19:00:00,39.0,40.1,0.0,4.1,201.0
2026-07-06 20:00:00,35.5,50.7,0.0,4.0,165.0
2026-07-06 21:00:00,36.6,59.3,0.0,4.0,133.0
2026-07-06 22:00:00,35.2,65.0,0.0,3.8,181.0
2026-07-06 23:00:00,31.6,66.9,0.0,4.6,204.0
2026-07-07 00:00:00,35.0,69.9,0.0,2.5,153.0
2026-07-07 01:00:00,31.1,72.8,0.0,3.5,177.0
2026-07-07 02:00:00,31.2,77.7,0.0,3.0,205.0
2026-07-07 03:00:00,31.4,72.1,0.0,1.9,204.0
2026-07-07 04:00:00,30.0,68.7,0.0,2.3,246.0
2026-07-07 05:00:00,32.5,72.1,0.0,3.1,116.0
2026-07-07 06:00:00,32.1,65.5,17.5,1.7,118.0
2026-07-07 07:00:00,33.2,63.1,283.1,2.1,175.0
2026-07-07 08:00:00,35.4,59.5,475.2,2.3,158.0
2026-07-07 09:00:00,34.8,58.2,645.4,1.7,161.0
2026-07-07 10:00:00,38.6,56.0,834.2,2.1,173.0
2026-07-07 11:00:00,38.4,44.4,929.0,3.3,196.0
2026-07-07 12:00:00,40.6,50.5,912.9,2.7,167.0
2026-07-07 13:00:00,40.8,46.7,901.3,3.9,188.0
2026-07-07 14:00:00,41.6,42.1,834.4,3.7,159.0
2026-07-07 15:00:00,41.5,42.1,679.6,3.8,218.0
2026-07-07 16:00:00,42.8,41.3,505.3,5.1,171.0
2026-07-07 17:00:00,41.1,44.7,229.3,4.3,165.0
2026-07-07 18:00:00,40.0,40.2,16.9,4.1,173.0
2026-07-07 19:00:00,39.9,50.4,0.0,3.8,209.0
2026-07-07 20:00:00,37.1,54.0,0.0,4.2,160.0
2026-07-07 21:00:00,35.8,58.2,0.0,4.6,138.0
2026-07-07 22:00:00,32.8,54.1,0.0,3.1,230.0
2026-07-07 23:00:00,33.6,66.2,0.0,4.4,215.0
2026-07-08 00:00:00,31.4,67.4,0.0,4.0,156.0
2026-07-08 01:00:00,32.0,70.9,0.0,2.9,116.0
2026-07-08 02:00:00,32.1,73.9,0.0,1.9,204.0
2026-07-08 03:00:00,30.7,74.5,0.0,4.2,190.0
2026-07-08 04:00:00,30.4,77.8,0.0,1.5,171.0
2026-07-08 05:00:00,31.9,64.5,0.0,3.1,167.0
2026-07-08 06:00:00,30.5,72.4,0.0,1.8,180.0
2026-07-08 07:00:00,34.2,63.9,253.4,2.9,139.0
2026-07-08 08:00:00,33.3,56.5,484.1,3.8,137.0
2026-07-08 09:00:00,35.0,58.2,644.2,3.0,173.0
2026-07-08 10:00:00,36.1,56.6,819.0,2.6,160.0
2026-07-08 11:00:00,38.9,46.9,952.5,2.7,171.0
2026-07-08 12:00:00,40.3,45.5,947.4,2.5,152.0
2026-07-08 13:00:00,40.4,48.1,913.7,4.4,164.0
2026-07-08 14:00:00,41.4,48.0,810.7,3.5,183.0
2026-07-08 15:00:00,41.4,41.9,657.6,4.6,134.0
2026-07-08 16:00:00,40.9,48.6,476.0,4.1,166.0
2026-07-08 17:00:00,41.2,49.0,255.7,4.3,194.0
2026-07-08 18:00:00,40.5,50.3,0.0,3.7,169.0
2026-07-08 19:00:00,39.7,52.2,0.0,4.8,132.0
2026-07-08 20:00:00,38.3,52.4,0.0,5.5,140.0
2026-07-08 21:00:00,35.9,57.5,0.0,3.4,161.0
2026-07-08 22:00:00,33.6,67.0,0.0,3.4,128.0
2026-07-08 23:00:00,33.5,66.2,0.0,7.7,143.0
2026-07-09 00:00:00,31.4,75.5,0.0,3.3,174.0
2026-07-09 01:00:00,31.5,77.0,0.0,5.2,223.0
2026-07-09 02:00:00,31.3,70.1,0.0,2.3,145.0
2026-07-09 03:00:00,31.3,70.8,0.0,2.5,192.0
2026-07-09 04:00:00,30.2,73.9,0.0,2.6,137.0
2026-07-09 05:00:00,30.7,68.2,0.0,2.3,169.0
2026-07-09 06:00:00,32.7,65.2,8.9,1.9,114.0
2026-07-09 07:00:00,32.9,67.3,229.1,2.3,202.0
2026-07-09 08:00:00,34.7,57.9,442.5,2.0,169.0
2026-07-09 09:00:00,37.1,56.5,675.3,2.0,212.0
2026-07-09 10:00:00,37.6,58.0,816.2,2.5,187.0
2026-07-09 11:00:00,39.7,56.0,922.5,2.2,243.0
2026-07-09 12:00:00,39.3,52.3,918.1,3.3,141.0
2026-07-09 13:00:00,40.9,47.8,954.8,3.1,156.0
2026-07-09 14:00:00,39.9,45.5,801.4,3.7,154.0
2026-07-09 15:00:00,40.4,48.1,666.5,3.5,201.0
2026-07-09 16:00:00,41.6,42.8,495.8,5.0,190.0
2026-07-09 17:00:00,40.6,46.4,263.0,3.8,174.0
2026-07-09 18:00:00,41.6,48.8,9.5,4.2,153.0
2026-07-09 19:00:00,39.6,49.5,0.0,4.1,165.0
2026-07-09 20:00:00,37.9,57.9,0.0,4.9,134.0
2026-07-09 21:00:00,34.4,66.8,0.0,5.0,226.0
2026-07-09 22:00:00,33.5,55.6,0.0,3.3,141.0
2026-07-09 23:00:00,32.4,70.1,0.0,2.8,193.0
2026-07-10 00:00:00,29.7,69.6,0.0,2.9,167.0
2026-07-10 01:00:00,31.5,71.7,0.0,2.5,124.0
2026-07-10 02:00:00,29.3,71.2,0.0,1.9,207.0
2026-07-10 03:00:00,31.6,69.7,0.0,2.0,153.0
2026-07-10 04:00:00,30.4,72.3,0.0,2.4,163.0
2026-07-10 05:00:00,30.1,69.4,0.0,2.4,118.0
2026-07-10 06:00:00,30.9,61.5,0.7,1.5,143.0
2026-07-10 07:00:00,34.0,64.9,264.0,1.7,183.0
2026-07-10 08:00:00,35.6,62.5,455.0,2.3,198.0
2026-07-10 09:00:00,35.4,61.1,635.1,4.4,167.0
2026-07-10 10:00:00,37.8,50.1,839.2,2.0,224.0
2026-07-10 11:00:00,38.9,48.0,914.5,2.2,198.0
2026-07-10 12:00:00,39.8,49.5,941.2,4.0,167.0
2026-07-10 13:00:00,40.6,46.6,927.9,3.4,160.0
2026-07-10 14:00:00,41.6,47.5,825.7,3.5,102.0
2026-07-10 15:00:00,42.8,41.3,695.0,4.1,153.0
2026-07-10 16:00:00,40.8,47.0,478.0,5.3,216.0
2026-07-10 17:00:00,39.7,45.6,213.5,4.3,133.0
2026-07-10 18:00:00,41.8,49.6,12.4,3.9,205.0
2026-07-10 19:00:00,39.2,48.6,0.0,3.7,147.0
2026-07-10 20:00:00,36.4,54.8,0.0,3.7,101.0
2026-07-10 21:00:00,35.0,56.4,0.0,4.0,123.0
2026-07-10 22:00:00,34.9,64.1,0.0,6.0,176.0
2026-07-10 23:00:00,33.4,72.3,0.0,4.2,197.0
2026-07-11 00:00:00,31.0,72.0,0.0,4.2,142.0
2026-07-11 01:00:00,29.5,74.2,0.0,2.9,227.0
2026-07-11 02:00:00,29.1,80.1,0.0,6.6,147.0
2026-07-11 03:00:00,27.8,67.9,0.0,1.8,168.0
2026-07-11 04:00:00,28.6,69.0,0.0,1.5,132.0
2026-07-11 05:00:00,32.4,74.3,0.0,3.2,171.0
2026-07-11 06:00:00,34.2,71.9,0.0,1.3,189.0
2026-07-11 07:00:00,31.3,65.1,236.6,1.5,226.0
2026-07-11 08:00:00,34.6,68.4,441.5,2.1,148.0
2026-07-11 09:00:00,34.2,57.3,663.5,2.8,141.0
2026-07-11 10:00:00,36.3,56.0,852.5,2.0,155.0
2026-07-11 11:00:00,37.3,45.3,895.7,2.2,174.0
2026-07-11 12:00:00,39.6,52.3,974.5,2.5,164.0
2026-07-11 13:00:00,39.0,45.9,874.6,3.0,192.0
2026-07-11 14:00:00,42.6,45.4,829.3,6.0,145.0
2026-07-11 15:00:00,42.1,46.2,713.4,4.1,105.0
2026-07-11 16:00:00,39.3,42.8,496.0,4.9,190.0
2026-07-11 17:00:00,42.7,42.8,272.1,5.7,175.0
2026-07-11 18:00:00,40.4,44.0,11.3,6.5,199.0
2026-07-11 19:00:00,38.3,53.0,0.0,4.2,113.0
2026-07-11 20:00:00,37.9,51.5,0.0,4.0,135.0
2026-07-11 21:00:00,36.7,54.9,0.0,3.4,217.0
2026-07-11 22:00:00,34.1,64.6,0.0,4.5,183.0
2026-07-11 23:00:00,31.2,70.7,0.0,2.8,205.0
2026-07-12 00:00:00,31.7,68.9,0.0,5.1,145.0
2026-07-12 01:00:00,32.2,75.6,0.0,2.9,201.0
2026-07-12 02:00:00,32.4,69.6,0.0,1.9,140.0
2026-07-12 03:00:00,30.2,74.8,0.0,2.5,186.0
2026-07-12 04:00:00,30.0,73.3,0.0,1.5,171.0
2026-07-12 05:00:00,32.3,68.5,0.0,1.5,128.0
2026-07-12 06:00:00,32.9,67.8,7.7,1.5,155.0
2026-07-12 07:00:00,34.4,67.6,275.7,1.5,157.0
2026-07-12 08:00:00,34.8,68.9,447.9,1.6,141.0
2026-07-12 09:00:00,36.4,60.5,693.9,2.9,175.0
2026-07-12 10:00:00,37.8,50.0,815.6,3.3,152.0
2026-07-12 11:00:00,40.1,53.3,924.3,6.6,160.0
2026-07-12 12:00:00,42.5,45.4,945.1,5.3,172.0
2026-07-12 13:00:00,40.6,49.0,937.3,2.9,184.0
2026-07-12 14:00:00,40.0,43.5,846.6,3.6,183.0
2026-07-12 15:00:00,40.8,42.8,684.5,3.6,134.0
2026-07-12 16:00:00,43.5,46.0,462.3,4.4,188.0
2026-07-12 17:00:00,40.3,46.1,239.1,7.8,139.0
2026-07-12 18:00:00,39.1,54.1,0.0,4.0,204.0
2026-07-12 19:00:00,37.0,54.0,0.0,4.0,176.0
2026-07-12 20:00:00,38.3,56.2,0.0,5.0,196.0
2026-07-12 21:00:00,36.0,62.8,0.0,3.6,230.0
2026-07-12 22:00:00,33.3,63.2,0.0,4.3,151.0
2026-07-12 23:00:00,32.1,68.2,0.0,3.3,196.0
2026-07-13 00:00:00,31.4,64.6,0.0,3.4,171.0
2026-07-13 01:00:00,33.1,67.6,0.0,2.2,199.0
2026-07-13 02:00:00,29.2,72.7,0.0,5.3,179.0
2026-07-13 03:00:00,28.5,75.9,0.0,2.5,165.0
2026-07-13 04:00:00,29.0,72.1,0.0,2.0,177.0
2026-07-13 05:00:00,31.1,76.3,0.0,1.5,209.0
2026-07-13 06:00:00,32.2,68.0,0.0,2.1,177.0
2026-07-13 07:00:00,31.7,66.2,256.6,3.6,144.0
2026-07-13 08:00:00,36.1,66.7,448.3,1.8,146.0
2026-07-13 09:00:00,35.0,56.4,675.5,4.1,211.0
2026-07-13 10:00:00,38.1,57.8,815.4,2.2,158.0
2026-07-13 11:00:00,36.8,59.3,904.5,2.5,167.0
2026-07-13 12:00:00,40.6,49.3,950.1,3.3,155.0
2026-07-13 13:00:00,41.5,43.1,901.5,4.1,151.0
2026-07-13 14:00:00,41.8,39.8,830.9,5.8,87.0
2026-07-13 15:00:00,39.9,40.7,633.3,3.9,181.0
2026-07-13 16:00:00,42.0,43.3,504.2,4.0,175.0
2026-07-13 17:00:00,40.0,46.9,215.5,5.1,193.0
2026-07-13 18:00:00,42.3,50.8,0.0,5.4,139.0
2026-07-13 19:00:00,39.4,61.2,0.0,3.8,198.0
2026-07-13 20:00:00,37.3,58.2,0.0,8.0,180.0
2026-07-13 21:00:00,34.6,56.1,0.0,3.7,144.0
2026-07-13 22:00:00,34.4,59.9,0.0,5.3,189.0
2026-07-13 23:00:00,34.3,65.5,0.0,3.0,99.0
2026-07-14 00:00:00,31.6,70.1,0.0,3.2,181.0
2026-07-14 01:00:00,29.5,74.0,0.0,3.0,166.0
2026-07-14 02:00:00,29.9,81.6,0.0,2.0,154.0
2026-07-14 03:00:00,30.8,71.9,0.0,4.5,198.0
2026-07-14 04:00:00,31.7,66.4,0.0,2.8,201.0
2026-07-14 05:00:00,31.2,68.7,0.0,1.8,177.0
2026-07-14 06:00:00,33.2,73.8,0.0,3.3,146.0
2026-07-14 07:00:00,31.9,69.5,231.9,2.2,177.0
2026-07-14 08:00:00,34.1,67.2,445.7,1.6,199.0
2026-07-14 09:00:00,34.8,58.5,629.3,2.7,169.0
2026-07-14 10:00:00,38.1,60.9,839.2,2.8,125.0
2026-07-14 11:00:00,37.0,52.1,892.1,2.5,155.0
2026-07-14 12:00:00,43.8,47.5,953.7,2.7,139.0
2026-07-14 13:00:00,41.2,54.0,889.3,3.4,161.0
2026-07-14 14:00:00,41.3,48.2,821.9,3.2,122.0
2026-07-14 15:00:00,40.0,43.9,714.9,4.2,179.0
2026-07-14 16:00:00,41.0,48.3,495.9,4.3,209.0
2026-07-14 17:00:00,41.6,47.8,290.1,3.9,194.0
2026-07-14 18:00:00,39.8,49.4,8.8,4.3,155.0
2026-07-14 19:00:00,40.4,51.1,0.0,4.1,197.0
2026-07-14 20:00:00,36.3,56.0,0.0,4.8,166.0
2026-07-14 21:00:00,34.2,56.7,0.0,4.1,163.0
2026-07-14 22:00:00,35.0,61.8,0.0,4.1,99.0
2026-07-14 23:00:00,33.6,69.2,0.0,7.9,157.0
2026-07-15 00:00:00,32.9,68.4,0.0,3.8,150.0
2026-07-15 01:00:00,31.2,72.3,0.0,3.9,185.0
2026-07-15 02:00:00,30.7,70.6,0.0,2.6,129.0
2026-07-15 03:00:00,32.3,77.8,0.0,7.7,155.0
2026-07-15 04:00:00,30.0,72.1,0.0,1.8,162.0
2026-07-15 05:00:00,31.1,78.0,0.0,2.1,149.0
2026-07-15 06:00:00,32.7,70.2,0.0,1.8,222.0
2026-07-15 07:00:00,31.2,64.3,244.2,2.4,161.0
2026-07-15 08:00:00,34.5,63.3,499.4,3.8,205.0
2026-07-15 09:00:00,36.8,61.6,626.9,2.8,204.0
2026-07-15 10:00:00,37.5,51.8,822.9,2.0,191.0
2026-07-15 11:00:00,38.4,55.3,898.7,3.3,143.0
2026-07-15 12:00:00,40.8,45.5,932.3,3.8,145.0
2026-07-15 13:00:00,41.5,53.5,892.2,4.5,151.0
2026-07-15 14:00:00,41.3,43.2,795.0,3.1,154.0
2026-07-15 15:00:00,40.2,43.3,686.8,3.8,158.0
2026-07-15 16:00:00,43.3,45.3,476.4,5.6,166.0
2026-07-15 17:00:00,41.5,51.7,264.6,4.4,131.0
2026-07-15 18:00:00,40.6,47.6,0.0,4.5,203.0
2026-07-15 19:00:00,38.5,51.2,0.0,4.4,176.0
2026-07-15 20:00:00,37.6,54.1,0.0,4.5,198.0
2026-07-15 21:00:00,36.6,64.1,0.0,3.6,170.0
2026-07-15 22:00:00,33.1,58.0,0.0,4.4,179.0
2026-07-15 23:00:00,31.3,68.6,0.0,3.6,170.0
2026-07-16 00:00:00,33.7,72.8,0.0,2.6,222.0
2026-07-16 01:00:00,30.9,74.7,0.0,3.1,142.0
2026-07-16 02:00:00,27.7,73.3,0.0,4.3,175.0
2026-07-16 03:00:00,29.4,74.4,0.0,3.4,125.0
2026-07-16 04:00:00,30.2,78.5,0.0,7.7,158.0
2026-07-16 05:00:00,29.8,69.9,0.0,1.5,123.0
2026-07-16 06:00:00,30.7,68.2,5.0,2.5,163.0
2026-07-16 07:00:00,32.7,69.2,232.1,2.3,182.0
2026-07-16 08:00:00,35.0,65.2,451.3,2.0,134.0
2026-07-16 09:00:00,38.1,60.5,680.8,2.8,203.0
2026-07-16 10:00:00,37.9,46.5,806.2,2.8,130.0
2026-07-16 11:00:00,37.7,55.2,917.5,2.7,148.0
2026-07-16 12:00:00,40.4,56.4,935.0,2.8,126.0
2026-07-16 13:00:00,42.0,46.2,894.3,3.8,160.0
2026-07-16 14:00:00,41.8,43.0,846.4,4.2,169.0
2026-07-16 15:00:00,42.8,47.7,657.0,4.0,179.0
2026-07-16 16:00:00,41.7,48.5,499.9,4.9,127.0
2026-07-16 17:00:00,40.7,47.7,240.5,4.5,204.0
2026-07-16 18:00:00,37.9,55.3,0.0,3.8,129.0
2026-07-16 19:00:00,40.0,53.7,0.0,4.3,153.0
2026-07-16 20:00:00,37.8,55.7,0.0,5.2,182.0
2026-07-16 21:00:00,34.7,65.3,0.0,4.5,166.0
2026-07-16 22:00:00,35.6,63.7,0.0,4.3,167.0
2026-07-16 23:00:00,32.9,65.1,0.0,2.9,236.0
2026-07-17 00:00:00,31.3,69.7,0.0,2.8,211.0
2026-07-17 01:00:00,30.2,74.8,0.0,3.5,168.0
2026-07-17 02:00:00,30.7,76.4,0.0,2.5,253.0
2026-07-17 03:00:00,28.1,76.5,0.0,5.4,158.0
2026-07-17 04:00:00,30.3,73.3,0.0,1.6,170.0
2026-07-17 05:00:00,29.2,73.6,0.0,1.4,148.0
2026-07-17 06:00:00,34.1,71.6,0.0,1.5,219.0
2026-07-17 07:00:00,32.9,69.2,260.0,1.6,188.0
2026-07-17 08:00:00,33.4,63.1,453.1,1.7,220.0
2026-07-17 09:00:00,35.7,55.9,688.0,1.9,145.0
2026-07-17 10:00:00,36.6,58.5,796.0,2.1,208.0
2026-07-17 11:00:00,38.8,57.3,926.9,2.9,170.0
2026-07-17 12:00:00,41.5,55.1,940.8,3.4,177.0
2026-07-17 13:00:00,41.9,44.4,894.1,6.3,181.0
2026-07-17 14:00:00,42.7,42.9,809.4,3.4,204.0
2026-07-17 15:00:00,44.4,45.9,669.1,3.5,137.0
2026-07-17 16:00:00,41.9,43.4,450.9,4.2,153.0
2026-07-17 17:00:00,42.9,50.7,222.4,7.0,194.0
2026-07-17 18:00:00,41.9,47.9,0.0,4.6,217.0
2026-07-17 19:00:00,39.4,61.5,0.0,4.7,142.0
2026-07-17 20:00:00,37.3,64.0,0.0,4.3,178.0
2026-07-17 21:00:00,36.9,67.6,0.0,3.9,120.0
2026-07-17 22:00:00,34.4,69.9,0.0,4.1,129.0
2026-07-17 23:00:00,30.8,66.2,0.0,4.2,227.0
2026-07-18 00:00:00,33.8,75.5,0.0,2.8,160.0
2026-07-18 01:00:00,30.5,77.4,0.0,3.1,191.0
2026-07-18 02:00:00,31.2,76.0,0.0,4.4,198.0
2026-07-18 03:00:00,29.2,77.7,0.0,3.2,142.0
2026-07-18 04:00:00,31.0,75.3,0.0,1.6,132.0
2026-07-18 05:00:00,29.7,76.9,0.0,1.6,199.0
2026-07-18 06:00:00,30.0,73.1,0.3,2.3,179.0
2026-07-18 07:00:00,30.5,68.1,226.5,1.5,160.0
2026-07-18 08:00:00,34.0,66.4,511.1,3.9,122.0
2026-07-18 09:00:00,35.5,64.8,690.2,1.9,262.0
2026-07-18 10:00:00,40.0,52.2,823.1,1.9,134.0
2026-07-18 11:00:00,39.8,54.0,917.0,2.3,174.0
2026-07-18 12:00:00,42.1,51.4,945.5,5.4,204.0
2026-07-18 13:00:00,39.7,44.1,878.6,5.6,201.0
2026-07-18 14:00:00,39.1,45.3,819.2,4.1,121.0
2026-07-18 15:00:00,41.6,45.7,646.4,3.8,180.0
2026-07-18 16:00:00,41.9,48.7,462.6,4.3,175.0
2026-07-18 17:00:00,39.2,46.6,248.1,3.7,110.0
2026-07-18 18:00:00,40.8,48.6,0.0,5.3,194.0
2026-07-18 19:00:00,40.3,51.1,0.0,5.0,189.0
2026-07-18 20:00:00,35.3,55.9,0.0,3.7,142.0
2026-07-18 21:00:00,36.9,59.3,0.0,4.3,148.0
2026-07-18 22:00:00,33.8,68.3,0.0,4.0,174.0
2026-07-18 23:00:00,33.5,72.0,0.0,2.9,123.0
2026-07-19 00:00:00,31.8,73.8,0.0,2.9,183.0
2026-07-19 01:00:00,28.3,73.6,0.0,3.4,148.0
2026-07-19 02:00:00,30.2,80.8,0.0,2.2,160.0
2026-07-19 03:00:00,29.4,75.6,0.0,3.3,211.0
2026-07-19 04:00:00,30.8,77.2,0.0,2.8,161.0
2026-07-19 05:00:00,30.3,71.5,0.0,2.4,158.0
2026-07-19 06:00:00,31.8,72.7,0.0,1.9,199.0
2026-07-19 07:00:00,33.9,71.4,252.6,2.1,156.0
2026-07-19 08:00:00,34.5,63.0,489.7,3.2,198.0
2026-07-19 09:00:00,34.6,59.9,629.6,2.9,157.0
2026-07-19 10:00:00,35.9,62.2,835.0,2.5,170.0
2026-07-19 11:00:00,39.3,47.6,893.8,2.7,107.0
2026-07-19 12:00:00,40.4,47.4,953.2,2.8,134.0
2026-07-19 13:00:00,41.5,56.1,911.2,3.5,161.0
2026-07-19 14:00:00,41.7,47.3,781.8,3.5,175.0
2026-07-19 15:00:00,42.5,47.0,631.9,4.4,188.0
2026-07-19 16:00:00,43.1,48.3,442.8,5.6,147.0
2026-07-19 17:00:00,41.8,51.4,232.6,5.3,174.0
2026-07-19 18:00:00,40.5,50.1,17.5,3.9,189.0
2026-07-19 19:00:00,37.5,52.1,0.0,3.7,147.0
2026-07-19 20:00:00,36.9,59.6,0.0,4.4,158.0
2026-07-19 21:00:00,35.9,62.3,0.0,3.7,170.0
2026-07-19 22:00:00,34.8,62.5,0.0,4.3,153.0
2026-07-19 23:00:00,32.1,72.0,0.0,3.2,162.0
2026-07-20 00:00:00,32.1,71.3,0.0,3.0,161.0
2026-07-20 01:00:00,29.8,73.2,0.0,2.3,148.0
2026-07-20 02:00:00,28.1,75.5,0.0,2.0,206.0
2026-07-20 03:00:00,29.1,80.1,0.0,2.0,200.0
2026-07-20 04:00:00,29.3,81.5,0.0,2.5,202.0
2026-07-20 05:00:00,30.4,73.4,0.0,1.6,186.0
2026-07-20 06:00:00,32.0,68.8,0.0,1.9,159.0
2026-07-20 07:00:00,33.4,70.5,234.9,1.8,124.0
2026-07-20 08:00:00,35.7,67.0,443.1,3.3,185.0
2026-07-20 09:00:00,33.7,59.0,647.9,1.8,140.0
2026-07-20 10:00:00,38.1,59.3,820.5,2.0,181.0
2026-07-20 11:00:00,38.3,52.0,918.8,2.3,172.0
2026-07-20 12:00:00,40.3,51.2,943.8,3.5,194.0
2026-07-20 13:00:00,40.0,42.6,869.1,4.3,157.0
2026-07-20 14:00:00,39.8,44.1,855.1,3.1,96.0
2026-07-20 15:00:00,40.2,46.3,638.8,4.0,189.0
2026-07-20 16:00:00,42.8,51.2,472.0,4.0,228.0
2026-07-20 17:00:00,42.2,47.3,218.8,4.6,106.0
2026-07-20 18:00:00,41.0,53.4,2.4,4.2,150.0
2026-07-20 19:00:00,40.9,52.7,0.0,4.5,125.0
2026-07-20 20:00:00,37.4,59.3,0.0,5.1,139.0
2026-07-20 21:00:00,33.9,60.0,0.0,4.5,100.0
2026-07-20 22:00:00,33.8,60.8,0.0,4.0,140.0
2026-07-20 23:00:00,34.0,70.8,0.0,3.0,163.0
2026-07-21 00:00:00,32.7,71.0,0.0,5.0,96.0
2026-07-21 01:00:00,30.0,73.1,0.0,3.2,161.0
2026-07-21 02:00:00,31.8,70.6,0.0,2.1,136.0
2026-07-21 03:00:00,31.3,76.4,0.0,4.1,144.0
2026-07-21 04:00:00,27.1,75.9,0.0,2.1,136.0
2026-07-21 05:00:00,30.9,75.5,0.0,2.5,160.0
2026-07-21 06:00:00,32.5,75.3,4.3,2.7,185.0
2026-07-21 07:00:00,32.9,71.9,256.3,1.7,197.0
2026-07-21 08:00:00,33.2,70.1,483.0,1.6,182.0
2026-07-21 09:00:00,35.6,66.4,667.3,4.5,200.0
2026-07-21 10:00:00,36.6,59.9,830.3,2.9,168.0
2026-07-21 11:00:00,40.2,47.9,946.3,2.7,116.0
2026-07-21 12:00:00,39.1,47.1,960.2,5.2,135.0
2026-07-21 13:00:00,40.7,48.1,903.1,3.2,143.0
2026-07-21 14:00:00,40.0,51.2,805.7,4.7,181.0
2026-07-21 15:00:00,43.4,53.1,715.3,4.1,153.0
2026-07-21 16:00:00,43.2,40.5,446.0,5.5,180.0
2026-07-21 17:00:00,40.1,42.1,226.7,4.1,166.0
2026-07-21 18:00:00,39.3,54.7,7.5,4.0,128.0
2026-07-21 19:00:00,36.9,55.9,0.0,4.8,82.0
2026-07-21 20:00:00,37.1,61.8,0.0,4.3,160.0
2026-07-21 21:00:00,35.9,56.6,0.0,6.3,165.0
2026-07-21 22:00:00,33.8,62.6,0.0,6.1,182.0
2026-07-21 23:00:00,33.3,71.4,0.0,3.4,178.0
2026-07-22 00:00:00,33.0,70.0,0.0,4.4,209.0
2026-07-22 01:00:00,30.2,75.9,0.0,3.6,156.0
2026-07-22 02:00:00,29.2,76.2,0.0,3.4,148.0
2026-07-22 03:00:00,31.1,80.4,0.0,2.3,161.0
2026-07-22 04:00:00,28.9,79.8,0.0,8.1,139.0
2026-07-22 05:00:00,32.4,78.9,0.0,2.7,166.0
2026-07-22 06:00:00,33.1,75.2,0.0,4.6,167.0
2026-07-22 07:00:00,32.6,72.6,233.0,2.7,193.0
2026-07-22 08:00:00,35.7,64.3,483.2,1.5,147.0
2026-07-22 09:00:00,35.6,55.4,661.9,2.0,163.0
2026-07-22 10:00:00,40.2,61.5,804.4,4.5,169.0
2026-07-22 11:00:00,37.3,50.8,905.1,5.4,132.0
2026-07-22 12:00:00,39.0,51.7,949.3,3.2,160.0
2026-07-22 13:00:00,40.6,52.6,888.0,4.0,149.0
2026-07-22 14:00:00,43.4,43.1,806.4,4.6,186.0
2026-07-22 15:00:00,41.7,47.6,659.5,4.0,149.0
2026-07-22 16:00:00,40.8,51.2,472.8,4.0,169.0
2026-07-22 17:00:00,41.6,50.1,254.4,4.1,122.0
2026-07-22 18:00:00,39.5,52.6,35.8,5.5,117.0
2026-07-22 19:00:00,37.8,56.2,0.0,4.5,136.0
2026-07-22 20:00:00,35.9,60.7,0.0,3.8,91.0
2026-07-22 21:00:00,35.8,59.0,0.0,3.6,155.0
2026-07-22 22:00:00,34.0,65.3,0.0,6.0,185.0
2026-07-22 23:00:00,33.6,74.8,0.0,2.8,204.0
2026-07-23 00:00:00,32.8,73.7,0.0,3.7,138.0
2026-07-23 01:00:00,27.8,73.7,0.0,3.2,104.0
2026-07-23 02:00:00,31.5,75.0,0.0,2.2,190.0
2026-07-23 03:00:00,28.9,78.6,0.0,2.9,155.0
2026-07-23 04:00:00,27.8,79.3,0.0,1.5,153.0
2026-07-23 05:00:00,30.1,74.0,0.0,2.4,167.0
2026-07-23 06:00:00,33.0,72.7,8.5,1.6,215.0
2026-07-23 07:00:00,32.9,66.3,247.3,1.6,225.0
2026-07-23 08:00:00,32.9,65.9,500.1,1.8,175.0
2026-07-23 09:00:00,35.2,59.8,634.0,1.7,107.0
2026-07-23 10:00:00,37.5,61.3,829.5,2.8,147.0
2026-07-23 11:00:00,39.8,58.9,926.7,3.9,116.0
2026-07-23 12:00:00,39.3,52.2,918.2,5.8,146.0
2026-07-23 13:00:00,39.7,46.9,886.4,3.9,136.0
2026-07-23 14:00:00,39.6,49.0,791.8,3.5,165.0
2026-07-23 15:00:00,43.2,45.5,664.5,4.4,131.0
2026-07-23 16:00:00,40.9,48.1,479.4,3.6,144.0
2026-07-23 17:00:00,40.8,50.8,247.2,3.8,194.0
2026-07-23 18:00:00,37.7,54.2,0.0,4.7,177.0
2026-07-23 19:00:00,39.3,57.0,0.0,5.4,171.0
2026-07-23 20:00:00,37.9,57.6,0.0,4.3,193.0
2026-07-23 21:00:00,36.5,68.0,0.0,3.6,152.0
2026-07-23 22:00:00,33.6,64.3,0.0,5.5,157.0
2026-07-23 23:00:00,32.4,73.4,0.0,3.7,109.0
2026-07-24 00:00:00,30.7,69.4,0.0,2.6,200.0
2026-07-24 01:00:00,31.7,78.5,0.0,3.0,219.0
2026-07-24 02:00:00,30.9,75.8,0.0,2.6,158.0
2026-07-24 03:00:00,30.8,75.7,0.0,1.9,152.0
2026-07-24 04:00:00,31.7,75.0,0.0,1.7,159.0
2026-07-24 05:00:00,32.2,71.1,0.0,1.8,169.0
2026-07-24 06:00:00,31.4,76.3,0.0,2.0,184.0
2026-07-24 07:00:00,32.6,75.6,241.7,5.9,161.0
2026-07-24 08:00:00,31.6,65.7,470.6,1.5,179.0
2026-07-24 09:00:00,34.7,58.9,662.2,1.9,127.0
2026-07-24 10:00:00,37.3,57.9,844.9,3.0,195.0
2026-07-24 11:00:00,36.8,56.6,892.2,4.2,151.0
2026-07-24 12:00:00,41.7,52.8,934.3,2.6,155.0
2026-07-24 13:00:00,41.3,57.4,928.0,3.7,178.0
2026-07-24 14:00:00,41.9,51.7,799.1,3.4,163.0
2026-07-24 15:00:00,44.5,54.2,669.6,5.7,175.0
2026-07-24 16:00:00,42.4,49.2,448.5,3.6,202.0
2026-07-24 17:00:00,42.6,52.5,186.3,7.5,146.0
2026-07-24 18:00:00,40.2,50.8,0.0,4.9,196.0
2026-07-24 19:00:00,36.0,55.1,0.0,5.2,175.0
2026-07-24 20:00:00,36.3,58.2,0.0,4.2,115.0
2026-07-24 21:00:00,35.4,62.3,0.0,4.0,149.0
2026-07-24 22:00:00,34.4,65.8,0.0,3.5,173.0
2026-07-24 23:00:00,31.4,73.1,0.0,3.2,153.0
2026-07-25 00:00:00,29.8,76.2,0.0,2.7,90.0
2026-07-25 01:00:00,29.7,77.7,0.0,2.2,161.0
2026-07-25 02:00:00,30.0,74.1,0.0,2.7,167.0
2026-07-25 03:00:00,33.0,79.5,0.0,3.1,135.0
2026-07-25 04:00:00,32.1,80.4,0.0,1.5,137.0
2026-07-25 05:00:00,29.1,75.4,0.0,3.4,157.0
2026-07-25 06:00:00,32.3,69.4,0.0,2.0,107.0
2026-07-25 07:00:00,32.5,75.4,260.3,2.5,126.0
2026-07-25 08:00:00,32.5,61.3,467.4,1.5,184.0
2026-07-25 09:00:00,35.0,57.1,677.0,4.4,127.0
2026-07-25 10:00:00,38.0,58.1,844.5,5.4,186.0
2026-07-25 11:00:00,38.5,48.6,914.8,2.2,151.0
2026-07-25 12:00:00,39.9,54.6,922.7,4.1,126.0
2026-07-25 13:00:00,41.6,48.8,903.6,3.1,178.0
2026-07-25 14:00:00,41.2,46.2,813.6,7.6,142.0
2026-07-25 15:00:00,39.9,46.1,627.3,4.4,164.0
2026-07-25 16:00:00,42.6,46.0,472.3,4.0,162.0
2026-07-25 17:00:00,42.2,50.9,221.3,3.9,178.0
2026-07-25 18:00:00,39.6,55.3,22.1,5.0,123.0
2026-07-25 19:00:00,38.2,61.0,0.0,3.7,150.0
2026-07-25 20:00:00,34.8,59.3,0.0,4.5,155.0
2026-07-25 21:00:00,33.9,64.8,0.0,5.0,195.0
2026-07-25 22:00:00,34.4,62.7,0.0,3.7,136.0
2026-07-25 23:00:00,31.8,70.0,0.0,3.1,91.0
2026-07-26 00:00:00,32.4,74.9,0.0,2.8,182.0
2026-07-26 01:00:00,30.3,80.5,0.0,3.1,205.0
2026-07-26 02:00:00,27.9,76.8,0.0,3.4,147.0
2026-07-26 03:00:00,27.5,79.3,0.0,1.7,176.0
2026-07-26 04:00:00,30.3,84.8,0.0,1.5,104.0
2026-07-26 05:00:00,28.9,76.7,0.0,1.4,120.0
2026-07-26 06:00:00,33.2,74.8,14.4,1.5,142.0
2026-07-26 07:00:00,31.2,71.4,257.0,2.1,99.0
2026-07-26 08:00:00,34.5,70.1,454.0,1.7,108.0
2026-07-26 09:00:00,33.6,67.3,647.1,5.5,136.0
2026-07-26 10:00:00,38.3,61.9,852.5,5.8,180.0
2026-07-26 11:00:00,38.5,55.8,906.5,2.6,197.0
2026-07-26 12:00:00,40.0,56.8,914.2,3.4,156.0
2026-07-26 13:00:00,40.1,53.8,932.2,3.5,169.0
2026-07-26 14:00:00,40.6,50.3,807.2,4.9,150.0
2026-07-26 15:00:00,39.6,44.0,603.3,3.4,163.0
2026-07-26 16:00:00,43.7,49.3,433.6,4.4,194.0
2026-07-26 17:00:00,42.7,47.4,269.8,5.5,142.0
2026-07-26 18:00:00,40.2,59.7,0.0,4.1,161.0
2026-07-26 19:00:00,41.2,58.2,0.0,4.5,150.0
2026-07-26 20:00:00,37.2,59.7,0.0,4.0,215.0
2026-07-26 21:00:00,36.0,63.5,0.0,3.4,183.0
2026-07-26 22:00:00,34.0,65.7,0.0,5.1,145.0
2026-07-26 23:00:00,31.9,74.6,0.0,3.3,148.0
2026-07-27 00:00:00,32.5,78.2,0.0,3.1,134.0
2026-07-27 01:00:00,30.5,74.3,0.0,2.7,166.0
2026-07-27 02:00:00,29.8,76.0,0.0,2.3,69.0
2026-07-27 03:00:00,30.9,81.2,0.0,2.8,148.0
2026-07-27 04:00:00,30.1,76.0,0.0,2.0,143.0
2026-07-27 05:00:00,31.5,73.1,0.0,1.5,181.0
2026-07-27 06:00:00,31.0,75.4,32.8,1.7,195.0
2026-07-27 07:00:00,33.1,71.0,259.8,1.4,190.0
2026-07-27 08:00:00,32.7,61.1,472.6,2.0,170.0
2026-07-27 09:00:00,36.6,66.3,677.3,2.6,143.0
2026-07-27 10:00:00,37.5,65.6,813.1,3.1,114.0
2026-07-27 11:00:00,38.5,60.7,918.2,2.7,155.0
2026-07-27 12:00:00,41.3,60.6,891.5,3.6,145.0
2026-07-27 13:00:00,40.9,50.2,890.5,4.7,194.0
2026-07-27 14:00:00,42.5,50.5,803.6,3.7,112.0
2026-07-27 15:00:00,42.9,50.5,632.8,8.7,170.0
2026-07-27 16:00:00,38.9,49.7,452.7,5.6,165.0
2026-07-27 17:00:00,39.9,48.8,241.3,4.5,149.0
2026-07-27 18:00:00,40.1,56.6,33.1,4.9,157.0
2026-07-27 19:00:00,37.9,58.2,0.0,4.3,157.0
2026-07-27 20:00:00,36.5,60.0,0.0,4.5,158.0
2026-07-27 21:00:00,33.8,61.6,0.0,3.4,136.0
2026-07-27 22:00:00,36.2,63.9,0.0,3.9,139.0
2026-07-27 23:00:00,32.2,72.1,0.0,2.9,105.0
2026-07-28 00:00:00,31.9,77.1,0.0,5.4,162.0
2026-07-28 01:00:00,30.8,76.5,0.0,2.5,129.0
2026-07-28 02:00:00,27.9,80.7,0.0,2.5,158.0
2026-07-28 03:00:00,29.2,77.8,0.0,1.9,174.0
2026-07-28 04:00:00,30.2,76.6,0.0,1.9,89.0
2026-07-28 05:00:00,27.8,76.2,0.0,4.9,173.0
2026-07-28 06:00:00,31.4,76.4,36.1,2.0,160.0
2026-07-28 07:00:00,33.0,79.2,288.8,1.7,144.0
2026-07-28 08:00:00,33.7,69.3,460.8,1.9,175.0
2026-07-28 09:00:00,35.6,68.3,670.7,2.6,133.0
2026-07-28 10:00:00,36.8,60.8,842.1,2.0,177.0
2026-07-28 11:00:00,34.7,54.5,904.0,2.6,97.0
2026-07-28 12:00:00,40.3,57.4,921.5,4.8,161.0
2026-07-28 13:00:00,43.9,53.6,854.6,3.6,72.0
2026-07-28 14:00:00,38.6,47.5,829.7,3.5,144.0
2026-07-28 15:00:00,41.5,50.8,625.2,4.4,129.0
2026-07-28 16:00:00,40.8,49.6,470.7,3.9,126.0
2026-07-28 17:00:00,42.8,50.5,233.7,4.1,128.0
2026-07-28 18:00:00,40.1,50.2,0.0,3.9,130.0
2026-07-28 19:00:00,37.9,57.5,0.0,4.1,166.0
2026-07-28 20:00:00,37.4,60.6,0.0,4.6,145.0
2026-07-28 21:00:00,34.8,64.8,0.0,5.4,170.0
2026-07-28 22:00:00,35.1,62.5,0.0,3.3,156.0
2026-07-28 23:00:00,33.3,70.4,0.0,5.2,133.0
2026-07-29 00:00:00,29.2,75.2,0.0,3.1,192.0
2026-07-29 01:00:00,33.3,82.5,0.0,2.2,123.0
2026-07-29 02:00:00,30.4,83.5,0.0,2.0,186.0
2026-07-29 03:00:00,30.3,85.5,0.0,2.9,195.0
2026-07-29 04:00:00,27.2,78.8,0.0,1.9,90.0
2026-07-29 05:00:00,30.3,77.8,0.0,5.6,120.0
2026-07-29 06:00:00,31.9,71.2,26.9,1.9,171.0
2026-07-29 07:00:00,33.2,72.3,193.1,1.8,65.0
2026-07-29 08:00:00,35.7,71.7,427.7,1.8,149.0
2026-07-29 09:00:00,35.5,69.8,668.5,2.3,117.0
2026-07-29 10:00:00,37.0,55.6,789.2,2.0,162.0
2026-07-29 11:00:00,38.5,54.8,884.3,2.3,194.0
2026-07-29 12:00:00,38.0,58.9,953.5,3.1,86.0
2026-07-29 13:00:00,41.0,50.3,936.4,4.0,189.0
2026-07-29 14:00:00,41.8,53.8,813.9,4.7,208.0
2026-07-29 15:00:00,38.7,54.2,637.2,5.2,175.0
2026-07-29 16:00:00,41.7,52.4,473.1,4.1,112.0
2026-07-29 17:00:00,40.0,48.1,233.0,3.7,100.0
2026-07-29 18:00:00,40.2,51.2,0.0,3.8,180.0
2026-07-29 19:00:00,38.8,60.8,0.0,5.0,170.0
2026-07-29 20:00:00,36.7,58.3,0.0,3.6,157.0
2026-07-29 21:00:00,35.1,67.4,0.0,3.5,184.0
2026-07-29 22:00:00,34.5,67.7,0.0,5.8,149.0
2026-07-29 23:00:00,31.5,75.8,0.0,2.8,180.0
2026-07-30 00:00:00,31.8,77.8,0.0,3.1,144.0
2026-07-30 01:00:00,33.5,80.9,0.0,2.3,195.0
2026-07-30 02:00:00,31.9,84.1,0.0,2.3,101.0
2026-07-30 03:00:00,30.8,75.8,0.0,2.6,138.0
2026-07-30 04:00:00,30.0,78.2,0.0,1.6,168.0
2026-07-30 05:00:00,28.4,74.6,0.0,2.4,143.0
2026-07-30 06:00:00,31.8,79.5,7.3,2.7,127.0
2026-07-30 07:00:00,32.0,74.2,229.5,2.0,162.0
2026-07-30 08:00:00,36.6,72.0,472.8,1.7,175.0
2026-07-30 09:00:00,36.5,67.8,694.9,1.9,184.0
2026-07-30 10:00:00,37.2,62.5,812.3,6.9,140.0
2026-07-30 11:00:00,36.6,58.8,878.0,4.7,163.0
2026-07-30 12:00:00,40.5,56.4,930.2,3.0,173.0
2026-07-30 13:00:00,40.7,57.2,892.0,3.6,135.0
2026-07-30 14:00:00,40.8,51.2,807.3,3.5,161.0
2026-07-30 15:00:00,43.5,45.2,645.8,4.8,193.0
2026-07-30 16:00:00,41.0,56.9,421.7,3.6,151.0
2026-07-30 17:00:00,41.8,56.0,252.8,3.8,158.0
2026-07-30 18:00:00,39.4,55.5,0.0,3.8,179.0
2026-07-30 19:00:00,42.1,53.1,0.0,4.9,120.0
2026-07-30 20:00:00,34.0,57.4,0.0,4.6,127.0
2026-07-30 21:00:00,35.4,66.7,0.0,4.1,114.0
2026-07-30 22:00:00,32.4,65.4,0.0,3.1,166.0
2026-07-30 23:00:00,30.7,72.0,0.0,2.9,140.0
2026-07-31 00:00:00,32.9,74.5,0.0,3.4,122.0
2026-07-31 01:00:00,28.6,78.9,0.0,2.5,103.0
2026-07-31 02:00:00,30.1,81.4,0.0,2.4,163.0
2026-07-31 03:00:00,30.0,81.0,0.0,1.8,98.0
2026-07-31 04:00:00,30.4,80.9,0.0,2.8,137.0
2026-07-31 05:00:00,28.7,83.1,0.0,1.4,100.0
2026-07-31 06:00:00,30.8,73.0,54.2,2.7,195.0
2026-07-31 07:00:00,32.0,67.6,246.0,4.0,166.0
2026-07-31 08:00:00,34.9,69.9,463.0,1.5,101.0
2026-07-31 09:00:00,33.3,67.9,667.5,3.8,168.0
2026-07-31 10:00:00,35.9,65.0,809.9,2.2,148.0
2026-07-31 11:00:00,36.5,59.6,867.0,3.3,112.0
2026-07-31 12:00:00,38.9,53.7,911.8,2.6,140.0
2026-07-31 13:00:00,40.0,55.2,882.2,5.9,151.0
2026-07-31 14:00:00,40.5,53.9,805.9,3.2,135.0
2026-07-31 15:00:00,43.3,52.1,654.3,4.1,222.0
2026-07-31 16:00:00,40.4,51.5,475.4,5.5,190.0
2026-07-31 17:00:00,38.9,51.2,260.3,3.8,136.0
2026-07-31 18:00:00,38.8,44.7,0.0,6.9,101.0
2026-07-31 19:00:00,36.7,61.8,0.0,4.3,172.0
2026-07-31 20:00:00,36.3,57.2,0.0,3.7,180.0
2026-07-31 21:00:00,37.2,65.8,0.0,3.9,80.0
2026-07-31 22:00:00,30.5,72.0,0.0,3.3,154.0
2026-07-31 23:00:00,29.7,80.2,0.0,4.1,102.0
2026-08-01 00:00:00,31.2,78.1,0.0,3.9,114.0
2026-08-01 01:00:00,29.2,84.4,0.0,2.4,170.0
2026-08-01 02:00:00,27.2,76.0,0.0,3.8,124.0
2026-08-01 03:00:00,28.6,78.5,0.0,2.4,154.0
2026-08-01 04:00:00,29.1,80.7,0.0,3.0,150.0
2026-08-01 05:00:00,30.9,80.7,0.0,2.0,143.0
2026-08-01 06:00:00,30.0,73.6,21.9,2.5,141.0
2026-08-01 07:00:00,32.5,72.7,231.3,2.6,153.0
2026-08-01 08:00:00,34.0,70.2,447.7,2.9,163.0
2026-08-01 09:00:00,36.6,68.6,658.0,3.1,206.0
2026-08-01 10:00:00,38.3,58.7,796.2,3.4,144.0
2026-08-01 11:00:00,37.5,58.5,891.1,3.3,142.0
2026-08-01 12:00:00,39.8,58.6,947.7,4.7,229.0
2026-08-01 13:00:00,40.7,54.4,914.3,4.1,124.0
2026-08-01 14:00:00,42.9,52.0,820.7,3.9,188.0
2026-08-01 15:00:00,41.8,46.5,678.0,3.8,171.0
2026-08-01 16:00:00,42.0,54.2,459.2,5.7,188.0
2026-08-01 17:00:00,40.4,51.1,236.5,4.0,178.0
2026-08-01 18:00:00,39.2,47.2,5.1,6.0,135.0
2026-08-01 19:00:00,37.4,50.9,0.0,5.2,136.0
2026-08-01 20:00:00,37.9,58.6,0.0,3.6,133.0
2026-08-01 21:00:00,33.7,68.1,0.0,7.1,207.0
2026-08-01 22:00:00,34.9,70.0,0.0,4.2,101.0
2026-08-01 23:00:00,32.8,69.3,0.0,3.4,113.0
2026-08-02 00:00:00,30.6,79.0,0.0,2.7,139.0
2026-08-02 01:00:00,29.4,82.6,0.0,2.6,148.0
2026-08-02 02:00:00,31.1,80.0,0.0,2.1,170.0
2026-08-02 03:00:00,30.7,84.2,0.0,4.8,117.0
2026-08-02 04:00:00,30.0,80.5,0.0,2.0,171.0
2026-08-02 05:00:00,33.1,79.6,0.0,3.3,94.0
2026-08-02 06:00:00,28.8,81.6,32.2,1.5,155.0
2026-08-02 07:00:00,31.8,77.7,229.1,1.7,132.0
2026-08-02 08:00:00,34.4,70.7,452.3,2.4,190.0
2026-08-02 09:00:00,35.2,66.2,628.4,2.1,107.0
2026-08-02 10:00:00,36.0,62.8,816.5,2.6,120.0
2026-08-02 11:00:00,39.7,59.2,881.7,3.9,168.0
2026-08-02 12:00:00,37.3,55.8,899.6,3.2,179.0
2026-08-02 13:00:00,41.4,54.2,882.5,3.0,197.0
2026-08-02 14:00:00,40.1,55.0,813.5,4.3,145.0
2026-08-02 15:00:00,41.7,54.8,649.1,6.0,156.0
2026-08-02 16:00:00,41.9,48.7,478.1,4.8,124.0
2026-08-02 17:00:00,40.3,49.8,235.0,4.8,186.0
2026-08-02 18:00:00,38.8,52.9,0.0,3.7,131.0
2026-08-02 19:00:00,37.9,51.4,0.0,6.5,162.0
2026-08-02 20:00:00,37.1,60.6,0.0,3.9,120.0
2026-08-02 21:00:00,36.6,65.7,0.0,3.9,116.0
2026-08-02 22:00:00,32.3,70.4,0.0,5.7,185.0
2026-08-02 23:00:00,33.8,74.8,0.0,4.5,118.0
2026-08-03 00:00:00,30.7,84.0,0.0,2.9,148.0
2026-08-03 01:00:00,30.4,74.7,0.0,3.2,164.0
2026-08-03 02:00:00,28.4,82.3,0.0,2.7,138.0
2026-08-03 03:00:00,27.2,82.3,0.0,3.2,113.0
2026-08-03 04:00:00,29.0,81.8,0.0,3.1,105.0
2026-08-03 05:00:00,31.6,81.9,0.0,2.1,149.0
2026-08-03 06:00:00,29.7,74.7,30.9,3.2,198.0
2026-08-03 07:00:00,33.4,78.9,239.2,1.9,152.0
2026-08-03 08:00:00,33.0,71.2,459.0,1.8,201.0
2026-08-03 09:00:00,33.8,71.1,647.6,1.9,146.0
2026-08-03 10:00:00,35.0,63.9,792.3,2.1,142.0
2026-08-03 11:00:00,39.2,57.3,928.0,2.9,174.0
2026-08-03 12:00:00,37.9,55.9,933.0,4.2,221.0
2026-08-03 13:00:00,40.2,52.4,876.0,3.0,151.0
2026-08-03 14:00:00,41.7,51.7,809.5,3.4,115.0
2026-08-03 15:00:00,37.7,52.8,650.5,3.4,127.0
2026-08-03 16:00:00,40.7,58.2,410.0,5.1,77.0
2026-08-03 17:00:00,41.9,50.8,219.9,5.2,150.0
2026-08-03 18:00:00,39.7,53.4,0.0,5.2,141.0
2026-08-03 19:00:00,40.4,60.5,0.0,4.1,118.0
2026-08-03 20:00:00,35.6,64.1,0.0,5.7,179.0
2026-08-03 21:00:00,36.2,63.6,0.0,3.5,30.0
2026-08-03 22:00:00,30.4,70.7,0.0,4.1,69.0
2026-08-03 23:00:00,31.3,72.3,0.0,3.6,135.0
2026-08-04 00:00:00,29.9,74.6,0.0,2.9,187.0
2026-08-04 01:00:00,31.0,79.0,0.0,3.4,142.0
2026-08-04 02:00:00,28.9,78.5,0.0,3.0,155.0
2026-08-04 03:00:00,30.0,85.0,0.0,1.9,111.0
2026-08-04 04:00:00,29.6,77.2,0.0,2.1,159.0
2026-08-04 05:00:00,30.6,79.1,0.0,2.5,171.0
2026-08-04 06:00:00,31.2,78.7,0.0,1.7,163.0
2026-08-04 07:00:00,30.8,81.3,210.4,2.3,194.0
2026-08-04 08:00:00,35.8,69.4,431.8,2.3,137.0
2026-08-04 09:00:00,35.5,65.6,683.9,2.4,180.0
2026-08-04 10:00:00,35.1,61.4,801.4,2.7,95.0
2026-08-04 11:00:00,37.8,61.2,885.8,2.5,137.0
2026-08-04 12:00:00,39.2,54.5,888.4,2.7,147.0
2026-08-04 13:00:00,40.4,57.7,881.2,2.9,183.0
2026-08-04 14:00:00,40.9,52.1,797.1,4.0,167.0
2026-08-04 15:00:00,41.8,47.5,612.8,4.1,128.0
2026-08-04 16:00:00,39.7,57.6,482.1,4.6,145.0
2026-08-04 17:00:00,39.9,52.4,243.7,4.6,116.0
2026-08-04 18:00:00,40.2,53.5,0.0,4.2,160.0
2026-08-04 19:00:00,36.9,61.9,0.0,6.0,82.0
2026-08-04 20:00:00,35.8,64.3,0.0,4.9,126.0
2026-08-04 21:00:00,36.1,68.7,0.0,3.4,177.0
2026-08-04 22:00:00,33.6,73.3,0.0,4.9,179.0
2026-08-04 23:00:00,32.2,70.0,0.0,3.8,150.0
2026-08-05 00:00:00,30.3,75.3,0.0,2.5,137.0
2026-08-05 01:00:00,30.6,79.3,0.0,2.3,160.0
2026-08-05 02:00:00,29.3,80.6,0.0,2.4,177.0
2026-08-05 03:00:00,29.8,80.6,0.0,2.4,151.0
2026-08-05 04:00:00,28.7,77.8,0.0,1.6,188.0
2026-08-05 05:00:00,29.0,83.5,0.0,1.8,142.0
2026-08-05 06:00:00,31.1,82.9,0.0,2.3,139.0
2026-08-05 07:00:00,32.5,75.8,249.4,1.5,138.0
2026-08-05 08:00:00,35.2,76.3,448.7,1.5,98.0
2026-08-05 09:00:00,34.9,71.5,654.1,2.0,185.0
2026-08-05 10:00:00,35.5,69.1,783.7,3.4,139.0
2026-08-05 11:00:00,37.7,54.5,902.3,2.7,165.0
2026-08-05 12:00:00,36.9,57.0,932.1,7.9,147.0
2026-08-05 13:00:00,41.8,54.2,910.4,3.8,150.0
2026-08-05 14:00:00,41.2,49.6,798.3,3.2,157.0
2026-08-05 15:00:00,42.4,53.6,649.4,4.1,179.0
2026-08-05 16:00:00,41.1,47.2,473.1,6.6,147.0
2026-08-05 17:00:00,41.5,47.7,244.8,4.7,151.0
2026-08-05 18:00:00,38.2,48.7,20.0,3.8,129.0
2026-08-05 19:00:00,38.8,62.6,0.0,5.4,133.0
2026-08-05 20:00:00,35.7,69.6,0.0,4.6,140.0
2026-08-05 21:00:00,34.1,63.9,0.0,3.6,91.0
2026-08-05 22:00:00,32.4,69.9,0.0,4.4,142.0
2026-08-05 23:00:00,32.4,72.5,0.0,2.9,129.0
2026-08-06 00:00:00,28.5,83.0,0.0,4.2,120.0
2026-08-06 01:00:00,28.9,85.7,0.0,3.4,103.0
2026-08-06 02:00:00,29.3,77.1,0.0,2.3,127.0
2026-08-06 03:00:00,29.9,77.8,0.0,2.1,135.0
2026-08-06 04:00:00,28.9,79.9,0.0,3.4,143.0
2026-08-06 05:00:00,27.6,80.6,0.0,2.0,126.0
2026-08-06 06:00:00,29.0,78.3,22.2,2.8,159.0
2026-08-06 07:00:00,32.9,73.8,289.7,3.1,205.0
2026-08-06 08:00:00,33.8,68.7,479.9,1.9,129.0
2026-08-06 09:00:00,36.6,73.5,641.3,2.4,133.0
2026-08-06 10:00:00,35.8,64.6,819.9,1.9,153.0
2026-08-06 11:00:00,39.2,57.8,863.2,2.4,124.0
2026-08-06 12:00:00,39.0,50.3,887.2,2.6,157.0
2026-08-06 13:00:00,40.7,52.5,882.4,4.0,138.0
2026-08-06 14:00:00,40.4,55.4,807.5,5.7,173.0
2026-08-06 15:00:00,40.4,54.0,656.2,4.2,215.0
2026-08-06 16:00:00,39.9,51.5,449.3,4.3,175.0
2026-08-06 17:00:00,40.5,55.4,222.7,3.8,168.0
2026-08-06 18:00:00,38.9,59.3,0.8,4.9,117.0
2026-08-06 19:00:00,38.5,62.6,0.0,3.7,151.0
2026-08-06 20:00:00,35.9,59.9,0.0,4.7,150.0
2026-08-06 21:00:00,35.7,66.3,0.0,3.4,158.0
2026-08-06 22:00:00,32.2,68.0,0.0,4.9,179.0
2026-08-06 23:00:00,29.6,69.2,0.0,4.1,130.0
2026-08-07 00:00:00,28.6,81.0,0.0,4.3,114.0
2026-08-07 01:00:00,29.2,82.4,0.0,3.2,157.0
2026-08-07 02:00:00,30.0,78.7,0.0,2.3,95.0
2026-08-07 03:00:00,26.9,83.8,0.0,1.7,161.0
2026-08-07 04:00:00,28.9,78.4,0.0,2.1,160.0
2026-08-07 05:00:00,30.7,82.2,0.0,1.7,207.0
2026-08-07 06:00:00,30.2,80.7,2.9,2.0,124.0
2026-08-07 07:00:00,30.8,79.6,257.7,4.0,206.0
2026-08-07 08:00:00,32.2,70.5,454.5,3.0,145.0
2026-08-07 09:00:00,35.2,72.3,661.8,1.8,135.0
2026-08-07 10:00:00,38.2,66.2,791.2,3.4,141.0
2026-08-07 11:00:00,37.5,60.9,916.6,4.8,134.0
2026-08-07 12:00:00,38.5,56.3,902.9,2.8,117.0
2026-08-07 13:00:00,39.6,56.9,871.0,3.0,176.0
2026-08-07 14:00:00,38.9,53.1,824.1,5.7,168.0
2026-08-07 15:00:00,41.9,51.9,664.4,4.5,155.0
2026-08-07 16:00:00,39.1,54.2,456.0,6.7,99.0
2026-08-07 17:00:00,39.9,57.2,262.0,5.8,150.0
2026-08-07 18:00:00,37.7,56.4,0.0,4.2,174.0
2026-08-07 19:00:00,36.1,62.7,0.0,3.7,154.0
2026-08-07 20:00:00,35.8,66.9,0.0,7.2,183.0
2026-08-07 21:00:00,32.9,68.8,0.0,4.0,134.0
2026-08-07 22:00:00,34.7,69.7,0.0,3.2,194.0
2026-08-07 23:00:00,32.0,70.6,0.0,5.0,129.0
2026-08-08 00:00:00,29.3,85.7,0.0,3.3,148.0
2026-08-08 01:00:00,28.4,85.0,0.0,2.6,136.0
2026-08-08 02:00:00,28.5,81.5,0.0,2.0,162.0
2026-08-08 03:00:00,28.5,80.6,0.0,1.8,147.0
2026-08-08 04:00:00,30.9,76.1,0.0,2.3,179.0
2026-08-08 05:00:00,28.3,81.7,0.0,2.7,120.0
2026-08-08 06:00:00,32.2,72.6,0.0,1.9,129.0
2026-08-08 07:00:00,31.0,71.9,228.6,1.5,99.0
2026-08-08 08:00:00,33.3,67.8,438.3,3.5,128.0
2026-08-08 09:00:00,35.2,63.0,645.5,3.3,197.0
2026-08-08 10:00:00,36.3,63.7,826.9,2.1,159.0
2026-08-08 11:00:00,36.2,61.3,866.8,4.9,193.0
2026-08-08 12:00:00,39.9,53.8,885.5,4.1,140.0
2026-08-08 13:00:00,38.5,59.3,898.7,5.7,152.0
2026-08-08 14:00:00,40.5,55.0,801.1,3.3,186.0
2026-08-08 15:00:00,41.9,52.6,664.1,5.5,159.0
2026-08-08 16:00:00,42.2,48.9,463.9,5.9,143.0
2026-08-08 17:00:00,39.7,59.0,241.5,5.4,131.0
2026-08-08 18:00:00,38.8,56.3,0.0,4.4,171.0
2026-08-08 19:00:00,37.7,62.4,0.0,4.3,169.0
2026-08-08 20:00:00,39.0,64.5,0.0,6.1,201.0
2026-08-08 21:00:00,37.1,69.9,0.0,4.1,168.0
2026-08-08 22:00:00,32.1,70.3,0.0,4.7,168.0
2026-08-08 23:00:00,32.2,73.1,0.0,3.8,130.0
2026-08-09 00:00:00,32.0,82.2,0.0,3.4,173.0
2026-08-09 01:00:00,28.8,82.2,0.0,4.0,101.0
2026-08-09 02:00:00,28.6,79.5,0.0,3.7,183.0
2026-08-09 03:00:00,28.5,82.7,0.0,1.7,103.0
2026-08-09 04:00:00,27.9,81.5,0.0,2.2,127.0
2026-08-09 05:00:00,27.6,81.4,0.0,1.8,137.0
2026-08-09 06:00:00,29.6,79.5,0.0,1.6,140.0
2026-08-09 07:00:00,30.9,82.0,222.7,1.4,141.0
2026-08-09 08:00:00,32.9,71.7,452.3,2.8,136.0
2026-08-09 09:00:00,35.4,68.1,693.1,1.7,124.0
2026-08-09 10:00:00,37.7,64.2,787.3,2.2,125.0
2026-08-09 11:00:00,37.6,66.3,849.8,2.5,118.0
2026-08-09 12:00:00,37.7,61.4,887.2,3.9,82.0
2026-08-09 13:00:00,38.2,59.2,898.7,3.2,136.0
2026-08-09 14:00:00,40.1,54.2,784.9,5.2,180.0
2026-08-09 15:00:00,41.7,49.2,634.0,4.7,151.0
2026-08-09 16:00:00,40.9,55.6,459.4,5.3,188.0
2026-08-09 17:00:00,39.8,52.7,233.7,4.8,166.0
2026-08-09 18:00:00,37.4,59.8,13.4,4.8,178.0
2026-08-09 19:00:00,38.5,65.2,0.0,4.4,208.0
2026-08-09 20:00:00,34.4,63.2,0.0,3.6,162.0
2026-08-09 21:00:00,35.4,70.7,0.0,3.4,116.0
2026-08-09 22:00:00,34.8,73.7,0.0,3.5,182.0
2026-08-09 23:00:00,31.6,73.4,0.0,4.3,124.0
2026-08-10 00:00:00,31.0,78.5,0.0,2.8,165.0
2026-08-10 01:00:00,29.2,84.1,0.0,2.2,140.0
2026-08-10 02:00:00,29.1,83.6,0.0,3.2,159.0
2026-08-10 03:00:00,27.3,84.6,0.0,2.0,120.0
2026-08-10 04:00:00,29.3,80.1,0.0,1.5,103.0
2026-08-10 05:00:00,30.0,78.7,0.0,2.0,102.0
2026-08-10 06:00:00,31.4,84.0,0.0,5.3,118.0
2026-08-10 07:00:00,31.9,79.4,224.4,1.6,129.0
2026-08-10 08:00:00,32.6,74.7,474.3,2.6,114.0
2026-08-10 09:00:00,37.3,65.8,682.3,2.2,144.0
2026-08-10 10:00:00,37.2,69.5,775.2,2.4,124.0
2026-08-10 11:00:00,37.6,57.6,901.5,2.8,140.0
2026-08-10 12:00:00,40.3,51.9,929.2,3.6,168.0
2026-08-10 13:00:00,38.6,51.4,866.7,3.9,134.0
2026-08-10 14:00:00,40.4,47.2,799.5,3.5,126.0
2026-08-10 15:00:00,39.2,56.8,639.5,7.0,140.0
2026-08-10 16:00:00,41.3,59.2,446.3,3.8,163.0
2026-08-10 17:00:00,41.1,52.6,267.9,4.6,153.0
2026-08-10 18:00:00,37.5,57.4,35.4,5.9,126.0
2026-08-10 19:00:00,36.9,65.6,0.0,3.7,174.0
2026-08-10 20:00:00,37.4,63.4,0.0,4.7,130.0
2026-08-10 21:00:00,36.0,72.7,0.0,4.1,191.0
2026-08-10 22:00:00,32.8,68.9,0.0,4.3,138.0
2026-08-10 23:00:00,33.7,78.0,0.0,3.2,178.0
2026-08-11 00:00:00,29.9,83.1,0.0,3.8,188.0
2026-08-11 01:00:00,27.6,85.7,0.0,2.4,179.0
2026-08-11 02:00:00,29.4,75.5,0.0,2.0,124.0
2026-08-11 03:00:00,28.4,86.3,0.0,7.7,105.0
2026-08-11 04:00:00,28.1,78.7,0.0,1.5,138.0
2026-08-11 05:00:00,27.4,81.1,0.0,1.4,147.0
2026-08-11 06:00:00,28.2,84.3,13.8,2.4,125.0
2026-08-11 07:00:00,31.5,75.6,213.9,1.8,166.0
2026-08-11 08:00:00,31.7,71.7,489.2,1.6,170.0
2026-08-11 09:00:00,33.6,68.3,638.0,2.1,123.0
2026-08-11 10:00:00,36.4,59.1,779.2,2.0,211.0
2026-08-11 11:00:00,36.5,59.3,867.6,3.0,156.0
2026-08-11 12:00:00,39.7,58.7,923.3,3.5,112.0
2026-08-11 13:00:00,39.0,53.5,881.7,3.2,108.0
2026-08-11 14:00:00,42.9,52.6,764.2,3.7,136.0
2026-08-11 15:00:00,40.8,55.2,676.7,3.6,130.0
2026-08-11 16:00:00,40.2,52.4,436.1,4.1,169.0
2026-08-11 17:00:00,41.3,63.0,255.3,3.9,129.0
2026-08-11 18:00:00,37.0,53.4,1.1,4.4,145.0
2026-08-11 19:00:00,35.4,67.5,0.0,4.0,132.0
2026-08-11 20:00:00,36.3,67.9,0.0,5.7,104.0
2026-08-11 21:00:00,36.7,68.3,0.0,5.4,177.0
2026-08-11 22:00:00,34.0,69.5,0.0,3.7,136.0
2026-08-11 23:00:00,30.9,76.1,0.0,2.9,138.0
2026-08-12 00:00:00,32.4,78.4,0.0,2.5,196.0
2026-08-12 01:00:00,28.0,80.9,0.0,2.7,154.0
2026-08-12 02:00:00,27.8,83.4,0.0,1.9,129.0
2026-08-12 03:00:00,26.3,89.6,0.0,2.1,126.0
2026-08-12 04:00:00,27.8,80.2,0.0,2.9,139.0
2026-08-12 05:00:00,30.0,76.4,0.0,2.1,95.0
2026-08-12 06:00:00,27.3,82.9,6.2,1.3,113.0
2026-08-12 07:00:00,30.5,75.4,259.3,4.1,149.0
2026-08-12 08:00:00,34.4,76.2,478.2,5.1,145.0
2026-08-12 09:00:00,35.8,71.3,639.6,2.7,151.0
2026-08-12 10:00:00,36.6,62.7,780.1,3.4,154.0
2026-08-12 11:00:00,36.5,65.6,863.9,5.1,149.0
2026-08-12 12:00:00,39.5,58.5,941.8,3.7,172.0
2026-08-12 13:00:00,36.9,51.7,889.6,4.4,150.0
2026-08-12 14:00:00,38.2,49.1,778.9,4.3,144.0
2026-08-12 15:00:00,39.3,51.9,649.4,3.7,153.0
2026-08-12 16:00:00,41.6,54.5,453.5,3.7,110.0
2026-08-12 17:00:00,40.8,53.8,192.0,4.4,95.0
2026-08-12 18:00:00,39.0,59.3,37.3,3.8,107.0
2026-08-12 19:00:00,36.4,62.9,0.0,4.2,135.0
2026-08-12 20:00:00,34.5,66.8,0.0,6.2,139.0
2026-08-12 21:00:00,36.9,71.0,0.0,3.8,173.0
2026-08-12 22:00:00,32.2,74.3,0.0,3.5,126.0
2026-08-12 23:00:00,30.1,80.4,0.0,3.8,126.0
2026-08-13 00:00:00,31.2,79.0,0.0,2.6,144.0
2026-08-13 01:00:00,28.3,76.5,0.0,2.4,119.0
2026-08-13 02:00:00,29.1,85.3,0.0,2.3,126.0
2026-08-13 03:00:00,27.2,85.4,0.0,2.7,129.0
2026-08-13 04:00:00,28.8,81.4,0.0,2.0,112.0
2026-08-13 05:00:00,30.6,83.0,0.0,3.5,139.0
2026-08-13 06:00:00,29.3,80.0,35.2,4.5,116.0
2026-08-13 07:00:00,30.9,82.1,232.9,1.5,71.0
2026-08-13 08:00:00,32.2,74.5,447.8,2.4,169.0
2026-08-13 09:00:00,33.9,65.3,609.4,2.6,171.0
2026-08-13 10:00:00,38.6,64.9,763.8,2.5,151.0
2026-08-13 11:00:00,37.3,58.0,846.6,2.8,129.0
2026-08-13 12:00:00,39.5,64.5,905.4,2.7,159.0
2026-08-13 13:00:00,40.5,55.2,890.4,5.3,66.0
2026-08-13 14:00:00,37.7,48.3,780.7,3.2,164.0
2026-08-13 15:00:00,41.7,56.1,627.7,3.4,155.0
2026-08-13 16:00:00,39.3,49.3,441.0,3.9,146.0
2026-08-13 17:00:00,39.9,54.1,229.1,4.5,166.0
2026-08-13 18:00:00,36.8,57.8,34.7,4.5,147.0
2026-08-13 19:00:00,38.8,61.9,0.0,5.4,104.0
2026-08-13 20:00:00,36.1,62.9,0.0,4.4,103.0
2026-08-13 21:00:00,34.7,63.9,0.0,3.6,144.0
2026-08-13 22:00:00,32.8,72.5,0.0,3.4,132.0
2026-08-13 23:00:00,33.7,72.4,0.0,4.2,154.0
2026-08-14 00:00:00,30.9,80.6,0.0,2.5,150.0
2026-08-14 01:00:00,28.7,84.7,0.0,3.6,191.0
2026-08-14 02:00:00,30.5,83.2,0.0,2.2,65.0
2026-08-14 03:00:00,30.5,87.8,0.0,2.3,151.0
2026-08-14 04:00:00,30.0,80.2,0.0,1.8,173.0
2026-08-14 05:00:00,29.5,77.5,0.0,1.7,164.0
2026-08-14 06:00:00,30.5,76.8,19.2,1.7,177.0
2026-08-14 07:00:00,31.3,76.1,234.2,1.5,141.0
2026-08-14 08:00:00,31.5,73.0,448.0,1.5,165.0
2026-08-14 09:00:00,33.1,68.4,617.1,3.0,143.0
2026-08-14 10:00:00,38.2,63.1,755.0,7.0,153.0
2026-08-14 11:00:00,35.4,61.6,874.0,3.1,155.0
2026-08-14 12:00:00,38.1,53.8,894.8,3.8,139.0
2026-08-14 13:00:00,40.1,54.8,898.5,3.1,149.0
2026-08-14 14:00:00,39.9,56.3,758.5,3.8,132.0
2026-08-14 15:00:00,40.9,48.6,658.4,3.6,182.0
2026-08-14 16:00:00,39.3,53.0,441.0,4.0,100.0
2026-08-14 17:00:00,38.8,59.1,220.5,4.5,156.0
2026-08-14 18:00:00,37.2,56.0,0.0,7.1,159.0
2026-08-14 19:00:00,38.8,61.8,0.0,3.9,107.0
2026-08-14 20:00:00,36.3,64.0,0.0,4.3,176.0
2026-08-14 21:00:00,33.3,69.1,0.0,4.4,152.0
2026-08-14 22:00:00,34.8,78.2,0.0,3.2,110.0
2026-08-14 23:00:00,32.5,74.5,0.0,4.4,157.0
2026-08-15 00:00:00,26.3,77.1,0.0,3.0,143.0
2026-08-15 01:00:00,28.0,81.2,0.0,2.5,128.0
2026-08-15 02:00:00,28.7,82.7,0.0,3.5,73.0
2026-08-15 03:00:00,26.7,83.2,0.0,2.7,111.0
2026-08-15 04:00:00,28.1,87.0,0.0,2.2,154.0
2026-08-15 05:00:00,30.1,84.4,0.0,1.4,113.0
2026-08-15 06:00:00,29.1,83.0,13.6,1.4,110.0
2026-08-15 07:00:00,30.0,78.5,231.6,1.6,86.0
2026-08-15 08:00:00,34.3,75.6,452.4,1.9,127.0
2026-08-15 09:00:00,35.1,66.4,645.3,2.9,175.0
2026-08-15 10:00:00,37.1,66.2,768.6,4.2,116.0
2026-08-15 11:00:00,38.8,61.7,865.5,2.2,151.0
2026-08-15 12:00:00,38.1,57.1,924.3,2.9,185.0
2026-08-15 13:00:00,38.4,51.9,861.0,3.0,175.0
2026-08-15 14:00:00,41.3,53.9,779.3,3.2,127.0
2026-08-15 15:00:00,39.4,57.5,639.0,3.6,172.0
2026-08-15 16:00:00,40.0,59.9,472.4,4.3,186.0
2026-08-15 17:00:00,39.6,60.0,211.9,4.4,142.0
2026-08-15 18:00:00,39.5,52.6,0.0,6.2,125.0
2026-08-15 19:00:00,39.9,58.3,0.0,3.9,148.0
2026-08-15 20:00:00,34.8,66.5,0.0,4.2,159.0
2026-08-15 21:00:00,32.9,71.1,0.0,3.7,139.0
2026-08-15 22:00:00,33.1,74.6,0.0,3.6,140.0
2026-08-15 23:00:00,30.4,74.2,0.0,3.6,107.0
2026-08-16 00:00:00,31.0,77.6,0.0,2.8,112.0
2026-08-16 01:00:00,29.8,80.3,0.0,3.4,95.0
2026-08-16 02:00:00,27.6,88.4,0.0,4.0,131.0
2026-08-16 03:00:00,27.2,84.9,0.0,1.7,138.0
2026-08-16 04:00:00,27.5,83.4,0.0,4.6,165.0
2026-08-16 05:00:00,28.6,75.2,0.0,1.7,99.0
2026-08-16 06:00:00,30.4,80.8,1.4,2.0,133.0
2026-08-16 07:00:00,29.1,75.9,242.3,2.7,45.0
2026-08-16 08:00:00,32.5,71.5,475.5,3.9,167.0
2026-08-16 09:00:00,32.6,70.0,642.9,2.5,121.0
2026-08-16 10:00:00,34.7,61.5,784.9,2.1,166.0
2026-08-16 11:00:00,36.1,67.9,888.4,3.4,181.0
2026-08-16 12:00:00,39.7,60.2,878.3,2.9,115.0
2026-08-16 13:00:00,36.2,48.1,913.0,3.7,123.0
2026-08-16 14:00:00,39.8,50.3,756.5,3.7,145.0
2026-08-16 15:00:00,41.9,56.0,616.0,4.5,151.0
2026-08-16 16:00:00,39.3,53.8,426.1,3.9,166.0
2026-08-16 17:00:00,39.5,57.6,250.3,3.7,125.0
2026-08-16 18:00:00,40.0,60.7,7.1,4.7,124.0
2026-08-16 19:00:00,36.9,60.3,0.0,5.6,103.0
2026-08-16 20:00:00,34.4,67.1,0.0,5.8,111.0
2026-08-16 21:00:00,32.8,69.7,0.0,4.2,99.0
2026-08-16 22:00:00,31.6,73.6,0.0,3.5,163.0
2026-08-16 23:00:00,30.8,75.4,0.0,5.3,147.0
2026-08-17 00:00:00,30.1,75.7,0.0,2.6,178.0
2026-08-17 01:00:00,28.0,85.9,0.0,4.2,104.0
2026-08-17 02:00:00,29.0,83.5,0.0,2.2,120.0
2026-08-17 03:00:00,26.5,79.0,0.0,2.2,164.0
2026-08-17 04:00:00,26.3,84.9,0.0,4.4,162.0
2026-08-17 05:00:00,28.3,85.6,0.0,3.7,172.0
2026-08-17 06:00:00,30.9,76.8,0.0,4.6,106.0
2026-08-17 07:00:00,30.3,71.4,254.6,1.9,142.0
2026-08-17 08:00:00,31.3,78.2,445.0,4.6,114.0
2026-08-17 09:00:00,30.9,68.0,609.4,2.9,134.0
2026-08-17 10:00:00,36.3,61.8,785.9,3.9,111.0
2026-08-17 11:00:00,37.4,63.1,848.5,2.5,162.0
2026-08-17 12:00:00,37.0,57.0,867.3,2.8,135.0
2026-08-17 13:00:00,40.5,58.1,877.5,4.2,110.0
2026-08-17 14:00:00,39.5,57.6,790.1,3.6,109.0
2026-08-17 15:00:00,40.3,54.2,634.7,3.6,134.0
2026-08-17 16:00:00,38.1,50.8,438.9,3.6,137.0
2026-08-17 17:00:00,41.2,57.2,255.9,3.8,172.0
2026-08-17 18:00:00,38.4,58.5,3.8,5.8,139.0
2026-08-17 19:00:00,37.7,65.3,0.0,3.8,116.0
2026-08-17 20:00:00,36.8,73.0,0.0,3.6,134.0
2026-08-17 21:00:00,34.5,71.6,0.0,3.4,113.0
2026-08-17 22:00:00,31.9,75.6,0.0,3.3,159.0
2026-08-17 23:00:00,31.9,70.7,0.0,4.8,130.0
2026-08-18 00:00:00,29.4,82.1,0.0,3.6,131.0
2026-08-18 01:00:00,27.2,87.0,0.0,2.6,168.0
2026-08-18 02:00:00,29.0,84.8,0.0,3.5,127.0
2026-08-18 03:00:00,28.6,83.4,0.0,2.9,162.0
2026-08-18 04:00:00,27.7,82.2,0.0,2.7,104.0
2026-08-18 05:00:00,27.2,82.0,0.0,6.4,167.0
2026-08-18 06:00:00,28.7,77.5,0.2,2.7,55.0
2026-08-18 07:00:00,30.8,76.4,219.4,2.2,188.0
2026-08-18 08:00:00,32.6,76.3,468.5,1.5,122.0
2026-08-18 09:00:00,33.8,72.7,677.9,2.0,125.0
2026-08-18 10:00:00,34.4,65.7,812.5,1.9,98.0
2026-08-18 11:00:00,39.7,64.0,891.1,3.3,183.0
2026-08-18 12:00:00,35.5,59.9,901.8,4.2,129.0
2026-08-18 13:00:00,37.1,59.3,883.1,4.5,149.0
2026-08-18 14:00:00,40.8,53.0,810.3,3.9,172.0
2026-08-18 15:00:00,39.1,55.3,648.0,3.6,131.0
2026-08-18 16:00:00,41.7,55.2,431.2,5.8,127.0
2026-08-18 17:00:00,40.9,62.0,228.5,4.8,192.0
2026-08-18 18:00:00,36.5,62.4,22.1,4.8,184.0
2026-08-18 19:00:00,37.4,69.0,0.0,4.3,104.0
2026-08-18 20:00:00,37.1,65.0,0.0,6.8,151.0
2026-08-18 21:00:00,34.9,71.2,0.0,3.5,124.0
2026-08-18 22:00:00,30.3,80.9,0.0,4.2,109.0
2026-08-18 23:00:00,29.0,74.1,0.0,4.2,148.0
2026-08-19 00:00:00,30.3,74.8,0.0,2.6,193.0
2026-08-19 01:00:00,29.9,80.3,0.0,2.2,111.0
2026-08-19 02:00:00,27.2,84.1,0.0,2.0,153.0
2026-08-19 03:00:00,28.4,82.8,0.0,5.1,98.0
2026-08-19 04:00:00,29.8,84.6,0.0,2.4,168.0
2026-08-19 05:00:00,28.7,85.6,0.0,3.3,117.0
2026-08-19 06:00:00,29.1,81.8,0.0,2.4,104.0
2026-08-19 07:00:00,30.5,78.1,255.9,3.0,119.0
2026-08-19 08:00:00,32.0,77.9,434.0,1.7,145.0
2026-08-19 09:00:00,37.5,68.3,648.0,5.4,161.0
2026-08-19 10:00:00,35.1,66.5,797.8,3.8,152.0
2026-08-19 11:00:00,37.6,59.0,852.8,2.7,117.0
2026-08-19 12:00:00,37.7,60.1,884.5,3.0,62.0
2026-08-19 13:00:00,39.0,56.8,878.9,2.8,154.0
2026-08-19 14:00:00,39.1,53.5,773.4,4.5,142.0
2026-08-19 15:00:00,38.6,57.8,654.1,4.7,148.0
2026-08-19 16:00:00,40.7,54.0,402.9,4.8,158.0
2026-08-19 17:00:00,40.2,57.3,240.4,3.8,171.0
2026-08-19 18:00:00,38.2,59.8,0.0,6.7,190.0
2026-08-19 19:00:00,36.2,62.4,0.0,5.5,117.0
2026-08-19 20:00:00,34.1,68.8,0.0,3.7,124.0
2026-08-19 21:00:00,32.5,70.8,0.0,4.2,112.0
2026-08-19 22:00:00,34.2,77.2,0.0,4.6,108.0
2026-08-19 23:00:00,31.9,74.7,0.0,4.5,122.0
2026-08-20 00:00:00,28.1,85.4,0.0,3.6,182.0
2026-08-20 01:00:00,28.4,83.5,0.0,2.5,113.0
2026-08-20 02:00:00,29.8,87.0,0.0,2.1,188.0
2026-08-20 03:00:00,26.0,83.6,0.0,3.8,58.0
2026-08-20 04:00:00,27.4,87.5,0.0,2.1,116.0
2026-08-20 05:00:00,27.4,78.7,0.0,2.2,194.0
2026-08-20 06:00:00,29.7,75.2,19.8,2.5,191.0
2026-08-20 07:00:00,30.4,76.7,235.8,7.7,94.0
2026-08-20 08:00:00,32.2,71.7,462.5,2.5,137.0
2026-08-20 09:00:00,33.5,72.6,673.5,2.8,107.0
2026-08-20 10:00:00,34.7,68.7,778.1,3.3,137.0
2026-08-20 11:00:00,37.1,59.3,870.8,2.6,186.0
2026-08-20 12:00:00,37.2,59.2,902.6,2.8,123.0
2026-08-20 13:00:00,37.5,60.4,864.3,6.0,122.0
2026-08-20 14:00:00,39.1,52.3,765.3,3.7,161.0
2026-08-20 15:00:00,40.8,49.1,612.0,4.7,135.0
2026-08-20 16:00:00,40.1,57.0,466.6,4.9,117.0
2026-08-20 17:00:00,39.7,51.7,221.7,4.4,93.0
2026-08-20 18:00:00,38.6,60.1,0.0,4.2,177.0
2026-08-20 19:00:00,37.7,62.2,0.0,3.8,68.0
2026-08-20 20:00:00,33.5,66.5,0.0,3.7,98.0
2026-08-20 21:00:00,34.0,72.9,0.0,5.5,129.0
2026-08-20 22:00:00,30.7,79.4,0.0,4.0,133.0
2026-08-20 23:00:00,34.5,71.7,0.0,3.1,89.0
2026-08-21 00:00:00,29.9,78.8,0.0,3.9,170.0
2026-08-21 01:00:00,28.7,81.6,0.0,2.8,137.0
2026-08-21 02:00:00,28.1,88.9,0.0,2.3,149.0
2026-08-21 03:00:00,26.9,85.8,0.0,3.1,91.0
2026-08-21 04:00:00,25.8,89.3,0.0,1.7,87.0
2026-08-21 05:00:00,28.6,85.0,0.0,2.8,164.0
2026-08-21 06:00:00,28.3,80.2,8.2,2.3,164.0
2026-08-21 07:00:00,31.4,79.2,206.4,2.2,187.0
2026-08-21 08:00:00,31.0,71.6,448.4,1.5,160.0
2026-08-21 09:00:00,34.4,68.6,607.5,2.5,136.0
2026-08-21 10:00:00,34.1,68.2,765.2,2.0,152.0
2026-08-21 11:00:00,34.6,60.5,866.7,2.5,159.0
2026-08-21 12:00:00,39.5,57.8,934.0,2.6,61.0
2026-08-21 13:00:00,38.9,60.4,883.5,3.4,148.0
2026-08-21 14:00:00,39.4,62.5,802.6,4.0,170.0
2026-08-21 15:00:00,40.0,55.1,660.3,5.8,120.0
2026-08-21 16:00:00,41.6,58.2,430.5,3.6,141.0
2026-08-21 17:00:00,36.3,56.3,226.9,4.9,127.0
2026-08-21 18:00:00,37.5,68.2,15.7,4.3,140.0
2026-08-21 19:00:00,39.1,66.9,0.0,4.2,121.0
2026-08-21 20:00:00,35.0,66.9,0.0,3.6,160.0
2026-08-21 21:00:00,31.6,70.3,0.0,4.1,149.0
2026-08-21 22:00:00,31.4,69.2,0.0,3.9,136.0
2026-08-21 23:00:00,31.4,75.6,0.0,4.4,165.0
2026-08-22 00:00:00,28.4,81.0,0.0,2.7,180.0
2026-08-22 01:00:00,27.6,87.9,0.0,3.7,131.0
2026-08-22 02:00:00,28.8,89.7,0.0,2.0,155.0
2026-08-22 03:00:00,25.4,83.3,0.0,2.2,119.0
2026-08-22 04:00:00,30.3,86.2,0.0,3.9,160.0
2026-08-22 05:00:00,27.2,83.3,0.0,3.4,112.0
2026-08-22 06:00:00,29.1,79.8,0.0,1.8,146.0
2026-08-22 07:00:00,32.4,83.7,236.6,2.3,135.0
2026-08-22 08:00:00,31.4,77.5,453.7,3.0,94.0
2026-08-22 09:00:00,33.6,64.9,623.3,1.9,154.0
2026-08-22 10:00:00,34.1,65.9,769.4,1.9,133.0
2026-08-22 11:00:00,37.5,59.3,872.0,3.0,155.0
2026-08-22 12:00:00,37.0,54.3,897.9,4.9,102.0
2026-08-22 13:00:00,38.9,55.4,886.9,3.7,126.0
2026-08-22 14:00:00,40.1,54.7,787.5,5.3,171.0
2026-08-22 15:00:00,40.9,56.4,654.3,3.5,155.0
2026-08-22 16:00:00,39.3,57.7,479.0,5.1,160.0
2026-08-22 17:00:00,37.2,57.9,221.4,4.9,131.0
2026-08-22 18:00:00,34.7,62.0,3.8,3.7,190.0
2026-08-22 19:00:00,36.4,65.0,0.0,4.1,124.0
2026-08-22 20:00:00,35.3,68.9,0.0,4.1,155.0
2026-08-22 21:00:00,33.2,67.5,0.0,3.5,136.0
2026-08-22 22:00:00,31.0,78.2,0.0,3.5,156.0
2026-08-22 23:00:00,32.1,80.0,0.0,3.1,142.0
2026-08-23 00:00:00,27.6,80.0,0.0,2.9,134.0
2026-08-23 01:00:00,27.4,85.5,0.0,3.4,221.0
2026-08-23 02:00:00,27.5,90.1,0.0,2.3,114.0
2026-08-23 03:00:00,27.8,83.9,0.0,2.3,124.0
2026-08-23 04:00:00,27.8,87.9,0.0,1.5,121.0
2026-08-23 05:00:00,25.8,83.7,0.0,2.3,144.0
2026-08-23 06:00:00,28.3,77.3,23.5,2.3,117.0
2026-08-23 07:00:00,33.2,85.0,210.2,1.8,149.0
2026-08-23 08:00:00,30.7,76.3,473.2,3.2,110.0
2026-08-23 09:00:00,33.6,73.0,643.6,1.7,112.0
2026-08-23 10:00:00,35.3,70.4,778.9,3.2,142.0
2026-08-23 11:00:00,37.8,63.0,856.0,3.0,115.0
2026-08-23 12:00:00,38.5,56.5,890.4,2.8,138.0
2026-08-23 13:00:00,35.5,58.2,825.8,3.3,149.0
2026-08-23 14:00:00,41.9,58.5,793.0,3.8,70.0
2026-08-23 15:00:00,38.9,55.8,663.3,3.9,94.0
2026-08-23 16:00:00,38.5,57.4,469.1,6.9,137.0
2026-08-23 17:00:00,37.8,58.0,224.2,4.2,187.0
2026-08-23 18:00:00,36.2,58.2,0.0,4.7,132.0
2026-08-23 19:00:00,36.8,66.5,0.0,5.7,137.0
2026-08-23 20:00:00,34.8,66.9,0.0,3.6,128.0
2026-08-23 21:00:00,34.1,71.3,0.0,3.8,103.0
2026-08-23 22:00:00,32.4,70.9,0.0,4.3,98.0
2026-08-23 23:00:00,29.7,79.0,0.0,3.5,114.0
2026-08-24 00:00:00,26.7,81.0,0.0,4.0,125.0
2026-08-24 01:00:00,28.2,80.4,0.0,2.6,139.0
2026-08-24 02:00:00,27.4,94.5,0.0,2.6,128.0
2026-08-24 03:00:00,25.3,88.8,0.0,2.0,111.0
2026-08-24 04:00:00,26.6,83.3,0.0,1.9,138.0
2026-08-24 05:00:00,29.9,87.4,0.0,1.5,166.0
2026-08-24 06:00:00,30.1,86.4,0.0,1.8,152.0
2026-08-24 07:00:00,32.1,72.1,206.2,4.3,153.0
2026-08-24 08:00:00,32.9,70.4,468.0,2.4,175.0
2026-08-24 09:00:00,30.3,70.1,598.3,3.4,129.0
2026-08-24 10:00:00,37.5,67.7,796.0,2.2,92.0
2026-08-24 11:00:00,37.0,63.4,881.4,2.6,154.0
2026-08-24 12:00:00,38.4,59.3,868.1,3.1,175.0
2026-08-24 13:00:00,38.0,54.3,921.1,3.2,123.0
2026-08-24 14:00:00,38.7,54.4,776.2,5.4,145.0
2026-08-24 15:00:00,37.0,58.5,617.6,5.7,143.0
2026-08-24 16:00:00,40.5,59.5,452.5,3.9,174.0
2026-08-24 17:00:00,38.7,54.0,227.0,3.9,84.0
2026-08-24 18:00:00,37.6,55.8,8.3,4.5,175.0
2026-08-24 19:00:00,38.5,63.6,0.0,3.9,171.0
2026-08-24 20:00:00,36.8,68.9,0.0,4.9,90.0
2026-08-24 21:00:00,32.8,76.6,0.0,4.2,141.0
2026-08-24 22:00:00,31.0,73.3,0.0,4.3,80.0
2026-08-24 23:00:00,29.8,81.7,0.0,3.8,140.0
2026-08-25 00:00:00,27.4,83.2,0.0,3.3,156.0
2026-08-25 01:00:00,27.9,81.2,0.0,3.1,88.0
2026-08-25 02:00:00,26.2,88.0,0.0,2.9,102.0
2026-08-25 03:00:00,26.1,87.4,0.0,3.1,206.0
2026-08-25 04:00:00,29.1,92.7,0.0,2.8,137.0
2026-08-25 05:00:00,29.1,81.0,0.0,1.9,129.0
2026-08-25 06:00:00,29.2,82.1,0.0,2.8,119.0
2026-08-25 07:00:00,30.7,79.5,231.1,1.9,138.0
2026-08-25 08:00:00,30.3,73.3,445.5,1.5,114.0
2026-08-25 09:00:00,32.8,72.0,646.6,1.8,113.0
2026-08-25 10:00:00,33.1,64.0,819.8,2.5,125.0
2026-08-25 11:00:00,36.5,65.8,874.5,2.5,103.0
2026-08-25 12:00:00,37.1,61.3,892.3,3.5,111.0
2026-08-25 13:00:00,37.4,53.7,851.4,3.6,114.0
2026-08-25 14:00:00,37.6,53.7,792.1,3.5,152.0
2026-08-25 15:00:00,38.2,54.1,628.6,3.7,147.0
2026-08-25 16:00:00,38.5,58.9,444.8,3.6,112.0
2026-08-25 17:00:00,39.0,65.2,223.1,3.8,109.0
2026-08-25 18:00:00,37.1,60.0,16.2,4.1,137.0
2026-08-25 19:00:00,35.4,58.5,0.0,4.1,168.0
2026-08-25 20:00:00,33.2,70.9,0.0,3.8,125.0
2026-08-25 21:00:00,32.9,71.7,0.0,3.8,82.0
2026-08-25 22:00:00,31.8,79.1,0.0,3.6,104.0
2026-08-25 23:00:00,29.6,76.3,0.0,3.1,172.0
2026-08-26 00:00:00,29.6,79.1,0.0,5.5,130.0
2026-08-26 01:00:00,29.9,84.4,0.0,3.3,153.0
2026-08-26 02:00:00,25.6,80.0,0.0,2.6,140.0
2026-08-26 03:00:00,26.1,87.4,0.0,2.7,120.0
2026-08-26 04:00:00,28.9,92.3,0.0,4.9,144.0
2026-08-26 05:00:00,27.6,86.5,0.0,1.7,121.0
2026-08-26 06:00:00,27.3,83.1,0.0,2.8,106.0
2026-08-26 07:00:00,27.7,84.2,203.3,1.4,173.0
2026-08-26 08:00:00,32.1,76.1,438.2,2.8,130.0
2026-08-26 09:00:00,33.4,71.9,657.9,1.7,112.0
2026-08-26 10:00:00,36.3,66.1,735.3,3.2,148.0
2026-08-26 11:00:00,36.8,61.2,836.2,3.4,172.0
2026-08-26 12:00:00,38.4,59.1,883.4,3.1,135.0
2026-08-26 13:00:00,39.8,57.7,864.9,3.2,144.0
2026-08-26 14:00:00,39.0,62.3,754.1,3.2,83.0
2026-08-26 15:00:00,38.7,56.3,636.0,3.5,144.0
2026-08-26 16:00:00,41.3,61.9,456.7,4.0,91.0
2026-08-26 17:00:00,37.2,58.6,217.2,4.1,83.0
2026-08-26 18:00:00,34.6,64.3,2.3,4.4,119.0
2026-08-26 19:00:00,34.5,61.7,0.0,4.4,195.0
2026-08-26 20:00:00,33.7,68.3,0.0,3.8,159.0
2026-08-26 21:00:00,31.6,71.8,0.0,4.2,149.0
2026-08-26 22:00:00,29.7,73.7,0.0,3.4,112.0
2026-08-26 23:00:00,30.4,77.6,0.0,4.3,115.0
2026-08-27 00:00:00,27.8,85.4,0.0,2.7,175.0
2026-08-27 01:00:00,28.6,86.2,0.0,3.3,169.0
2026-08-27 02:00:00,26.7,87.4,0.0,2.4,79.0
2026-08-27 03:00:00,26.7,85.9,0.0,1.7,193.0
2026-08-27 04:00:00,28.2,89.9,0.0,1.7,188.0
2026-08-27 05:00:00,28.2,85.9,0.0,2.2,157.0
2026-08-27 06:00:00,28.0,84.0,0.0,2.0,119.0
2026-08-27 07:00:00,31.1,80.5,248.8,2.8,133.0
2026-08-27 08:00:00,32.7,77.4,447.2,1.9,127.0
2026-08-27 09:00:00,32.8,75.4,591.4,1.7,132.0
2026-08-27 10:00:00,34.4,65.9,777.4,3.4,147.0
2026-08-27 11:00:00,34.3,68.9,865.6,5.2,124.0
2026-08-27 12:00:00,37.7,61.1,872.3,3.0,96.0
2026-08-27 13:00:00,37.7,62.2,886.8,4.1,98.0
2026-08-27 14:00:00,37.5,57.5,744.2,5.3,77.0
2026-08-27 15:00:00,40.5,57.4,607.6,4.3,127.0
2026-08-27 16:00:00,39.7,64.5,384.4,3.6,110.0
2026-08-27 17:00:00,38.1,60.9,243.0,5.4,98.0
2026-08-27 18:00:00,39.5,61.6,17.9,6.8,112.0
2026-08-27 19:00:00,35.2,70.0,0.0,4.5,130.0
2026-08-27 20:00:00,34.2,68.8,0.0,4.2,143.0
2026-08-27 21:00:00,32.5,71.4,0.0,3.8,142.0
2026-08-27 22:00:00,32.7,73.6,0.0,3.8,79.0
2026-08-27 23:00:00,27.3,88.1,0.0,3.3,143.0
2026-08-28 00:00:00,28.0,87.0,0.0,2.7,155.0
2026-08-28 01:00:00,28.5,88.5,0.0,2.9,190.0
2026-08-28 02:00:00,28.6,88.8,0.0,3.2,145.0
2026-08-28 03:00:00,26.5,88.6,0.0,1.7,162.0
2026-08-28 04:00:00,25.4,90.0,0.0,1.8,135.0
2026-08-28 05:00:00,29.1,86.0,0.0,4.1,78.0
2026-08-28 06:00:00,31.3,80.1,0.0,3.3,123.0
2026-08-28 07:00:00,30.0,80.8,236.2,1.9,123.0
2026-08-28 08:00:00,30.7,75.7,435.0,2.8,109.0
2026-08-28 09:00:00,31.0,75.8,583.5,1.7,99.0
2026-08-28 10:00:00,33.1,71.7,754.6,3.7,150.0
2026-08-28 11:00:00,35.5,64.3,837.2,3.0,106.0
2026-08-28 12:00:00,38.1,59.6,910.3,3.2,139.0
2026-08-28 13:00:00,36.9,54.2,813.9,2.9,145.0
2026-08-28 14:00:00,40.1,55.9,758.2,3.1,125.0
2026-08-28 15:00:00,35.8,58.0,640.7,3.8,114.0
2026-08-28 16:00:00,40.3,54.8,421.3,3.9,145.0
2026-08-28 17:00:00,38.5,61.5,244.6,6.9,128.0
2026-08-28 18:00:00,37.1,60.7,4.0,5.5,126.0
2026-08-28 19:00:00,34.2,65.2,0.0,4.0,174.0
2026-08-28 20:00:00,34.5,68.3,0.0,4.5,132.0
2026-08-28 21:00:00,31.8,69.6,0.0,3.9,121.0
2026-08-28 22:00:00,28.7,74.8,0.0,4.6,106.0
2026-08-28 23:00:00,31.1,79.6,0.0,2.9,73.0
2026-08-29 00:00:00,27.0,81.4,0.0,3.7,126.0
2026-08-29 01:00:00,28.3,80.6,0.0,2.2,154.0
2026-08-29 02:00:00,27.0,77.9,0.0,2.1,90.0
2026-08-29 03:00:00,28.4,86.6,0.0,2.7,102.0
2026-08-29 04:00:00,28.0,89.6,0.0,4.5,121.0
2026-08-29 05:00:00,28.7,86.9,0.0,3.5,111.0
2026-08-29 06:00:00,27.6,81.7,42.4,2.4,144.0
2026-08-29 07:00:00,29.0,84.4,222.3,2.4,66.0
2026-08-29 08:00:00,30.3,75.0,452.3,1.7,183.0
2026-08-29 09:00:00,31.8,71.2,647.2,2.1,94.0
2026-08-29 10:00:00,33.3,63.5,751.5,3.5,176.0
2026-08-29 11:00:00,35.2,61.4,856.1,3.9,154.0
2026-08-29 12:00:00,37.3,65.1,874.8,3.7,162.0
2026-08-29 13:00:00,37.6,61.4,868.8,3.3,132.0
2026-08-29 14:00:00,39.2,57.3,755.0,4.0,141.0
2026-08-29 15:00:00,38.1,52.3,605.5,3.7,157.0
2026-08-29 16:00:00,40.3,59.7,416.3,6.8,131.0
2026-08-29 17:00:00,37.3,63.3,233.3,5.9,74.0
2026-08-29 18:00:00,38.1,55.4,0.0,3.9,160.0
2026-08-29 19:00:00,34.1,63.5,0.0,4.9,175.0
2026-08-29 20:00:00,34.3,68.4,0.0,4.1,117.0
2026-08-29 21:00:00,33.8,69.8,0.0,3.6,95.0
2026-08-29 22:00:00,32.3,80.5,0.0,4.0,100.0
2026-08-29 23:00:00,30.6,81.2,0.0,3.1,111.0
2026-08-30 00:00:00,28.4,82.6,0.0,3.7,74.0
2026-08-30 01:00:00,27.3,85.9,0.0,4.0,102.0
2026-08-30 02:00:00,23.5,84.3,0.0,3.4,128.0
2026-08-30 03:00:00,27.5,92.3,0.0,10.0,143.0
2026-08-30 04:00:00,27.0,93.4,0.0,3.5,128.0
2026-08-30 05:00:00,27.4,92.5,0.0,1.6,152.0
2026-08-30 06:00:00,25.5,83.3,20.3,3.2,94.0
2026-08-30 07:00:00,28.4,79.8,249.9,1.9,162.0
2026-08-30 08:00:00,30.9,74.7,442.0,2.5,104.0
2026-08-30 09:00:00,34.8,74.9,647.2,1.8,128.0
2026-08-30 10:00:00,33.9,68.5,770.4,2.1,160.0
2026-08-30 11:00:00,35.4,66.3,847.6,3.4,89.0
2026-08-30 12:00:00,37.7,63.5,896.4,2.9,118.0
2026-08-30 13:00:00,38.4,64.5,894.0,2.9,144.0
2026-08-30 14:00:00,37.9,54.2,769.1,4.3,113.0
2026-08-30 15:00:00,40.4,60.8,609.2,4.7,96.0
2026-08-30 16:00:00,37.2,57.3,494.0,3.7,184.0
2026-08-30 17:00:00,37.5,58.6,263.7,4.7,170.0
2026-08-30 18:00:00,35.7,62.3,0.0,4.5,126.0
2026-08-30 19:00:00,35.6,66.9,0.0,5.4,113.0
2026-08-30 20:00:00,33.5,63.1,0.0,3.8,146.0
2026-08-30 21:00:00,30.9,63.8,0.0,3.4,134.0
2026-08-30 22:00:00,31.7,76.9,0.0,5.1,89.0
2026-08-30 23:00:00,28.4,77.0,0.0,3.7,139.0
2026-08-31 00:00:00,27.4,85.2,0.0,2.9,152.0
2026-08-31 01:00:00,28.7,81.6,0.0,2.8,142.0
2026-08-31 02:00:00,26.6,88.6,0.0,2.0,157.0
2026-08-31 03:00:00,26.3,87.6,0.0,3.3,149.0
2026-08-31 04:00:00,25.7,84.6,0.0,2.2,117.0
2026-08-31 05:00:00,28.3,87.2,0.0,1.7,135.0
2026-08-31 06:00:00,27.1,81.1,0.0,1.4,144.0
2026-08-31 07:00:00,28.9,79.1,227.3,1.4,142.0
2026-08-31 08:00:00,31.1,74.1,465.5,1.7,59.0
2026-08-31 09:00:00,32.6,69.8,629.8,3.5,126.0
2026-08-31 10:00:00,32.7,70.3,747.2,3.9,161.0
2026-08-31 11:00:00,36.7,65.8,869.0,4.7,115.0
2026-08-31 12:00:00,35.6,62.0,896.4,3.7,89.0
2026-08-31 13:00:00,38.4,61.2,840.1,3.1,189.0
2026-08-31 14:00:00,39.3,59.9,776.5,3.4,112.0
2026-08-31 15:00:00,39.2,57.7,626.0,4.9,78.0
2026-08-31 16:00:00,39.2,56.7,409.2,4.1,88.0
2026-08-31 17:00:00,36.3,66.4,245.4,4.9,130.0
2026-08-31 18:00:00,33.5,59.6,0.0,6.5,173.0
2026-08-31 19:00:00,33.6,66.9,0.0,3.7,131.0
2026-08-31 20:00:00,35.3,70.5,0.0,4.3,126.0
2026-08-31 21:00:00,32.7,67.3,0.0,3.4,145.0
2026-08-31 22:00:00,31.1,80.0,0.0,3.2,126.0
2026-08-31 23:00:00,29.2,82.1,0.0,4.9,125.0
2026-09-01 00:00:00,27.7,86.0,0.0,5.0,123.0
2026-09-01 01:00:00,27.2,86.8,0.0,2.3,196.0
2026-09-01 02:00:00,27.4,85.3,0.0,7.8,91.0
2026-09-01 03:00:00,23.9,87.8,0.0,2.5,110.0
2026-09-01 04:00:00,27.7,93.0,0.0,2.1,94.0
2026-09-01 05:00:00,28.0,92.2,0.0,1.8,110.0
2026-09-01 06:00:00,26.8,80.3,0.0,1.8,72.0
2026-09-01 07:00:00,28.4,83.0,214.4,1.8,153.0
2026-09-01 08:00:00,32.1,75.2,414.7,2.6,115.0
2026-09-01 09:00:00,33.0,76.7,602.0,2.5,117.0
2026-09-01 10:00:00,35.3,69.3,755.7,4.5,154.0
2026-09-01 11:00:00,32.2,59.0,851.4,3.1,110.0
2026-09-01 12:00:00,35.6,58.6,890.2,2.9,158.0
2026-09-01 13:00:00,35.1,61.3,817.2,2.9,111.0
2026-09-01 14:00:00,38.3,59.9,761.6,4.6,132.0
2026-09-01 15:00:00,37.7,58.8,618.2,3.9,129.0
2026-09-01 16:00:00,39.2,57.4,445.8,4.5,129.0
2026-09-01 17:00:00,37.9,64.1,220.0,5.9,127.0
2026-09-01 18:00:00,36.0,64.0,0.0,4.0,82.0
2026-09-01 19:00:00,34.1,68.6,0.0,3.8,145.0
2026-09-01 20:00:00,34.5,67.7,0.0,7.0,198.0
2026-09-01 21:00:00,32.7,70.3,0.0,3.6,121.0
2026-09-01 22:00:00,30.5,73.6,0.0,3.3,129.0
2026-09-01 23:00:00,30.4,82.6,0.0,2.9,137.0
2026-09-02 00:00:00,26.7,83.0,0.0,2.8,117.0
2026-09-02 01:00:00,27.0,85.6,0.0,3.1,89.0
2026-09-02 02:00:00,24.5,90.5,0.0,2.4,125.0
2026-09-02 03:00:00,28.0,82.2,0.0,1.9,117.0
2026-09-02 04:00:00,24.4,80.1,0.0,2.0,132.0
2026-09-02 05:00:00,24.4,87.8,0.0,1.6,114.0
2026-09-02 06:00:00,27.4,86.3,16.7,1.5,94.0
2026-09-02 07:00:00,30.0,78.1,241.9,1.6,107.0
2026-09-02 08:00:00,32.7,74.4,433.0,2.4,100.0
2026-09-02 09:00:00,32.4,69.8,631.7,2.9,98.0
2026-09-02 10:00:00,33.4,70.1,760.5,2.1,113.0
2026-09-02 11:00:00,36.0,66.6,855.5,2.7,152.0
2026-09-02 12:00:00,37.7,60.5,865.3,2.8,109.0
2026-09-02 13:00:00,36.4,64.7,874.1,3.1,140.0
2026-09-02 14:00:00,36.5,57.7,794.4,3.6,177.0
2026-09-02 15:00:00,37.5,56.9,588.9,5.1,132.0
2026-09-02 16:00:00,40.4,58.3,422.9,7.0,72.0
2026-09-02 17:00:00,36.6,58.8,237.7,4.2,70.0
2026-09-02 18:00:00,34.0,63.3,29.4,7.1,131.0
2026-09-02 19:00:00,34.2,62.8,0.0,4.5,105.0
2026-09-02 20:00:00,33.6,71.7,0.0,3.6,95.0
2026-09-02 21:00:00,32.7,71.5,0.0,4.0,112.0
2026-09-02 22:00:00,31.6,71.4,0.0,3.4,90.0
2026-09-02 23:00:00,29.4,78.3,0.0,3.5,122.0
2026-09-03 00:00:00,26.1,85.4,0.0,2.7,119.0
2026-09-03 01:00:00,27.0,85.0,0.0,5.6,118.0
2026-09-03 02:00:00,25.7,83.1,0.0,2.7,131.0
2026-09-03 03:00:00,23.9,91.7,0.0,1.8,183.0
2026-09-03 04:00:00,26.9,85.7,0.0,1.7,107.0
2026-09-03 05:00:00,27.0,88.0,0.0,2.2,110.0
2026-09-03 06:00:00,27.6,80.3,23.1,2.4,125.0
2026-09-03 07:00:00,28.0,82.4,228.1,1.4,142.0
2026-09-03 08:00:00,30.5,78.2,427.1,3.1,142.0
2026-09-03 09:00:00,30.9,74.8,611.9,2.4,124.0
2026-09-03 10:00:00,33.3,69.7,777.6,2.9,143.0
2026-09-03 11:00:00,34.7,65.6,870.5,2.8,140.0
2026-09-03 12:00:00,37.7,63.5,858.2,2.6,119.0
2026-09-03 13:00:00,37.5,59.2,833.0,6.6,87.0
2026-09-03 14:00:00,37.2,57.6,733.9,3.1,85.0
2026-09-03 15:00:00,39.3,53.0,611.7,3.5,127.0
2026-09-03 16:00:00,39.7,57.0,469.1,3.6,150.0
2026-09-03 17:00:00,37.0,59.9,232.7,5.5,128.0
2026-09-03 18:00:00,35.8,64.9,0.0,4.1,101.0
2026-09-03 19:00:00,35.9,67.3,0.0,3.7,133.0
2026-09-03 20:00:00,32.5,65.5,0.0,4.6,84.0
2026-09-03 21:00:00,33.4,68.2,0.0,5.1,168.0
2026-09-03 22:00:00,31.5,82.3,0.0,4.1,90.0
2026-09-03 23:00:00,30.4,82.9,0.0,2.9,140.0
2026-09-04 00:00:00,28.7,86.5,0.0,2.8,105.0
2026-09-04 01:00:00,26.7,83.2,0.0,2.9,157.0
2026-09-04 02:00:00,26.3,83.5,0.0,3.1,110.0
2026-09-04 03:00:00,25.8,85.8,0.0,2.3,164.0
2026-09-04 04:00:00,27.5,88.3,0.0,1.9,137.0
2026-09-04 05:00:00,26.0,82.4,0.0,2.3,153.0
2026-09-04 06:00:00,27.0,84.2,36.8,1.5,131.0
2026-09-04 07:00:00,28.8,81.8,253.2,1.5,120.0
2026-09-04 08:00:00,30.0,78.5,450.5,2.3,112.0
2026-09-04 09:00:00,31.6,74.3,622.1,2.4,126.0
2026-09-04 10:00:00,33.2,69.2,750.2,1.9,112.0
2026-09-04 11:00:00,34.3,65.8,854.3,2.5,97.0
2026-09-04 12:00:00,34.6,68.1,879.8,3.9,149.0
2026-09-04 13:00:00,36.1,60.2,868.0,3.1,155.0
2026-09-04 14:00:00,36.6,55.9,773.7,3.4,97.0
2026-09-04 15:00:00,37.5,52.8,629.1,5.2,186.0
2026-09-04 16:00:00,37.5,56.9,436.7,5.0,102.0
2026-09-04 17:00:00,37.3,59.1,205.2,4.7,156.0
2026-09-04 18:00:00,34.4,63.8,15.0,4.0,159.0
2026-09-04 19:00:00,35.3,65.4,0.0,4.0,97.0
2026-09-04 20:00:00,36.5,69.3,0.0,3.7,166.0
2026-09-04 21:00:00,32.5,73.6,0.0,3.5,177.0
2026-09-04 22:00:00,30.6,80.5,0.0,5.1,173.0
2026-09-04 23:00:00,29.3,84.1,0.0,4.1,74.0
2026-09-05 00:00:00,28.5,88.2,0.0,2.7,130.0
2026-09-05 01:00:00,23.3,82.0,0.0,2.4,113.0
2026-09-05 02:00:00,26.8,83.0,0.0,2.8,91.0
2026-09-05 03:00:00,21.6,90.1,0.0,1.9,155.0
2026-09-05 04:00:00,27.3,94.6,0.0,2.0,140.0
2026-09-05 05:00:00,28.0,86.6,0.0,3.7,166.0
2026-09-05 06:00:00,27.7,82.9,19.0,1.4,70.0
2026-09-05 07:00:00,28.3,81.6,267.2,1.5,110.0
2026-09-05 08:00:00,30.8,82.9,422.5,1.8,128.0
2026-09-05 09:00:00,33.2,78.1,609.1,1.7,150.0
2026-09-05 10:00:00,34.9,69.0,720.5,2.8,117.0
2026-09-05 11:00:00,34.2,67.7,800.6,2.8,80.0
2026-09-05 12:00:00,36.9,60.8,905.4,3.0,174.0
2026-09-05 13:00:00,39.3,58.7,841.0,3.4,81.0
2026-09-05 14:00:00,37.1,62.5,747.8,3.5,114.0
2026-09-05 15:00:00,38.7,58.6,657.4,3.5,65.0
2026-09-05 16:00:00,38.6,60.1,424.4,3.9,95.0
2026-09-05 17:00:00,36.5,58.4,228.8,3.7,84.0
2026-09-05 18:00:00,37.2,60.6,0.0,4.0,125.0
2026-09-05 19:00:00,33.6,63.7,0.0,4.5,100.0
2026-09-05 20:00:00,32.6,67.5,0.0,4.7,103.0
2026-09-05 21:00:00,29.2,67.6,0.0,3.6,104.0
2026-09-05 22:00:00,29.9,76.8,0.0,3.2,142.0
2026-09-05 23:00:00,27.1,79.7,0.0,4.5,111.0
2026-09-06 00:00:00,26.2,80.1,0.0,5.3,108.0
2026-09-06 01:00:00,25.4,87.4,0.0,2.7,163.0
2026-09-06 02:00:00,24.9,89.1,0.0,2.0,143.0
2026-09-06 03:00:00,24.6,92.2,0.0,2.0,135.0
2026-09-06 04:00:00,26.3,83.9,0.0,5.3,117.0
2026-09-06 05:00:00,27.5,86.9,0.0,2.3,91.0
2026-09-06 06:00:00,27.7,84.4,32.3,2.5,95.0
2026-09-06 07:00:00,28.5,80.5,246.6,1.7,141.0
2026-09-06 08:00:00,31.3,73.6,421.7,2.8,55.0
2026-09-06 09:00:00,28.7,77.1,613.9,2.7,131.0
2026-09-06 10:00:00,34.4,73.6,714.6,3.5,98.0
2026-09-06 11:00:00,36.9,68.4,824.2,3.6,132.0
2026-09-06 12:00:00,36.6,66.8,857.9,3.4,83.0
2026-09-06 13:00:00,36.0,59.5,855.4,2.9,187.0
2026-09-06 14:00:00,38.6,63.8,752.2,5.3,118.0
2026-09-06 15:00:00,37.9,59.3,645.5,6.3,148.0
2026-09-06 16:00:00,39.4,56.8,425.9,4.1,124.0
2026-09-06 17:00:00,37.4,59.7,207.6,5.9,133.0
2026-09-06 18:00:00,37.7,59.0,0.0,4.8,138.0
2026-09-06 19:00:00,34.7,67.6,0.0,6.2,79.0
2026-09-06 20:00:00,32.0,65.1,0.0,4.3,154.0
2026-09-06 21:00:00,32.6,68.9,0.0,3.5,156.0
2026-09-06 22:00:00,29.5,81.2,0.0,4.0,98.0
2026-09-06 23:00:00,28.7,84.5,0.0,4.4,96.0
2026-09-07 00:00:00,29.5,84.9,0.0,3.4,137.0
2026-09-07 01:00:00,26.1,87.8,0.0,3.3,124.0
2026-09-07 02:00:00,25.5,87.4,0.0,2.2,89.0
2026-09-07 03:00:00,23.5,89.7,0.0,2.1,46.0
2026-09-07 04:00:00,25.5,84.1,0.0,2.6,170.0
2026-09-07 05:00:00,26.3,88.2,0.0,1.5,123.0
2026-09-07 06:00:00,25.4,91.7,4.4,2.7,157.0
2026-09-07 07:00:00,27.7,77.0,211.3,1.7,72.0
2026-09-07 08:00:00,29.7,76.8,442.0,2.2,140.0
2026-09-07 09:00:00,29.3,77.5,607.3,2.3,134.0
2026-09-07 10:00:00,31.3,71.1,778.7,2.4,104.0
2026-09-07 11:00:00,34.6,65.1,856.2,4.0,88.0
2026-09-07 12:00:00,34.7,67.8,857.2,4.8,166.0
2026-09-07 13:00:00,36.6,58.3,882.3,5.8,149.0
2026-09-07 14:00:00,36.9,56.1,732.6,3.4,135.0
2026-09-07 15:00:00,35.7,56.2,650.1,3.7,128.0
2026-09-07 16:00:00,38.9,63.7,449.4,5.6,165.0
2026-09-07 17:00:00,36.9,55.2,261.2,4.6,47.0
2026-09-07 18:00:00,35.2,62.0,0.0,5.4,124.0
2026-09-07 19:00:00,36.7,68.6,0.0,4.3,112.0
2026-09-07 20:00:00,30.9,73.2,0.0,5.7,147.0
2026-09-07 21:00:00,32.5,72.8,0.0,4.0,139.0
2026-09-07 22:00:00,28.9,72.9,0.0,3.2,89.0
2026-09-07 23:00:00,27.8,81.4,0.0,3.1,118.0
2026-09-08 00:00:00,27.7,89.7,0.0,6.0,174.0
2026-09-08 01:00:00,26.7,89.1,0.0,2.2,143.0
2026-09-08 02:00:00,25.5,89.4,0.0,2.6,126.0
2026-09-08 03:00:00,25.6,92.4,0.0,1.9,120.0
2026-09-08 04:00:00,26.6,87.2,0.0,2.2,124.0
2026-09-08 05:00:00,27.1,82.1,0.0,1.4,121.0
2026-09-08 06:00:00,28.1,86.7,12.3,7.9,118.0
2026-09-08 07:00:00,27.3,82.8,191.5,2.5,119.0
2026-09-08 08:00:00,28.2,71.4,447.1,3.1,127.0
2026-09-08 09:00:00,33.7,72.1,606.2,3.1,115.0
2026-09-08 10:00:00,31.5,71.7,754.8,3.0,78.0
2026-09-08 11:00:00,32.8,67.4,856.7,2.3,141.0
2026-09-08 12:00:00,35.4,67.1,888.3,2.6,123.0
2026-09-08 13:00:00,37.6,59.3,844.7,4.2,161.0
2026-09-08 14:00:00,36.2,58.1,772.6,3.2,153.0
2026-09-08 15:00:00,36.8,55.5,610.9,3.6,126.0
2026-09-08 16:00:00,36.3,59.3,433.0,4.2,112.0
2026-09-08 17:00:00,35.8,55.4,223.3,7.3,90.0
2026-09-08 18:00:00,33.4,68.7,17.5,3.7,118.0
2026-09-08 19:00:00,35.3,68.2,0.0,3.7,100.0
2026-09-08 20:00:00,34.7,69.7,0.0,3.7,123.0
2026-09-08 21:00:00,29.5,77.4,0.0,3.6,114.0
2026-09-08 22:00:00,31.3,74.2,0.0,4.3,139.0
2026-09-08 23:00:00,28.2,82.4,0.0,3.0,111.0
2026-09-09 00:00:00,28.5,83.5,0.0,4.7,96.0
2026-09-09 01:00:00,25.9,88.7,0.0,4.2,71.0
2026-09-09 02:00:00,25.4,86.3,0.0,3.0,144.0
2026-09-09 03:00:00,23.9,88.9,0.0,2.7,100.0
2026-09-09 04:00:00,26.8,88.8,0.0,2.8,79.0
2026-09-09 05:00:00,25.7,87.0,0.0,1.5,115.0
2026-09-09 06:00:00,27.9,85.3,0.0,1.4,165.0
2026-09-09 07:00:00,26.2,83.0,211.3,1.8,91.0
2026-09-09 08:00:00,29.2,80.6,430.4,1.7,135.0
2026-09-09 09:00:00,34.2,74.6,597.6,2.4,96.0
2026-09-09 10:00:00,31.4,75.6,799.2,2.2,131.0
2026-09-09 11:00:00,35.7,65.5,840.6,2.4,143.0
2026-09-09 12:00:00,35.4,60.2,836.0,3.9,66.0
2026-09-09 13:00:00,35.5,64.8,861.7,2.9,118.0
2026-09-09 14:00:00,36.5,60.0,726.2,4.0,154.0
2026-09-09 15:00:00,36.9,59.6,609.6,4.2,107.0
2026-09-09 16:00:00,38.2,56.6,432.8,8.6,134.0
2026-09-09 17:00:00,38.7,60.7,213.2,3.9,72.0
2026-09-09 18:00:00,35.5,62.7,23.0,4.6,181.0
2026-09-09 19:00:00,34.5,68.0,0.0,4.1,93.0
2026-09-09 20:00:00,30.1,69.6,0.0,4.9,113.0
2026-09-09 21:00:00,31.8,75.9,0.0,3.9,97.0
2026-09-09 22:00:00,30.4,73.1,0.0,5.2,144.0
2026-09-09 23:00:00,29.2,85.4,0.0,3.3,135.0
2026-09-10 00:00:00,26.4,88.2,0.0,2.7,93.0
2026-09-10 01:00:00,26.2,84.5,0.0,2.6,107.0
2026-09-10 02:00:00,25.2,84.9,0.0,2.7,154.0
2026-09-10 03:00:00,23.3,84.2,0.0,2.2,110.0
2026-09-10 04:00:00,25.4,85.9,0.0,4.2,119.0
2026-09-10 05:00:00,24.5,85.8,0.0,2.2,122.0
2026-09-10 06:00:00,26.7,87.0,0.0,1.6,72.0
2026-09-10 07:00:00,28.8,76.7,193.7,1.4,124.0
2026-09-10 08:00:00,27.6,82.3,431.1,2.0,128.0
2026-09-10 09:00:00,31.3,74.0,637.9,2.0,143.0
2026-09-10 10:00:00,30.4,62.4,728.9,2.6,111.0
2026-09-10 11:00:00,32.5,66.7,847.2,2.5,139.0
2026-09-10 12:00:00,35.9,70.0,879.3,3.4,102.0
2026-09-10 13:00:00,33.9,62.5,885.0,5.4,113.0
2026-09-10 14:00:00,36.8,57.3,768.2,3.8,84.0
2026-09-10 15:00:00,37.5,58.4,598.7,3.8,152.0
2026-09-10 16:00:00,38.1,53.5,458.1,3.8,144.0
2026-09-10 17:00:00,37.7,63.3,201.3,5.6,135.0
2026-09-10 18:00:00,36.8,65.5,0.0,4.4,87.0
2026-09-10 19:00:00,33.2,64.4,0.0,3.9,119.0
2026-09-10 20:00:00,31.6,71.1,0.0,4.1,112.0
2026-09-10 21:00:00,29.5,76.4,0.0,3.9,112.0
2026-09-10 22:00:00,28.6,72.6,0.0,3.5,132.0
2026-09-10 23:00:00,28.1,80.0,0.0,4.2,143.0
2026-09-11 00:00:00,26.9,85.8,0.0,4.6,116.0
2026-09-11 01:00:00,25.5,87.5,0.0,2.8,101.0
2026-09-11 02:00:00,24.8,83.2,0.0,2.1,155.0
2026-09-11 03:00:00,25.0,91.1,0.0,4.6,121.0
2026-09-11 04:00:00,27.1,91.6,0.0,2.3,144.0
2026-09-11 05:00:00,27.3,82.1,0.0,2.3,106.0
2026-09-11 06:00:00,28.1,87.8,0.0,1.8,46.0
2026-09-11 07:00:00,29.4,83.7,201.6,1.7,151.0
2026-09-11 08:00:00,27.0,82.6,460.1,2.2,153.0
2026-09-11 09:00:00,30.4,79.3,590.6,3.6,201.0
2026-09-11 10:00:00,32.3,72.4,759.9,2.3,150.0
2026-09-11 11:00:00,35.1,65.0,874.0,3.5,153.0
2026-09-11 12:00:00,34.4,64.3,903.3,4.3,109.0
2026-09-11 13:00:00,38.0,61.5,831.0,3.4,74.0
2026-09-11 14:00:00,34.5,62.6,739.5,3.1,155.0
2026-09-11 15:00:00,36.0,62.7,650.5,5.0,145.0
2026-09-11 16:00:00,35.8,58.0,454.9,4.6,72.0
2026-09-11 17:00:00,35.1,61.0,227.2,3.9,48.0
2026-09-11 18:00:00,34.2,61.9,4.6,4.7,108.0
2026-09-11 19:00:00,34.9,70.0,0.0,4.9,107.0
2026-09-11 20:00:00,34.0,69.5,0.0,3.8,121.0
2026-09-11 21:00:00,32.1,78.4,0.0,6.4,118.0
2026-09-11 22:00:00,30.1,79.3,0.0,5.4,104.0
2026-09-11 23:00:00,29.0,82.9,0.0,3.0,117.0
2026-09-12 00:00:00,25.6,88.1,0.0,3.2,135.0
2026-09-12 01:00:00,24.8,83.5,0.0,3.0,51.0
2026-09-12 02:00:00,24.4,86.4,0.0,3.5,142.0
2026-09-12 03:00:00,22.3,95.5,0.0,1.9,100.0
2026-09-12 04:00:00,22.9,85.8,0.0,2.1,115.0
2026-09-12 05:00:00,26.6,87.9,0.0,3.6,121.0
2026-09-12 06:00:00,26.1,85.1,0.0,1.9,149.0
2026-09-12 07:00:00,27.1,83.5,220.3,2.9,139.0
2026-09-12 08:00:00,30.3,76.4,416.1,3.1,66.0
2026-09-12 09:00:00,30.3,72.8,618.3,1.9,174.0
2026-09-12 10:00:00,32.8,69.6,757.8,2.1,151.0
2026-09-12 11:00:00,34.0,66.3,813.9,6.5,119.0
2026-09-12 12:00:00,34.5,59.2,855.0,2.6,109.0
2026-09-12 13:00:00,34.9,57.0,777.9,4.4,141.0
2026-09-12 14:00:00,36.4,58.1,769.5,4.7,131.0
2026-09-12 15:00:00,37.7,60.3,624.1,3.9,126.0
2026-09-12 16:00:00,35.3,59.2,424.9,4.4,106.0
2026-09-12 17:00:00,33.2,62.0,180.9,3.8,66.0
2026-09-12 18:00:00,34.7,64.2,2.8,4.1,124.0
2026-09-12 19:00:00,32.3,69.5,0.0,5.8,135.0
2026-09-12 20:00:00,33.6,71.2,0.0,3.6,79.0
2026-09-12 21:00:00,30.0,73.1,0.0,3.4,167.0
2026-09-12 22:00:00,29.7,74.2,0.0,5.8,180.0
2026-09-12 23:00:00,29.2,80.6,0.0,3.4,149.0
2026-09-13 00:00:00,25.4,79.0,0.0,3.2,120.0
2026-09-13 01:00:00,25.5,84.5,0.0,2.6,153.0
2026-09-13 02:00:00,23.9,90.2,0.0,2.5,201.0
2026-09-13 03:00:00,23.3,91.6,0.0,1.8,52.0
2026-09-13 04:00:00,25.4,89.3,0.0,2.7,83.0
2026-09-13 05:00:00,26.2,87.6,0.0,2.1,147.0
2026-09-13 06:00:00,28.1,78.3,12.8,1.6,114.0
2026-09-13 07:00:00,26.8,79.9,245.3,1.4,167.0
2026-09-13 08:00:00,27.1,76.1,399.2,2.4,152.0
2026-09-13 09:00:00,30.3,68.8,617.2,3.9,122.0
2026-09-13 10:00:00,31.4,69.2,719.7,3.8,80.0
2026-09-13 11:00:00,33.9,65.7,778.6,3.1,99.0
2026-09-13 12:00:00,35.3,66.9,870.4,2.9,94.0
2026-09-13 13:00:00,36.0,55.0,841.9,3.2,197.0
2026-09-13 14:00:00,36.1,61.2,703.4,4.9,142.0
2026-09-13 15:00:00,36.1,53.4,593.6,3.5,117.0
2026-09-13 16:00:00,36.1,62.1,417.5,3.8,87.0
2026-09-13 17:00:00,34.6,61.4,264.0,4.0,104.0
2026-09-13 18:00:00,33.6,62.9,0.0,3.8,149.0
2026-09-13 19:00:00,33.0,70.6,0.0,3.8,177.0
2026-09-13 20:00:00,31.5,63.9,0.0,6.2,116.0
2026-09-13 21:00:00,31.2,74.7,0.0,4.6,119.0
2026-09-13 22:00:00,27.9,78.9,0.0,3.9,112.0
2026-09-13 23:00:00,28.4,78.3,0.0,3.5,91.0
2026-09-14 00:00:00,25.9,88.6,0.0,3.4,155.0
2026-09-14 01:00:00,27.3,87.3,0.0,2.7,138.0
2026-09-14 02:00:00,24.0,87.5,0.0,2.2,128.0
2026-09-14 03:00:00,24.1,86.2,0.0,3.1,100.0
2026-09-14 04:00:00,24.3,93.3,0.0,1.6,142.0
2026-09-14 05:00:00,26.7,83.3,0.0,1.3,120.0
2026-09-14 06:00:00,27.2,86.1,20.8,2.4,116.0
2026-09-14 07:00:00,27.2,82.3,246.1,2.2,154.0
2026-09-14 08:00:00,29.4,76.5,404.6,2.0,136.0
2026-09-14 09:00:00,29.7,76.8,612.9,2.2,109.0
2026-09-14 10:00:00,29.4,72.2,740.5,2.1,108.0
2026-09-14 11:00:00,31.7,66.7,817.4,3.3,143.0
2026-09-14 12:00:00,36.7,62.8,844.9,2.6,196.0
2026-09-14 13:00:00,33.3,58.3,869.6,6.0,138.0
2026-09-14 14:00:00,35.6,64.5,707.1,3.3,117.0
2026-09-14 15:00:00,39.7,57.7,591.4,3.4,153.0
2026-09-14 16:00:00,36.0,57.7,437.4,4.8,163.0
2026-09-14 17:00:00,36.3,57.2,245.4,4.0,143.0
2026-09-14 18:00:00,35.6,58.2,0.0,7.0,158.0
2026-09-14 19:00:00,32.2,62.7,0.0,4.2,123.0
2026-09-14 20:00:00,30.8,68.7,0.0,3.7,120.0
2026-09-14 21:00:00,32.2,77.0,0.0,3.8,127.0
2026-09-14 22:00:00,30.5,75.2,0.0,4.3,174.0
2026-09-14 23:00:00,28.2,76.5,0.0,2.9,151.0
2026-09-15 00:00:00,25.3,86.1,0.0,5.5,123.0
2026-09-15 01:00:00,25.7,91.3,0.0,4.2,114.0
2026-09-15 02:00:00,23.2,92.8,0.0,2.4,162.0
2026-09-15 03:00:00,24.0,91.2,0.0,2.2,73.0
2026-09-15 04:00:00,24.3,89.0,0.0,1.8,100.0
2026-09-15 05:00:00,24.3,89.4,0.0,3.3,147.0
2026-09-15 06:00:00,26.1,86.8,2.8,1.5,35.0
2026-09-15 07:00:00,28.0,79.8,252.1,1.6,63.0
2026-09-15 08:00:00,27.2,79.7,440.2,1.6,131.0
2026-09-15 09:00:00,30.0,80.1,639.7,2.8,106.0
2026-09-15 10:00:00,29.6,64.9,732.9,2.0,55.0
2026-09-15 11:00:00,34.1,64.1,851.2,2.9,132.0
2026-09-15 12:00:00,33.2,62.5,906.0,2.7,75.0
2026-09-15 13:00:00,33.5,60.6,810.9,2.9,122.0
2026-09-15 14:00:00,36.3,60.8,767.0,3.3,96.0
2026-09-15 15:00:00,37.2,59.8,601.7,3.5,84.0
2026-09-15 16:00:00,34.2,65.8,413.3,4.4,145.0
2026-09-15 17:00:00,34.0,63.0,224.5,4.0,146.0
2026-09-15 18:00:00,34.5,59.8,0.0,5.7,167.0
2026-09-15 19:00:00,33.0,63.5,0.0,4.1,66.0
2026-09-15 20:00:00,29.8,73.2,0.0,5.1,141.0
2026-09-15 21:00:00,28.9,73.6,0.0,4.0,123.0
2026-09-15 22:00:00,26.7,78.7,0.0,5.0,109.0
2026-09-15 23:00:00,25.1,86.8,0.0,3.2,172.0
2026-09-16 00:00:00,26.0,85.9,0.0,3.1,93.0
2026-09-16 01:00:00,22.7,91.0,0.0,3.8,92.0
2026-09-16 02:00:00,24.3,89.8,0.0,2.1,68.0
2026-09-16 03:00:00,23.3,96.4,0.0,2.0,116.0
2026-09-16 04:00:00,24.1,85.8,0.0,1.6,159.0
2026-09-16 05:00:00,25.6,89.5,0.0,1.6,71.0
2026-09-16 06:00:00,26.9,87.4,0.0,1.6,121.0
2026-09-16 07:00:00,24.7,72.5,206.0,2.9,137.0
2026-09-16 08:00:00,29.1,78.6,431.3,2.8,80.0
2026-09-16 09:00:00,28.2,72.4,592.8,2.3,96.0
2026-09-16 10:00:00,29.9,66.8,745.4,2.3,118.0
2026-09-16 11:00:00,30.6,66.9,822.7,3.5,80.0
2026-09-16 12:00:00,33.9,65.7,833.8,5.4,159.0
2026-09-16 13:00:00,35.9,55.2,820.3,2.9,179.0
2026-09-16 14:00:00,34.9,57.3,757.4,3.5,86.0
2026-09-16 15:00:00,36.0,64.2,637.2,3.5,116.0
2026-09-16 16:00:00,34.7,56.6,448.3,5.2,139.0
2026-09-16 17:00:00,34.8,61.2,211.7,4.0,106.0
2026-09-16 18:00:00,34.1,64.8,0.0,4.6,125.0
2026-09-16 19:00:00,36.3,71.9,0.0,4.4,94.0
2026-09-16 20:00:00,30.2,71.5,0.0,5.3,125.0
2026-09-16 21:00:00,30.9,72.4,0.0,5.4,126.0
2026-09-16 22:00:00,27.3,80.1,0.0,3.7,115.0
2026-09-16 23:00:00,27.7,79.2,0.0,3.6,117.0
2026-09-17 00:00:00,24.1,91.4,0.0,3.6,97.0
2026-09-17 01:00:00,24.2,84.9,0.0,2.9,169.0
2026-09-17 02:00:00,23.0,89.4,0.0,1.9,85.0
2026-09-17 03:00:00,25.1,90.0,0.0,2.4,71.0
2026-09-17 04:00:00,24.7,90.5,0.0,2.2,116.0
2026-09-17 05:00:00,25.1,87.8,0.0,2.6,178.0
2026-09-17 06:00:00,25.7,87.9,2.9,4.2,129.0
2026-09-17 07:00:00,26.5,84.1,229.1,1.4,141.0
2026-09-17 08:00:00,31.0,78.8,442.3,1.8,132.0
2026-09-17 09:00:00,31.4,74.1,631.0,2.1,81.0
2026-09-17 10:00:00,33.0,69.9,747.4,3.2,171.0
2026-09-17 11:00:00,32.4,68.2,828.9,3.7,113.0
2026-09-17 12:00:00,34.3,65.6,881.4,4.0,100.0
2026-09-17 13:00:00,35.0,62.6,838.3,2.9,100.0
2026-09-17 14:00:00,34.6,63.0,736.9,3.5,153.0
2026-09-17 15:00:00,34.5,55.6,615.1,3.5,183.0
2026-09-17 16:00:00,36.2,63.5,421.1,5.1,171.0
2026-09-17 17:00:00,35.0,59.5,228.2,4.1,123.0
2026-09-17 18:00:00,34.9,64.2,18.7,7.0,122.0
2026-09-17 19:00:00,33.0,66.3,0.0,4.7,108.0
2026-09-17 20:00:00,30.6,68.2,0.0,5.9,98.0
2026-09-17 21:00:00,30.6,72.9,0.0,3.6,131.0
2026-09-17 22:00:00,25.8,81.2,0.0,3.4,28.0
2026-09-17 23:00:00,24.6,84.8,0.0,4.7,103.0
2026-09-18 00:00:00,26.2,85.5,0.0,2.7,111.0
2026-09-18 01:00:00,24.3,82.3,0.0,3.7,175.0
2026-09-18 02:00:00,23.2,86.0,0.0,2.0,77.0
2026-09-18 03:00:00,22.3,87.5,0.0,2.9,142.0
2026-09-18 04:00:00,26.0,86.0,0.0,1.7,154.0
2026-09-18 05:00:00,26.7,94.9,0.0,1.4,144.0
2026-09-18 06:00:00,24.8,79.4,0.0,2.4,94.0
2026-09-18 07:00:00,25.9,76.8,207.3,1.9,130.0
2026-09-18 08:00:00,29.0,81.6,454.5,4.5,91.0
2026-09-18 09:00:00,29.0,75.5,599.4,2.2,149.0
2026-09-18 10:00:00,31.1,65.6,747.0,2.1,115.0
2026-09-18 11:00:00,32.8,62.9,804.5,2.7,112.0
2026-09-18 12:00:00,32.4,57.9,870.6,4.6,108.0
2026-09-18 13:00:00,33.3,58.6,819.9,3.6,50.0
2026-09-18 14:00:00,36.3,54.5,738.9,7.9,77.0
2026-09-18 15:00:00,38.1,63.4,595.2,4.4,128.0
2026-09-18 16:00:00,35.7,60.5,423.3,4.8,86.0
2026-09-18 17:00:00,34.9,65.4,212.3,6.6,79.0
2026-09-18 18:00:00,34.3,62.6,16.3,4.3,122.0
2026-09-18 19:00:00,31.2,69.0,0.0,4.8,123.0
2026-09-18 20:00:00,29.3,71.7,0.0,4.1,134.0
2026-09-18 21:00:00,27.3,74.5,0.0,7.1,120.0
2026-09-18 22:00:00,29.9,78.9,0.0,3.4,145.0
2026-09-18 23:00:00,25.5,79.5,0.0,2.9,81.0
2026-09-19 00:00:00,24.8,80.9,0.0,4.0,213.0
2026-09-19 01:00:00,25.3,86.1,0.0,2.5,125.0
2026-09-19 02:00:00,24.4,90.7,0.0,2.8,98.0
2026-09-19 03:00:00,23.4,89.2,0.0,2.6,112.0
2026-09-19 04:00:00,23.9,94.2,0.0,2.5,120.0
2026-09-19 05:00:00,24.8,87.4,0.0,2.3,142.0
2026-09-19 06:00:00,24.9,84.7,3.9,6.5,117.0
2026-09-19 07:00:00,26.7,83.7,221.0,3.0,126.0
2026-09-19 08:00:00,27.9,79.6,409.0,2.1,143.0
2026-09-19 09:00:00,31.2,75.0,606.0,3.0,131.0
2026-09-19 10:00:00,29.3,72.6,740.7,2.1,174.0
2026-09-19 11:00:00,32.4,69.4,849.7,2.3,128.0
2026-09-19 12:00:00,33.3,61.5,863.6,3.2,182.0
2026-09-19 13:00:00,34.6,63.6,835.0,3.7,147.0
2026-09-19 14:00:00,35.5,63.2,732.5,3.8,128.0
2026-09-19 15:00:00,36.4,66.5,596.8,3.8,62.0
2026-09-19 16:00:00,36.4,62.2,452.4,3.6,195.0
2026-09-19 17:00:00,33.2,61.0,195.9,4.6,135.0
2026-09-19 18:00:00,32.9,61.7,0.0,4.0,146.0
2026-09-19 19:00:00,33.4,65.3,0.0,5.5,126.0
2026-09-19 20:00:00,29.1,70.1,0.0,4.3,150.0
2026-09-19 21:00:00,28.9,77.3,0.0,3.4,114.0
2026-09-19 22:00:00,28.9,73.9,0.0,4.3,141.0
2026-09-19 23:00:00,25.5,88.1,0.0,2.9,126.0
2026-09-20 00:00:00,24.2,86.1,0.0,3.3,169.0
2026-09-20 01:00:00,23.9,89.2,0.0,3.9,126.0
2026-09-20 02:00:00,23.3,88.5,0.0,2.0,154.0
2026-09-20 03:00:00,24.4,96.2,0.0,2.2,128.0
2026-09-20 04:00:00,25.8,95.4,0.0,1.8,122.0
2026-09-20 05:00:00,26.2,86.4,0.0,2.0,136.0
2026-09-20 06:00:00,27.3,85.0,25.7,1.7,118.0
2026-09-20 07:00:00,26.3,79.7,222.6,1.6,107.0
2026-09-20 08:00:00,27.2,74.2,417.6,1.5,125.0
2026-09-20 09:00:00,29.2,75.4,603.0,1.8,153.0
2026-09-20 10:00:00,30.8,73.8,716.3,1.9,123.0
2026-09-20 11:00:00,30.2,65.3,832.1,2.7,113.0
2026-09-20 12:00:00,32.9,64.3,850.3,2.7,106.0
2026-09-20 13:00:00,34.0,64.5,802.7,2.8,138.0
2026-09-20 14:00:00,36.7,58.9,744.7,5.8,124.0
2026-09-20 15:00:00,36.6,65.4,602.0,3.8,116.0
2026-09-20 16:00:00,35.5,62.5,417.1,3.7,92.0
2026-09-20 17:00:00,33.7,60.5,199.9,4.8,109.0
2026-09-20 18:00:00,34.4,67.5,0.2,4.1,100.0
2026-09-20 19:00:00,29.7,68.5,0.0,6.8,95.0
2026-09-20 20:00:00,30.4,72.4,0.0,3.6,143.0
2026-09-20 21:00:00,30.4,71.7,0.0,4.0,146.0
2026-09-20 22:00:00,28.9,79.3,0.0,3.4,66.0
2026-09-20 23:00:00,27.0,84.8,0.0,3.4,130.0
2026-09-21 00:00:00,24.7,85.6,0.0,2.9,165.0
2026-09-21 01:00:00,25.1,90.5,0.0,3.5,93.0
2026-09-21 02:00:00,24.0,91.2,0.0,2.5,133.0
2026-09-21 03:00:00,24.6,92.0,0.0,1.7,94.0
2026-09-21 04:00:00,22.5,92.7,0.0,3.8,69.0
2026-09-21 05:00:00,23.1,89.2,0.0,1.6,135.0
2026-09-21 06:00:00,22.2,82.8,0.0,1.3,123.0
2026-09-21 07:00:00,25.8,81.7,260.9,2.4,115.0
2026-09-21 08:00:00,27.6,81.1,431.3,2.9,111.0
2026-09-21 09:00:00,29.9,73.0,588.6,3.5,129.0
2026-09-21 10:00:00,31.9,70.2,717.1,2.6,148.0
2026-09-21 11:00:00,32.4,70.1,848.6,4.2,204.0
2026-09-21 12:00:00,33.8,65.6,808.2,2.8,168.0
2026-09-21 13:00:00,34.2,57.3,821.9,3.6,116.0
2026-09-21 14:00:00,34.8,60.5,763.9,4.5,138.0
2026-09-21 15:00:00,33.4,56.8,646.4,3.4,100.0
2026-09-21 16:00:00,35.5,60.8,418.7,6.6,144.0
2026-09-21 17:00:00,34.3,66.5,219.2,4.1,129.0
2026-09-21 18:00:00,34.7,60.3,17.2,4.2,141.0
2026-09-21 19:00:00,33.6,70.7,0.0,3.8,84.0
2026-09-21 20:00:00,30.8,65.1,0.0,5.5,114.0
2026-09-21 21:00:00,29.0,76.2,0.0,4.2,147.0
2026-09-21 22:00:00,27.4,79.3,0.0,3.8,161.0
2026-09-21 23:00:00,28.3,86.0,0.0,3.4,159.0
2026-09-22 00:00:00,24.2,86.7,0.0,2.5,91.0
2026-09-22 01:00:00,22.7,87.3,0.0,2.9,129.0
2026-09-22 02:00:00,22.5,91.8,0.0,2.2,127.0
2026-09-22 03:00:00,23.0,96.7,0.0,3.4,88.0
2026-09-22 04:00:00,24.4,85.7,0.0,2.6,137.0
2026-09-22 05:00:00,23.4,89.5,0.0,2.4,175.0
2026-09-22 06:00:00,24.1,83.3,0.0,1.7,159.0
2026-09-22 07:00:00,26.5,80.9,204.2,3.5,76.0
2026-09-22 08:00:00,27.6,78.0,416.1,3.5,120.0
2026-09-22 09:00:00,28.8,72.1,587.5,3.4,91.0
2026-09-22 10:00:00,30.2,70.6,726.8,2.9,127.0
2026-09-22 11:00:00,33.3,67.1,845.7,2.3,122.0
2026-09-22 12:00:00,32.5,67.6,854.4,3.2,136.0
2026-09-22 13:00:00,35.1,66.7,799.2,5.0,126.0
2026-09-22 14:00:00,34.3,55.4,670.1,3.8,65.0
2026-09-22 15:00:00,36.3,59.8,588.4,3.9,108.0
2026-09-22 16:00:00,35.0,62.9,405.5,3.6,114.0
2026-09-22 17:00:00,34.9,65.2,219.3,6.3,77.0
2026-09-22 18:00:00,32.8,70.2,0.0,4.3,155.0
2026-09-22 19:00:00,30.4,65.4,0.0,4.2,65.0
2026-09-22 20:00:00,31.1,65.5,0.0,4.0,157.0
2026-09-22 21:00:00,29.8,69.2,0.0,3.5,117.0
2026-09-22 22:00:00,27.5,78.8,0.0,4.4,82.0
2026-09-22 23:00:00,26.5,84.3,0.0,3.9,136.0
2026-09-23 00:00:00,24.9,85.9,0.0,2.8,96.0
2026-09-23 01:00:00,25.0,86.7,0.0,7.3,103.0
2026-09-23 02:00:00,21.8,89.9,0.0,2.6,145.0
2026-09-23 03:00:00,21.9,83.4,0.0,2.7,113.0
2026-09-23 04:00:00,23.1,91.6,0.0,1.9,115.0
2026-09-23 05:00:00,22.8,83.7,0.0,1.8,146.0
2026-09-23 06:00:00,24.9,88.5,1.7,1.4,117.0
2026-09-23 07:00:00,25.9,85.3,230.3,1.4,98.0
2026-09-23 08:00:00,26.2,78.1,424.2,2.4,75.0
2026-09-23 09:00:00,28.4,71.5,592.5,2.0,121.0
2026-09-23 10:00:00,28.1,66.2,739.3,2.2,138.0
2026-09-23 11:00:00,33.7,69.1,824.4,3.5,109.0
2026-09-23 12:00:00,34.0,60.9,859.1,5.2,92.0
2026-09-23 13:00:00,37.1,64.0,824.0,3.7,109.0
2026-09-23 14:00:00,38.7,61.6,766.5,3.4,114.0
2026-09-23 15:00:00,32.8,57.4,578.1,4.4,155.0
2026-09-23 16:00:00,33.4,57.5,409.9,4.2,208.0
2026-09-23 17:00:00,33.7,60.5,193.8,4.0,147.0
2026-09-23 18:00:00,33.9,64.2,9.8,4.0,160.0
2026-09-23 19:00:00,33.7,66.7,0.0,4.7,107.0
2026-09-23 20:00:00,30.1,68.8,0.0,3.7,115.0
2026-09-23 21:00:00,27.2,75.2,0.0,6.3,138.0
2026-09-23 22:00:00,28.6,77.3,0.0,4.8,121.0
2026-09-23 23:00:00,25.9,79.7,0.0,3.0,151.0
2026-09-24 00:00:00,24.8,84.9,0.0,2.7,135.0
2026-09-24 01:00:00,24.4,85.4,0.0,3.9,136.0
2026-09-24 02:00:00,23.7,92.2,0.0,2.0,124.0
2026-09-24 03:00:00,23.5,88.5,0.0,5.4,77.0
2026-09-24 04:00:00,24.3,92.2,0.0,1.9,99.0
2026-09-24 05:00:00,24.7,92.5,0.0,1.5,80.0
2026-09-24 06:00:00,22.5,85.5,0.0,3.2,147.0
2026-09-24 07:00:00,24.6,82.6,230.2,1.8,120.0
2026-09-24 08:00:00,26.5,80.3,408.7,2.3,57.0
2026-09-24 09:00:00,27.5,76.7,613.0,1.9,107.0
2026-09-24 10:00:00,31.9,70.3,711.0,2.8,114.0
2026-09-24 11:00:00,30.4,67.3,827.3,6.0,86.0
2026-09-24 12:00:00,33.6,60.9,844.1,2.6,103.0
2026-09-24 13:00:00,33.2,52.3,833.3,2.8,115.0
2026-09-24 14:00:00,34.3,62.7,738.8,3.4,117.0
2026-09-24 15:00:00,35.0,58.1,571.8,4.9,139.0
2026-09-24 16:00:00,35.1,67.0,420.9,3.9,151.0
2026-09-24 17:00:00,34.0,62.7,224.0,5.4,120.0
2026-09-24 18:00:00,31.8,61.9,0.0,4.8,138.0
2026-09-24 19:00:00,31.6,65.0,0.0,6.0,113.0
2026-09-24 20:00:00,30.7,70.4,0.0,4.4,138.0
2026-09-24 21:00:00,29.0,77.5,0.0,3.9,116.0
2026-09-24 22:00:00,28.1,80.3,0.0,3.3,116.0
2026-09-24 23:00:00,24.6,82.8,0.0,3.0,120.0
2026-09-25 00:00:00,22.3,80.7,0.0,3.1,208.0
2026-09-25 01:00:00,23.5,86.0,0.0,2.7,158.0
2026-09-25 02:00:00,22.7,92.4,0.0,4.0,80.0
2026-09-25 03:00:00,25.0,89.7,0.0,2.4,100.0
2026-09-25 04:00:00,23.6,87.4,0.0,2.7,117.0
2026-09-25 05:00:00,23.3,87.9,0.0,2.6,170.0
2026-09-25 06:00:00,23.4,87.4,19.0,5.7,91.0
2026-09-25 07:00:00,26.3,85.4,228.0,2.1,141.0
2026-09-25 08:00:00,25.5,79.1,410.1,1.8,177.0
2026-09-25 09:00:00,27.1,78.8,628.6,1.8,145.0
2026-09-25 10:00:00,31.0,74.5,729.5,2.2,99.0
2026-09-25 11:00:00,32.4,72.9,790.7,2.4,149.0
2026-09-25 12:00:00,32.2,60.8,832.8,2.6,130.0
2026-09-25 13:00:00,34.7,63.3,832.4,3.2,93.0
2026-09-25 14:00:00,32.1,63.5,707.3,5.0,108.0
2026-09-25 15:00:00,32.0,55.8,586.3,4.2,138.0
2026-09-25 16:00:00,33.9,60.9,432.6,6.0,118.0
2026-09-25 17:00:00,36.9,63.3,168.9,3.7,180.0
2026-09-25 18:00:00,33.0,66.8,21.3,3.9,85.0
2026-09-25 19:00:00,32.5,61.9,0.0,4.0,115.0
2026-09-25 20:00:00,29.8,72.8,0.0,4.8,80.0
2026-09-25 21:00:00,27.3,76.0,0.0,4.9,64.0
2026-09-25 22:00:00,25.3,78.4,0.0,3.6,91.0
2026-09-25 23:00:00,25.8,82.4,0.0,3.4,102.0
2026-09-26 00:00:00,25.1,86.0,0.0,3.3,121.0
2026-09-26 01:00:00,25.0,85.1,0.0,2.8,125.0
2026-09-26 02:00:00,22.5,87.4,0.0,2.3,96.0
2026-09-26 03:00:00,23.0,91.7,0.0,4.8,167.0
2026-09-26 04:00:00,22.2,87.9,0.0,3.8,98.0
2026-09-26 05:00:00,22.8,88.9,0.0,1.6,76.0
2026-09-26 06:00:00,24.7,84.0,0.0,2.3,151.0
2026-09-26 07:00:00,23.7,83.4,219.3,2.7,91.0
2026-09-26 08:00:00,28.0,80.5,404.8,1.6,193.0
2026-09-26 09:00:00,28.5,74.8,578.0,3.8,107.0
2026-09-26 10:00:00,27.5,70.4,723.5,2.1,127.0
2026-09-26 11:00:00,31.8,67.1,813.6,3.9,74.0
2026-09-26 12:00:00,32.8,69.1,838.2,3.3,138.0
2026-09-26 13:00:00,33.5,65.7,790.6,3.2,100.0
2026-09-26 14:00:00,34.7,62.4,705.0,3.2,146.0
2026-09-26 15:00:00,33.0,61.9,570.4,3.8,103.0
2026-09-26 16:00:00,33.8,70.6,426.5,3.5,80.0
2026-09-26 17:00:00,34.4,59.7,246.4,5.2,96.0
2026-09-26 18:00:00,32.7,59.2,0.0,5.0,142.0
2026-09-26 19:00:00,30.8,65.8,0.0,4.9,121.0
2026-09-26 20:00:00,29.0,69.6,0.0,7.8,110.0
2026-09-26 21:00:00,27.3,72.4,0.0,3.9,94.0
2026-09-26 22:00:00,29.1,81.2,0.0,4.5,80.0
2026-09-26 23:00:00,26.2,82.8,0.0,3.1,93.0
2026-09-27 00:00:00,23.8,83.1,0.0,3.7,133.0
2026-09-27 01:00:00,20.9,91.6,0.0,3.0,126.0
2026-09-27 02:00:00,22.2,90.4,0.0,2.0,169.0
2026-09-27 03:00:00,23.7,98.0,0.0,2.4,163.0
2026-09-27 04:00:00,22.3,91.8,0.0,3.0,138.0
2026-09-27 05:00:00,23.6,90.5,0.0,1.5,72.0
2026-09-27 06:00:00,24.5,86.3,0.0,3.4,118.0
2026-09-27 07:00:00,24.5,82.3,243.0,1.8,96.0
2026-09-27 08:00:00,27.5,81.0,408.9,3.3,123.0
2026-09-27 09:00:00,29.7,71.8,576.9,2.7,130.0
2026-09-27 10:00:00,30.4,68.6,739.7,2.0,124.0
2026-09-27 11:00:00,29.6,68.5,831.5,3.0,99.0
2026-09-27 12:00:00,30.4,64.5,827.9,2.8,147.0
2026-09-27 13:00:00,31.5,62.8,806.8,3.2,101.0
2026-09-27 14:00:00,34.4,66.7,707.0,3.5,132.0
2026-09-27 15:00:00,34.3,62.9,590.1,4.2,98.0
2026-09-27 16:00:00,32.8,57.4,409.7,3.8,95.0
2026-09-27 17:00:00,34.9,59.4,232.8,4.3,92.0
2026-09-27 18:00:00,32.7,62.2,7.1,6.5,126.0
2026-09-27 19:00:00,33.2,63.6,0.0,5.1,132.0
2026-09-27 20:00:00,29.3,67.5,0.0,3.6,108.0
2026-09-27 21:00:00,29.2,75.5,0.0,4.5,122.0
2026-09-27 22:00:00,24.6,85.9,0.0,3.9,97.0
2026-09-27 23:00:00,24.4,84.2,0.0,5.5,143.0
2026-09-28 00:00:00,23.0,83.3,0.0,3.8,59.0
2026-09-28 01:00:00,23.3,90.1,0.0,3.3,134.0
2026-09-28 02:00:00,22.2,87.8,0.0,3.7,154.0
2026-09-28 03:00:00,24.1,84.5,0.0,3.8,105.0
2026-09-28 04:00:00,24.1,84.6,0.0,3.5,112.0
2026-09-28 05:00:00,20.9,92.8,0.0,2.3,123.0
2026-09-28 06:00:00,25.1,83.2,0.0,1.5,99.0
2026-09-28 07:00:00,28.4,87.8,233.6,1.5,110.0
2026-09-28 08:00:00,29.7,81.0,437.2,1.7,87.0
2026-09-28 09:00:00,28.6,76.3,616.3,3.5,127.0
2026-09-28 10:00:00,28.9,72.7,724.1,3.7,97.0
2026-09-28 11:00:00,33.3,60.0,833.0,2.2,158.0
2026-09-28 12:00:00,29.7,67.7,803.1,3.3,100.0
2026-09-28 13:00:00,33.0,59.5,797.4,3.3,99.0
2026-09-28 14:00:00,33.7,61.3,714.5,3.4,77.0
2026-09-28 15:00:00,37.1,56.7,608.9,5.6,115.0
2026-09-28 16:00:00,30.3,63.7,450.2,4.2,73.0
2026-09-28 17:00:00,33.6,64.0,243.5,4.4,110.0
2026-09-28 18:00:00,32.3,64.3,18.9,4.8,162.0
2026-09-28 19:00:00,31.9,62.4,0.0,4.1,116.0
2026-09-28 20:00:00,30.2,75.4,0.0,4.8,111.0
2026-09-28 21:00:00,26.7,74.3,0.0,4.1,113.0
2026-09-28 22:00:00,26.0,77.7,0.0,3.1,144.0
2026-09-28 23:00:00,23.8,82.5,0.0,3.4,157.0
2026-09-29 00:00:00,21.9,82.1,0.0,4.6,117.0
2026-09-29 01:00:00,21.7,89.9,0.0,5.1,112.0
2026-09-29 02:00:00,23.6,90.4,0.0,2.1,88.0
2026-09-29 03:00:00,21.7,90.5,0.0,2.3,76.0
2026-09-29 04:00:00,21.7,91.2,0.0,2.7,133.0
2026-09-29 05:00:00,22.0,87.8,0.0,6.6,144.0
2026-09-29 06:00:00,22.4,83.0,0.0,1.7,165.0
2026-09-29 07:00:00,23.5,77.4,196.9,1.6,125.0
2026-09-29 08:00:00,28.3,73.1,406.4,3.0,41.0
2026-09-29 09:00:00,28.2,76.6,593.4,2.0,92.0
2026-09-29 10:00:00,29.1,70.3,746.9,1.9,118.0
2026-09-29 11:00:00,30.4,69.1,788.1,5.0,99.0
2026-09-29 12:00:00,32.0,58.6,860.1,3.4,76.0
2026-09-29 13:00:00,33.5,61.9,791.5,5.2,99.0
2026-09-29 14:00:00,33.3,58.1,749.7,4.0,111.0
2026-09-29 15:00:00,33.3,58.9,584.0,4.3,162.0
2026-09-29 16:00:00,34.2,58.6,399.3,3.9,113.0
2026-09-29 17:00:00,31.7,61.9,221.0,4.7,125.0
2026-09-29 18:00:00,33.9,61.9,0.0,5.4,136.0
2026-09-29 19:00:00,31.2,72.2,0.0,4.8,170.0
2026-09-29 20:00:00,30.3,71.0,0.0,4.3,101.0
2026-09-29 21:00:00,27.1,76.6,0.0,4.2,130.0
2026-09-29 22:00:00,26.7,78.8,0.0,4.1,148.0
2026-09-29 23:00:00,21.4,81.4,0.0,3.3,160.0
2026-09-30 00:00:00,25.2,85.8,0.0,4.7,92.0
2026-09-30 01:00:00,23.0,86.0,0.0,2.2,61.0
2026-09-30 02:00:00,21.7,87.2,0.0,2.8,80.0
2026-09-30 03:00:00,21.9,94.9,0.0,3.9,167.0
2026-09-30 04:00:00,21.9,94.4,0.0,2.4,132.0
2026-09-30 05:00:00,22.7,98.0,0.0,1.6,146.0
2026-09-30 06:00:00,24.0,84.8,2.9,2.4,89.0
2026-09-30 07:00:00,26.2,78.2,210.9,2.0,158.0
2026-09-30 08:00:00,29.1,79.1,395.2,2.1,117.0
2026-09-30 09:00:00,26.5,76.3,602.3,3.9,97.0
2026-09-30 10:00:00,29.2,71.4,686.5,6.1,163.0
2026-09-30 11:00:00,33.7,67.5,815.1,2.9,170.0
2026-09-30 12:00:00,29.3,70.0,851.5,4.4,115.0
2026-09-30 13:00:00,32.6,60.5,805.2,5.9,157.0
2026-09-30 14:00:00,32.0,61.0,733.1,5.1,115.0
2026-09-30 15:00:00,32.7,56.5,596.9,3.8,109.0
2026-09-30 16:00:00,33.8,57.1,392.5,4.2,93.0
2026-09-30 17:00:00,33.1,53.6,179.7,4.7,113.0
2026-09-30 18:00:00,30.9,63.3,29.3,4.2,141.0
2026-09-30 19:00:00,30.6,68.2,0.0,6.4,104.0
2026-09-30 20:00:00,29.1,71.1,0.0,4.4,119.0
2026-09-30 21:00:00,27.1,74.9,0.0,4.1,125.0
2026-09-30 22:00:00,27.2,75.3,0.0,4.1,133.0
2026-09-30 23:00:00,25.5,84.6,0.0,3.7,111.0
2026-10-01 00:00:00,23.3,84.0,0.0,2.9,92.0
2026-10-01 01:00:00,21.8,87.4,0.0,4.2,88.0
2026-10-01 02:00:00,20.9,92.3,0.0,2.0,104.0
2026-10-01 03:00:00,20.6,85.6,0.0,3.2,65.0
2026-10-01 04:00:00,22.3,82.4,0.0,2.7,177.0
2026-10-01 05:00:00,21.8,91.0,0.0,2.0,96.0
2026-10-01 06:00:00,23.6,81.0,41.6,2.6,120.0
2026-10-01 07:00:00,24.5,85.2,244.1,1.5,101.0
2026-10-01 08:00:00,28.2,76.2,386.9,1.9,97.0
2026-10-01 09:00:00,27.2,77.5,600.9,2.0,135.0
2026-10-01 10:00:00,26.5,68.5,714.1,2.8,70.0
2026-10-01 11:00:00,30.0,69.0,777.4,2.9,122.0
2026-10-01 12:00:00,30.9,64.2,829.5,4.0,102.0
2026-10-01 13:00:00,30.9,65.6,831.0,2.9,90.0
2026-10-01 14:00:00,33.2,59.1,712.6,4.2,77.0
2026-10-01 15:00:00,34.2,63.5,613.6,5.5,90.0
2026-10-01 16:00:00,33.2,61.6,413.6,5.6,86.0
2026-10-01 17:00:00,31.6,62.1,204.3,4.0,39.0
2026-10-01 18:00:00,29.9,69.7,0.0,4.5,90.0
2026-10-01 19:00:00,30.1,71.6,0.0,3.7,121.0
2026-10-01 20:00:00,30.6,69.2,0.0,3.6,151.0
2026-10-01 21:00:00,28.5,73.0,0.0,3.7,162.0
2026-10-01 22:00:00,27.1,77.9,0.0,3.8,124.0
2026-10-01 23:00:00,25.1,86.6,0.0,3.2,71.0
2026-10-02 00:00:00,22.3,88.8,0.0,2.9,115.0
2026-10-02 01:00:00,22.9,88.5,0.0,2.5,136.0
2026-10-02 02:00:00,21.0,90.8,0.0,2.1,139.0
2026-10-02 03:00:00,23.5,96.4,0.0,3.3,95.0
2026-10-02 04:00:00,22.6,87.4,0.0,2.2,199.0
2026-10-02 05:00:00,25.0,88.5,0.0,1.4,163.0
2026-10-02 06:00:00,21.7,88.1,0.0,3.4,96.0
2026-10-02 07:00:00,23.5,83.4,216.5,1.8,164.0
2026-10-02 08:00:00,26.4,75.9,398.7,2.0,123.0
2026-10-02 09:00:00,27.9,70.3,585.9,1.7,144.0
2026-10-02 10:00:00,30.1,69.1,713.6,2.3,97.0
2026-10-02 11:00:00,29.8,67.1,839.5,3.6,105.0
2026-10-02 12:00:00,31.6,63.5,828.8,5.3,68.0
2026-10-02 13:00:00,31.4,63.3,786.1,4.8,169.0
2026-10-02 14:00:00,32.9,61.2,684.3,3.9,161.0
2026-10-02 15:00:00,33.9,55.0,597.2,3.7,114.0
2026-10-02 16:00:00,35.0,59.5,422.1,5.7,144.0
2026-10-02 17:00:00,30.0,58.1,209.3,5.7,103.0
2026-10-02 18:00:00,30.9,61.4,24.7,4.0,159.0
2026-10-02 19:00:00,31.0,66.9,0.0,3.9,109.0
2026-10-02 20:00:00,27.7,76.4,0.0,6.1,117.0
2026-10-02 21:00:00,27.9,79.5,0.0,3.5,97.0
2026-10-02 22:00:00,23.9,82.9,0.0,3.6,106.0
2026-10-02 23:00:00,24.0,80.3,0.0,6.3,151.0
2026-10-03 00:00:00,22.4,88.2,0.0,3.0,91.0
2026-10-03 01:00:00,23.0,84.5,0.0,3.6,100.0
2026-10-03 02:00:00,21.8,87.8,0.0,2.2,169.0
2026-10-03 03:00:00,19.9,84.9,0.0,2.5,62.0
2026-10-03 04:00:00,24.3,89.3,0.0,5.7,67.0
2026-10-03 05:00:00,21.7,90.8,0.0,1.7,117.0
2026-10-03 06:00:00,21.6,83.0,10.4,1.6,85.0
2026-10-03 07:00:00,23.1,82.4,235.3,1.8,143.0
2026-10-03 08:00:00,24.9,76.1,412.3,3.7,29.0
2026-10-03 09:00:00,25.5,73.0,602.5,2.5,139.0
2026-10-03 10:00:00,29.5,72.7,726.6,2.0,139.0
2026-10-03 11:00:00,30.5,71.8,811.0,2.4,130.0
2026-10-03 12:00:00,33.8,57.7,832.5,3.9,93.0
2026-10-03 13:00:00,31.0,57.9,764.3,5.5,89.0
2026-10-03 14:00:00,34.2,63.0,675.5,3.9,78.0
2026-10-03 15:00:00,32.2,60.1,585.7,3.6,75.0
2026-10-03 16:00:00,35.4,61.0,406.7,3.9,151.0
2026-10-03 17:00:00,32.5,60.9,188.8,3.7,122.0
2026-10-03 18:00:00,31.5,63.0,27.5,7.0,91.0
2026-10-03 19:00:00,31.0,61.5,0.0,3.7,153.0
2026-10-03 20:00:00,31.2,70.9,0.0,3.8,118.0
2026-10-03 21:00:00,26.2,75.5,0.0,3.6,154.0
2026-10-03 22:00:00,24.9,76.6,0.0,3.7,97.0
2026-10-03 23:00:00,23.3,82.7,0.0,4.9,157.0
2026-10-04 00:00:00,21.1,86.9,0.0,2.7,101.0
2026-10-04 01:00:00,22.7,84.1,0.0,3.9,129.0
2026-10-04 02:00:00,19.7,91.2,0.0,3.4,129.0
2026-10-04 03:00:00,17.7,92.4,0.0,2.2,97.0
2026-10-04 04:00:00,20.7,89.8,0.0,4.2,108.0
2026-10-04 05:00:00,20.3,91.8,0.0,4.4,156.0
2026-10-04 06:00:00,21.2,93.3,41.7,3.3,115.0
2026-10-04 07:00:00,23.6,87.7,201.5,1.5,137.0
2026-10-04 08:00:00,26.7,79.8,420.3,1.9,143.0
2026-10-04 09:00:00,26.9,70.2,572.1,2.6,124.0
2026-10-04 10:00:00,29.0,68.9,738.9,2.7,122.0
2026-10-04 11:00:00,31.8,65.5,786.7,2.6,70.0
2026-10-04 12:00:00,30.0,67.3,822.1,5.5,129.0
2026-10-04 13:00:00,31.6,61.9,774.9,3.4,132.0
2026-10-04 14:00:00,33.2,60.6,707.0,3.3,135.0
2026-10-04 15:00:00,32.4,59.2,542.1,4.1,124.0
2026-10-04 16:00:00,34.3,60.3,415.7,4.4,106.0
2026-10-04 17:00:00,31.6,57.4,216.2,3.8,108.0
2026-10-04 18:00:00,31.4,62.2,12.8,4.4,127.0
2026-10-04 19:00:00,30.0,66.4,0.0,3.8,140.0
2026-10-04 20:00:00,28.8,69.5,0.0,4.2,166.0
2026-10-04 21:00:00,27.0,72.7,0.0,3.4,89.0
2026-10-04 22:00:00,26.3,79.5,0.0,5.2,110.0
2026-10-04 23:00:00,23.1,82.0,0.0,3.1,84.0
2026-10-05 00:00:00,22.4,83.8,0.0,2.8,134.0
2026-10-05 01:00:00,20.2,86.9,0.0,2.6,87.0
2026-10-05 02:00:00,20.4,90.6,0.0,2.6,82.0
2026-10-05 03:00:00,22.4,92.8,0.0,3.2,114.0
2026-10-05 04:00:00,19.9,84.5,0.0,2.6,121.0
2026-10-05 05:00:00,19.9,93.1,0.0,1.8,158.0
2026-10-05 06:00:00,21.1,79.6,0.0,1.6,122.0
2026-10-05 07:00:00,24.4,80.5,207.8,2.1,169.0
2026-10-05 08:00:00,26.9,79.1,415.1,1.6,122.0
2026-10-05 09:00:00,25.6,71.6,605.3,3.0,166.0
2026-10-05 10:00:00,28.4,73.3,728.2,2.8,179.0
2026-10-05 11:00:00,31.1,69.9,801.9,3.0,182.0
2026-10-05 12:00:00,29.8,67.0,798.7,3.8,132.0
2026-10-05 13:00:00,31.1,58.3,804.0,4.6,90.0
2026-10-05 14:00:00,31.0,61.9,678.9,3.2,121.0
2026-10-05 15:00:00,33.7,60.7,601.1,3.4,117.0
2026-10-05 16:00:00,31.0,57.8,418.0,4.2,36.0
2026-10-05 17:00:00,31.9,60.1,221.0,4.0,194.0
2026-10-05 18:00:00,29.2,64.2,0.0,7.6,109.0
2026-10-05 19:00:00,28.7,69.4,0.0,4.2,109.0
2026-10-05 20:00:00,27.5,77.5,0.0,5.3,140.0
2026-10-05 21:00:00,25.7,71.5,0.0,4.9,134.0
2026-10-05 22:00:00,24.5,74.3,0.0,3.8,154.0
2026-10-05 23:00:00,23.2,81.9,0.0,7.1,175.0
2026-10-06 00:00:00,23.7,91.9,0.0,2.6,78.0
2026-10-06 01:00:00,23.1,92.7,0.0,2.7,112.0
2026-10-06 02:00:00,21.9,90.6,0.0,1.9,123.0
2026-10-06 03:00:00,21.3,92.1,0.0,2.0,68.0
2026-10-06 04:00:00,21.6,92.2,0.0,1.6,50.0
2026-10-06 05:00:00,21.7,83.7,0.0,2.6,152.0
2026-10-06 06:00:00,20.8,83.3,1.0,3.5,107.0
2026-10-06 07:00:00,23.6,83.3,249.2,3.3,115.0
2026-10-06 08:00:00,24.0,82.2,404.8,2.9,89.0
2026-10-06 09:00:00,26.3,76.3,568.8,2.4,99.0
2026-10-06 10:00:00,28.3,79.6,715.4,2.3,75.0
2026-10-06 11:00:00,28.8,66.4,791.6,2.4,158.0
2026-10-06 12:00:00,31.8,65.8,843.4,3.9,110.0
2026-10-06 13:00:00,32.4,64.3,831.3,3.2,164.0
2026-10-06 14:00:00,33.0,57.9,708.9,5.1,66.0
2026-10-06 15:00:00,31.5,63.2,596.2,3.8,162.0
2026-10-06 16:00:00,32.3,57.5,449.6,3.7,111.0
2026-10-06 17:00:00,33.4,58.1,226.1,4.2,145.0
2026-10-06 18:00:00,31.3,63.4,0.0,9.3,133.0
2026-10-06 19:00:00,29.4,66.2,0.0,4.7,196.0
2026-10-06 20:00:00,28.6,71.1,0.0,6.2,111.0
2026-10-06 21:00:00,29.1,74.3,0.0,8.8,122.0
2026-10-06 22:00:00,25.0,76.2,0.0,3.3,127.0
2026-10-06 23:00:00,25.0,87.5,0.0,5.6,108.0
2026-10-07 00:00:00,23.3,81.3,0.0,2.8,107.0
2026-10-07 01:00:00,21.3,89.9,0.0,2.9,119.0
2026-10-07 02:00:00,22.3,86.1,0.0,4.2,133.0
2026-10-07 03:00:00,21.2,93.7,0.0,2.0,153.0
2026-10-07 04:00:00,20.1,91.8,0.0,1.6,170.0
2026-10-07 05:00:00,21.4,87.1,0.0,1.4,131.0
2026-10-07 06:00:00,23.1,82.2,2.5,2.5,132.0
2026-10-07 07:00:00,23.4,86.0,186.3,2.0,142.0
2026-10-07 08:00:00,25.6,80.9,400.0,2.4,88.0
2026-10-07 09:00:00,27.8,74.1,594.1,4.8,108.0
2026-10-07 10:00:00,28.8,69.8,726.2,2.0,153.0
2026-10-07 11:00:00,28.4,66.4,792.2,3.0,137.0
2026-10-07 12:00:00,29.2,66.5,833.5,3.4,112.0
2026-10-07 13:00:00,31.6,56.6,776.1,4.4,124.0
2026-10-07 14:00:00,32.9,59.1,653.4,3.8,79.0
2026-10-07 15:00:00,32.9,61.5,574.8,5.8,124.0
2026-10-07 16:00:00,30.9,58.5,412.0,4.2,98.0
2026-10-07 17:00:00,30.4,64.2,219.0,5.3,100.0
2026-10-07 18:00:00,31.2,66.3,21.6,4.5,102.0
2026-10-07 19:00:00,28.8,61.0,0.0,7.2,94.0
2026-10-07 20:00:00,27.8,65.5,0.0,4.2,125.0
2026-10-07 21:00:00,25.5,68.8,0.0,3.6,122.0
2026-10-07 22:00:00,23.8,83.8,0.0,3.9,118.0
2026-10-07 23:00:00,23.8,85.8,0.0,3.0,86.0
2026-10-08 00:00:00,22.7,84.7,0.0,3.1,65.0
2026-10-08 01:00:00,19.9,88.2,0.0,2.6,72.0
2026-10-08 02:00:00,19.5,88.2,0.0,3.7,98.0
2026-10-08 03:00:00,18.3,84.5,0.0,3.0,115.0
2026-10-08 04:00:00,21.9,89.4,0.0,3.8,124.0
2026-10-08 05:00:00,18.9,87.7,0.0,3.4,128.0
2026-10-08 06:00:00,21.5,86.2,0.0,2.0,117.0
2026-10-08 07:00:00,25.1,80.4,217.3,1.5,127.0
2026-10-08 08:00:00,23.1,80.2,426.2,1.6,128.0
2026-10-08 09:00:00,27.3,71.9,581.1,2.5,119.0
2026-10-08 10:00:00,28.2,70.1,710.0,2.1,151.0
2026-10-08 11:00:00,30.5,71.3,812.5,2.8,79.0
2026-10-08 12:00:00,31.4,59.4,805.9,3.3,160.0
2026-10-08 13:00:00,32.5,58.8,787.7,4.2,86.0
2026-10-08 14:00:00,31.0,57.6,722.0,3.5,96.0
2026-10-08 15:00:00,33.2,58.9,571.6,3.6,170.0
2026-10-08 16:00:00,30.6,61.0,401.8,3.6,99.0
2026-10-08 17:00:00,31.8,61.6,206.9,3.8,154.0
2026-10-08 18:00:00,30.2,65.8,7.2,6.1,127.0
2026-10-08 19:00:00,27.8,64.5,0.0,3.8,114.0
2026-10-08 20:00:00,28.2,69.6,0.0,8.7,113.0
2026-10-08 21:00:00,26.7,73.1,0.0,7.0,141.0
2026-10-08 22:00:00,26.5,74.8,0.0,3.7,166.0
2026-10-08 23:00:00,23.3,83.7,0.0,5.3,151.0
2026-10-09 00:00:00,23.3,86.4,0.0,2.6,109.0
2026-10-09 01:00:00,23.1,86.3,0.0,2.9,130.0
2026-10-09 02:00:00,18.1,92.4,0.0,2.1,135.0
2026-10-09 03:00:00,21.0,86.5,0.0,2.1,91.0
2026-10-09 04:00:00,21.2,90.7,0.0,5.6,111.0
2026-10-09 05:00:00,19.9,85.8,0.0,3.8,97.0
2026-10-09 06:00:00,20.1,81.3,45.4,1.7,114.0
2026-10-09 07:00:00,24.3,80.4,203.8,1.6,127.0
2026-10-09 08:00:00,25.0,79.3,417.4,3.3,69.0
2026-10-09 09:00:00,27.2,73.6,578.6,1.8,122.0
2026-10-09 10:00:00,27.2,69.3,720.1,2.9,119.0
2026-10-09 11:00:00,29.3,65.3,793.3,3.4,145.0
2026-10-09 12:00:00,30.1,62.4,804.2,3.8,97.0
2026-10-09 13:00:00,31.6,64.0,803.7,3.5,89.0
2026-10-09 14:00:00,32.1,62.0,713.3,3.9,76.0
2026-10-09 15:00:00,31.6,60.4,584.9,4.4,127.0
2026-10-09 16:00:00,31.2,57.2,441.5,3.7,136.0
2026-10-09 17:00:00,34.3,59.1,224.5,3.9,144.0
2026-10-09 18:00:00,29.6,65.5,14.9,5.0,164.0
2026-10-09 19:00:00,29.2,71.8,0.0,6.5,124.0
2026-10-09 20:00:00,26.8,74.6,0.0,4.5,87.0
2026-10-09 21:00:00,27.2,78.9,0.0,4.4,127.0
2026-10-09 22:00:00,23.7,81.1,0.0,3.4,163.0
2026-10-09 23:00:00,23.7,82.1,0.0,3.3,156.0
2026-10-10 00:00:00,20.0,83.5,0.0,3.4,117.0
2026-10-10 01:00:00,21.4,88.5,0.0,2.6,125.0
2026-10-10 02:00:00,20.2,91.3,0.0,3.7,130.0
2026-10-10 03:00:00,21.1,88.2,0.0,3.8,168.0
2026-10-10 04:00:00,19.2,92.3,0.0,1.8,136.0
2026-10-10 05:00:00,19.3,85.9,0.0,1.9,218.0
2026-10-10 06:00:00,21.8,87.5,0.0,1.6,111.0
2026-10-10 07:00:00,23.6,85.0,199.8,2.1,167.0
2026-10-10 08:00:00,26.7,77.1,391.8,2.9,124.0
2026-10-10 09:00:00,24.6,75.3,617.3,2.0,55.0
2026-10-10 10:00:00,26.9,71.9,656.6,3.5,129.0
2026-10-10 11:00:00,28.4,72.3,806.7,2.7,137.0
2026-10-10 12:00:00,30.8,62.9,834.3,4.6,166.0
2026-10-10 13:00:00,32.8,61.8,749.9,3.8,134.0
2026-10-10 14:00:00,31.6,53.7,686.3,3.1,119.0
2026-10-10 15:00:00,31.8,58.2,566.1,4.3,102.0
2026-10-10 16:00:00,28.8,51.3,378.7,3.7,54.0
2026-10-10 17:00:00,32.5,66.1,186.2,5.1,126.0
2026-10-10 18:00:00,32.0,59.6,37.5,5.3,77.0
2026-10-10 19:00:00,29.0,59.2,0.0,3.8,156.0
2026-10-10 20:00:00,25.8,72.0,0.0,4.9,125.0
2026-10-10 21:00:00,28.0,73.3,0.0,3.5,156.0
2026-10-10 22:00:00,24.4,81.2,0.0,4.2,129.0
2026-10-10 23:00:00,21.8,87.3,0.0,3.6,150.0
2026-10-11 00:00:00,20.6,86.4,0.0,2.7,123.0
2026-10-11 01:00:00,20.3,86.3,0.0,4.1,126.0
2026-10-11 02:00:00,22.0,89.6,0.0,2.9,69.0
2026-10-11 03:00:00,21.0,90.6,0.0,2.5,109.0
2026-10-11 04:00:00,18.5,88.9,0.0,3.2,85.0
2026-10-11 05:00:00,20.4,85.0,0.0,2.8,140.0
2026-10-11 06:00:00,21.9,79.8,0.0,1.3,118.0
2026-10-11 07:00:00,22.5,79.3,213.6,1.5,114.0
2026-10-11 08:00:00,25.5,79.9,417.6,3.4,156.0
2026-10-11 09:00:00,25.2,75.9,624.6,1.8,145.0
2026-10-11 10:00:00,27.5,70.9,714.3,3.1,149.0
2026-10-11 11:00:00,28.2,64.2,812.9,2.8,115.0
2026-10-11 12:00:00,29.7,63.7,855.4,2.5,125.0
2026-10-11 13:00:00,28.8,61.3,812.2,3.5,140.0
2026-10-11 14:00:00,32.8,59.2,725.1,5.3,147.0
2026-10-11 15:00:00,31.8,61.6,615.0,3.4,129.0
2026-10-11 16:00:00,32.5,58.3,415.8,3.6,125.0
2026-10-11 17:00:00,31.8,62.2,214.1,4.2,148.0
2026-10-11 18:00:00,30.8,61.6,0.0,4.0,117.0
2026-10-11 19:00:00,29.8,66.7,0.0,3.9,146.0
2026-10-11 20:00:00,28.4,69.4,0.0,4.6,131.0
2026-10-11 21:00:00,27.7,69.2,0.0,6.3,151.0
2026-10-11 22:00:00,23.2,82.2,0.0,3.5,141.0
2026-10-11 23:00:00,23.0,83.5,0.0,2.9,109.0
2026-10-12 00:00:00,22.3,81.7,0.0,3.3,59.0
2026-10-12 01:00:00,19.9,86.7,0.0,2.3,89.0
2026-10-12 02:00:00,19.4,84.3,0.0,3.3,137.0
2026-10-12 03:00:00,19.1,87.6,0.0,3.6,110.0
2026-10-12 04:00:00,19.6,90.0,0.0,2.4,100.0
2026-10-12 05:00:00,19.8,87.6,0.0,1.7,143.0
2026-10-12 06:00:00,20.2,80.8,0.0,1.6,122.0
2026-10-12 07:00:00,21.1,84.6,230.0,2.3,124.0
2026-10-12 08:00:00,23.4,78.9,415.4,4.4,88.0
2026-10-12 09:00:00,26.6,74.3,565.9,3.4,176.0
2026-10-12 10:00:00,27.1,67.2,712.5,6.0,87.0
2026-10-12 11:00:00,29.3,66.2,772.6,2.3,131.0
2026-10-12 12:00:00,29.8,67.5,803.0,4.2,116.0
2026-10-12 13:00:00,29.7,56.0,813.8,3.2,136.0
2026-10-12 14:00:00,30.6,63.4,692.1,5.2,121.0
2026-10-12 15:00:00,32.5,57.9,560.8,3.5,51.0
2026-10-12 16:00:00,29.9,61.3,440.1,4.8,98.0
2026-10-12 17:00:00,33.2,60.5,216.8,4.6,136.0
2026-10-12 18:00:00,28.0,65.2,0.0,4.0,108.0
2026-10-12 19:00:00,27.1,70.4,0.0,4.6,157.0
2026-10-12 20:00:00,25.8,66.7,0.0,4.3,118.0
2026-10-12 21:00:00,24.9,76.9,0.0,4.9,124.0
2026-10-12 22:00:00,23.0,75.0,0.0,3.5,133.0
2026-10-12 23:00:00,22.4,83.4,0.0,3.1,230.0
2026-10-13 00:00:00,20.6,85.8,0.0,3.0,137.0
2026-10-13 01:00:00,20.6,89.7,0.0,2.2,105.0
2026-10-13 02:00:00,20.6,88.0,0.0,2.4,155.0
2026-10-13 03:00:00,19.1,88.8,0.0,2.6,108.0
2026-10-13 04:00:00,17.5,87.1,0.0,1.7,96.0
2026-10-13 05:00:00,19.3,84.6,0.0,2.0,134.0
2026-10-13 06:00:00,20.4,86.6,0.0,2.3,129.0
2026-10-13 07:00:00,25.0,80.6,228.1,1.6,99.0
2026-10-13 08:00:00,24.3,74.8,402.6,1.8,168.0
2026-10-13 09:00:00,24.2,77.4,607.9,1.8,120.0
2026-10-13 10:00:00,25.5,73.8,704.0,2.7,127.0
2026-10-13 11:00:00,28.4,72.1,769.5,2.5,145.0
2026-10-13 12:00:00,30.4,63.3,824.3,3.1,108.0
2026-10-13 13:00:00,30.5,66.9,780.0,3.6,195.0
2026-10-13 14:00:00,30.1,62.9,728.4,3.9,140.0
2026-10-13 15:00:00,31.4,56.1,594.3,3.4,119.0
2026-10-13 16:00:00,31.3,61.3,424.8,4.8,133.0
2026-10-13 17:00:00,31.5,64.5,243.7,5.6,160.0
2026-10-13 18:00:00,31.0,67.9,9.7,3.8,95.0
2026-10-13 19:00:00,28.3,62.7,0.0,4.0,111.0
2026-10-13 20:00:00,27.3,71.3,0.0,3.7,134.0
2026-10-13 21:00:00,24.9,74.5,0.0,6.1,142.0
2026-10-13 22:00:00,24.0,79.7,0.0,3.3,97.0
2026-10-13 23:00:00,20.4,83.7,0.0,3.4,128.0
2026-10-14 00:00:00,21.4,81.5,0.0,3.9,96.0
2026-10-14 01:00:00,20.4,87.5,0.0,2.4,175.0
2026-10-14 02:00:00,19.3,90.2,0.0,5.0,116.0
2026-10-14 03:00:00,19.1,90.1,0.0,1.7,184.0
2026-10-14 04:00:00,18.7,91.4,0.0,1.5,116.0
2026-10-14 05:00:00,19.7,90.1,0.0,2.2,96.0
2026-10-14 06:00:00,21.2,85.4,0.0,1.8,173.0
2026-10-14 07:00:00,21.4,83.1,183.2,1.6,146.0
2026-10-14 08:00:00,23.9,79.6,419.5,1.8,154.0
2026-10-14 09:00:00,25.5,78.9,576.3,2.1,81.0
2026-10-14 10:00:00,28.0,68.9,724.9,4.3,93.0
2026-10-14 11:00:00,30.2,63.9,788.4,2.4,145.0
2026-10-14 12:00:00,28.4,67.2,777.2,4.5,102.0
2026-10-14 13:00:00,30.7,58.6,791.4,3.7,94.0
2026-10-14 14:00:00,31.3,55.3,700.8,3.5,152.0
2026-10-14 15:00:00,31.9,55.6,585.3,3.8,113.0
2026-10-14 16:00:00,31.6,58.4,410.6,3.7,159.0
2026-10-14 17:00:00,29.9,60.8,192.6,3.7,156.0
2026-10-14 18:00:00,29.6,62.8,14.7,5.3,167.0
2026-10-14 19:00:00,30.4,67.2,0.0,5.3,118.0
2026-10-14 20:00:00,27.3,75.0,0.0,5.5,155.0
2026-10-14 21:00:00,25.1,73.1,0.0,6.0,181.0
2026-10-14 22:00:00,23.9,78.2,0.0,3.2,93.0
2026-10-14 23:00:00,23.2,82.5,0.0,3.0,119.0
2026-10-15 00:00:00,19.4,85.8,0.0,3.3,120.0
2026-10-15 01:00:00,17.8,88.0,0.0,2.4,106.0
2026-10-15 02:00:00,18.7,86.2,0.0,2.3,158.0
2026-10-15 03:00:00,21.1,87.2,0.0,1.8,148.0
2026-10-15 04:00:00,20.2,88.0,0.0,3.1,136.0
2026-10-15 05:00:00,19.9,88.1,0.0,6.1,92.0
2026-10-15 06:00:00,20.3,86.1,25.9,3.5,161.0
2026-10-15 07:00:00,19.0,81.2,211.7,2.5,108.0
2026-10-15 08:00:00,21.6,81.0,413.8,3.2,110.0
2026-10-15 09:00:00,25.4,74.6,575.9,3.2,101.0
2026-10-15 10:00:00,26.7,73.0,693.7,2.1,109.0
2026-10-15 11:00:00,27.7,71.1,778.1,2.5,72.0
2026-10-15 12:00:00,29.7,62.1,792.8,2.9,141.0
2026-10-15 13:00:00,28.3,60.5,805.1,5.7,203.0
2026-10-15 14:00:00,30.8,60.9,750.8,5.0,157.0
2026-10-15 15:00:00,30.4,56.3,529.2,3.5,128.0
2026-10-15 16:00:00,31.2,60.5,425.7,5.3,132.0
2026-10-15 17:00:00,30.0,62.0,219.2,4.3,103.0
2026-10-15 18:00:00,29.5,61.2,23.5,4.5,114.0
2026-10-15 19:00:00,28.8,65.1,0.0,4.9,107.0
2026-10-15 20:00:00,26.7,68.4,0.0,6.2,86.0
2026-10-15 21:00:00,24.3,73.2,0.0,5.0,123.0
2026-10-15 22:00:00,21.2,76.8,0.0,4.0,126.0
2026-10-15 23:00:00,23.6,80.2,0.0,2.8,107.0
2026-10-16 00:00:00,17.8,82.0,0.0,2.8,143.0
2026-10-16 01:00:00,21.4,90.4,0.0,3.5,93.0
2026-10-16 02:00:00,19.2,85.6,0.0,2.5,109.0
2026-10-16 03:00:00,19.7,90.6,0.0,1.9,145.0
2026-10-16 04:00:00,19.2,89.7,0.0,2.9,76.0
2026-10-16 05:00:00,20.1,88.5,0.0,2.0,107.0
2026-10-16 06:00:00,20.7,89.8,0.0,2.5,145.0
2026-10-16 07:00:00,24.4,78.8,222.9,4.6,110.0
2026-10-16 08:00:00,22.9,75.2,376.2,2.4,124.0
2026-10-16 09:00:00,23.7,73.0,591.3,2.3,145.0
2026-10-16 10:00:00,26.7,70.1,722.6,2.2,134.0
2026-10-16 11:00:00,27.6,69.6,749.7,2.4,131.0
2026-10-16 12:00:00,29.4,60.4,785.5,3.6,163.0
2026-10-16 13:00:00,30.9,63.8,740.8,3.3,145.0
2026-10-16 14:00:00,30.3,60.7,669.6,5.0,77.0
2026-10-16 15:00:00,33.5,59.6,541.1,3.8,138.0
2026-10-16 16:00:00,31.6,60.9,356.7,6.8,133.0
2026-10-16 17:00:00,28.7,62.0,199.3,3.8,82.0
2026-10-16 18:00:00,28.1,61.8,13.1,4.4,85.0
2026-10-16 19:00:00,29.1,68.2,0.0,3.9,171.0
2026-10-16 20:00:00,26.5,71.3,0.0,4.4,112.0
2026-10-16 21:00:00,25.7,72.4,0.0,3.7,84.0
2026-10-16 22:00:00,22.9,77.2,0.0,3.1,143.0
2026-10-16 23:00:00,24.9,81.1,0.0,3.5,167.0
2026-10-17 00:00:00,21.0,83.8,0.0,4.1,139.0
2026-10-17 01:00:00,20.2,82.9,0.0,4.3,147.0
2026-10-17 02:00:00,19.3,89.1,0.0,2.7,115.0
2026-10-17 03:00:00,18.1,90.3,0.0,5.0,116.0
2026-10-17 04:00:00,17.4,88.8,0.0,2.3,105.0
2026-10-17 05:00:00,19.6,83.8,0.0,2.3,128.0
2026-10-17 06:00:00,20.4,85.7,15.1,2.9,73.0
2026-10-17 07:00:00,20.2,79.6,230.8,2.8,157.0
2026-10-17 08:00:00,25.5,74.1,413.1,2.8,181.0
2026-10-17 09:00:00,24.8,70.3,594.6,2.0,134.0
2026-10-17 10:00:00,28.1,69.2,695.7,3.9,92.0
2026-10-17 11:00:00,27.9,63.3,777.2,2.3,102.0
2026-10-17 12:00:00,28.9,65.1,832.0,5.0,134.0
2026-10-17 13:00:00,28.5,60.3,761.3,3.0,161.0
2026-10-17 14:00:00,30.5,58.2,704.2,3.4,117.0
2026-10-17 15:00:00,30.2,59.2,579.9,3.9,78.0
2026-10-17 16:00:00,29.6,58.4,393.9,5.4,111.0
2026-10-17 17:00:00,31.4,64.3,204.2,3.7,119.0
2026-10-17 18:00:00,27.4,63.1,25.8,4.8,58.0
2026-10-17 19:00:00,26.8,64.9,0.0,3.8,150.0
2026-10-17 20:00:00,24.5,70.7,0.0,4.2,128.0
2026-10-17 21:00:00,23.6,75.5,0.0,4.3,103.0
2026-10-17 22:00:00,21.0,76.5,0.0,4.0,136.0
2026-10-17 23:00:00,20.4,78.3,0.0,3.5,168.0
2026-10-18 00:00:00,20.6,87.3,0.0,2.7,122.0
2026-10-18 01:00:00,19.0,85.0,0.0,3.3,117.0
2026-10-18 02:00:00,19.3,94.2,0.0,3.2,96.0
2026-10-18 03:00:00,18.4,90.7,0.0,2.0,126.0
2026-10-18 04:00:00,20.9,92.1,0.0,1.5,127.0
2026-10-18 05:00:00,19.4,88.9,0.0,2.6,144.0
2026-10-18 06:00:00,17.8,80.0,0.0,2.4,132.0
2026-10-18 07:00:00,20.0,77.6,225.9,2.0,109.0
2026-10-18 08:00:00,27.1,76.9,407.2,1.9,88.0
2026-10-18 09:00:00,23.9,70.5,541.3,6.9,159.0
2026-10-18 10:00:00,26.7,68.8,694.7,2.1,103.0
2026-10-18 11:00:00,28.4,63.9,764.1,4.5,110.0
2026-10-18 12:00:00,29.2,63.0,824.5,2.8,114.0
2026-10-18 13:00:00,30.1,55.2,775.7,2.8,164.0
2026-10-18 14:00:00,30.5,65.4,688.4,3.6,89.0
2026-10-18 15:00:00,31.5,59.9,530.0,4.0,159.0
2026-10-18 16:00:00,30.1,53.0,387.7,3.8,145.0
2026-10-18 17:00:00,29.8,61.7,234.8,11.8,165.0
2026-10-18 18:00:00,29.0,61.7,6.6,5.2,45.0
2026-10-18 19:00:00,28.0,63.6,0.0,4.2,157.0
2026-10-18 20:00:00,23.7,69.2,0.0,4.6,82.0
2026-10-18 21:00:00,23.8,73.8,0.0,3.8,148.0
2026-10-18 22:00:00,24.5,80.1,0.0,4.1,85.0
2026-10-18 23:00:00,20.0,83.7,0.0,2.8,118.0
2026-10-19 00:00:00,20.3,87.0,0.0,3.2,170.0
2026-10-19 01:00:00,19.8,87.4,0.0,2.5,99.0
2026-10-19 02:00:00,17.6,87.5,0.0,3.3,121.0
2026-10-19 03:00:00,17.5,88.8,0.0,1.8,109.0
2026-10-19 04:00:00,18.9,91.0,0.0,1.9,93.0
2026-10-19 05:00:00,18.7,86.0,0.0,2.3,110.0
2026-10-19 06:00:00,19.9,90.7,0.0,2.7,119.0
2026-10-19 07:00:00,20.3,76.3,197.8,1.4,178.0
2026-10-19 08:00:00,22.8,73.3,430.6,4.0,127.0
2026-10-19 09:00:00,25.3,73.0,587.9,2.9,149.0
2026-10-19 10:00:00,26.5,69.3,712.0,3.9,119.0
2026-10-19 11:00:00,30.5,68.4,777.9,4.9,166.0
2026-10-19 12:00:00,28.3,68.1,799.6,3.1,111.0
2026-10-19 13:00:00,30.8,63.6,797.0,4.5,107.0
2026-10-19 14:00:00,30.1,55.1,664.1,3.7,125.0
2026-10-19 15:00:00,30.0,59.4,569.6,3.7,112.0
2026-10-19 16:00:00,31.1,61.2,406.6,3.6,151.0
2026-10-19 17:00:00,30.5,63.8,166.0,4.8,139.0
2026-10-19 18:00:00,27.4,59.8,0.0,5.2,140.0
2026-10-19 19:00:00,27.3,69.9,0.0,4.5,78.0
2026-10-19 20:00:00,26.7,71.8,0.0,5.7,147.0
2026-10-19 21:00:00,26.0,69.9,0.0,6.0,150.0
2026-10-19 22:00:00,23.3,76.4,0.0,4.4,148.0
2026-10-19 23:00:00,20.4,77.1,0.0,4.1,111.0
2026-10-20 00:00:00,20.4,81.7,0.0,4.1,142.0
2026-10-20 01:00:00,18.2,92.1,0.0,2.5,175.0
2026-10-20 02:00:00,18.3,87.8,0.0,2.3,169.0
2026-10-20 03:00:00,21.3,85.4,0.0,2.8,131.0
2026-10-20 04:00:00,19.4,89.0,0.0,4.2,98.0
2026-10-20 05:00:00,19.3,83.6,0.0,1.5,129.0
2026-10-20 06:00:00,21.9,87.7,0.0,2.1,129.0
2026-10-20 07:00:00,20.0,81.7,217.6,1.9,167.0
2026-10-20 08:00:00,24.7,78.8,413.5,2.1,84.0
2026-10-20 09:00:00,23.2,77.3,563.5,2.6,183.0
2026-10-20 10:00:00,26.1,69.2,682.0,4.1,166.0
2026-10-20 11:00:00,29.2,65.0,763.6,3.4,142.0
2026-10-20 12:00:00,29.5,61.6,796.6,5.2,83.0
2026-10-20 13:00:00,30.6,62.6,812.9,3.8,132.0
2026-10-20 14:00:00,29.4,56.3,674.4,3.2,150.0
2026-10-20 15:00:00,30.1,56.1,587.2,4.7,133.0
2026-10-20 16:00:00,30.4,61.3,388.6,3.6,163.0
2026-10-20 17:00:00,29.9,60.9,205.6,4.2,148.0
2026-10-20 18:00:00,27.9,66.5,4.1,4.0,125.0
2026-10-20 19:00:00,27.2,69.2,0.0,4.1,143.0
2026-10-20 20:00:00,23.9,69.6,0.0,5.7,104.0
2026-10-20 21:00:00,25.4,73.8,0.0,3.7,95.0
2026-10-20 22:00:00,21.1,75.0,0.0,4.0,99.0
2026-10-20 23:00:00,21.1,80.6,0.0,7.0,126.0
2026-10-21 00:00:00,21.4,87.0,0.0,3.5,114.0
2026-10-21 01:00:00,19.0,87.8,0.0,2.5,122.0
2026-10-21 02:00:00,19.4,85.8,0.0,3.3,141.0
2026-10-21 03:00:00,16.5,87.1,0.0,3.0,124.0
2026-10-21 04:00:00,18.1,85.1,0.0,1.6,115.0
2026-10-21 05:00:00,19.0,84.0,0.0,2.9,143.0
2026-10-21 06:00:00,19.7,86.1,0.0,2.1,161.0
2026-10-21 07:00:00,21.6,79.8,213.0,1.8,102.0
2026-10-21 08:00:00,23.0,74.9,400.4,1.6,119.0
2026-10-21 09:00:00,24.2,78.3,591.1,1.7,133.0
2026-10-21 10:00:00,26.8,66.5,683.9,3.7,162.0
2026-10-21 11:00:00,27.5,69.5,772.2,2.3,88.0
2026-10-21 12:00:00,29.1,59.2,807.9,3.7,73.0
2026-10-21 13:00:00,28.6,62.4,779.9,3.4,119.0
2026-10-21 14:00:00,26.3,54.8,690.5,3.2,175.0
2026-10-21 15:00:00,27.2,55.8,559.4,4.4,83.0
2026-10-21 16:00:00,28.1,55.0,379.3,3.9,123.0
2026-10-21 17:00:00,29.4,60.4,227.2,7.5,130.0
2026-10-21 18:00:00,28.7,65.3,0.0,3.7,133.0
2026-10-21 19:00:00,26.8,66.6,0.0,5.1,145.0
2026-10-21 20:00:00,24.5,73.0,0.0,4.4,88.0
2026-10-21 21:00:00,22.8,76.9,0.0,5.5,113.0
2026-10-21 22:00:00,21.2,76.7,0.0,3.3,170.0
2026-10-21 23:00:00,21.6,83.4,0.0,3.7,118.0
2026-10-22 00:00:00,20.5,90.1,0.0,2.6,161.0
2026-10-22 01:00:00,17.7,79.7,0.0,3.8,104.0
2026-10-22 02:00:00,16.2,85.0,0.0,1.9,167.0
2026-10-22 03:00:00,16.3,91.1,0.0,2.8,149.0
2026-10-22 04:00:00,16.5,84.5,0.0,1.6,123.0
2026-10-22 05:00:00,18.6,82.1,0.0,1.7,170.0
2026-10-22 06:00:00,18.1,84.8,22.9,6.4,91.0
2026-10-22 07:00:00,22.4,81.5,192.1,2.7,111.0
2026-10-22 08:00:00,21.7,74.5,377.4,3.6,150.0
2026-10-22 09:00:00,24.8,71.4,577.4,4.0,80.0
2026-10-22 10:00:00,24.4,68.6,700.2,5.3,126.0
2026-10-22 11:00:00,25.9,68.1,795.4,2.2,159.0
2026-10-22 12:00:00,25.3,67.5,799.8,2.7,123.0
2026-10-22 13:00:00,29.4,62.2,749.5,3.1,103.0
2026-10-22 14:00:00,29.7,64.0,709.4,3.2,120.0
2026-10-22 15:00:00,29.6,55.5,605.3,3.6,82.0
2026-10-22 16:00:00,28.1,52.0,422.4,7.4,119.0
2026-10-22 17:00:00,29.3,59.0,210.7,4.5,96.0
2026-10-22 18:00:00,27.6,60.9,0.0,5.1,103.0
2026-10-22 19:00:00,26.6,66.0,0.0,5.5,115.0
2026-10-22 20:00:00,25.5,74.5,0.0,4.0,140.0
2026-10-22 21:00:00,23.4,73.3,0.0,4.1,127.0
2026-10-22 22:00:00,21.8,69.6,0.0,4.0,129.0
2026-10-22 23:00:00,22.0,78.4,0.0,4.3,88.0
2026-10-23 00:00:00,18.7,94.4,0.0,2.8,168.0
2026-10-23 01:00:00,19.3,87.0,0.0,2.3,118.0
2026-10-23 02:00:00,18.0,84.7,0.0,2.6,117.0
2026-10-23 03:00:00,17.9,89.4,0.0,4.2,115.0
2026-10-23 04:00:00,15.7,91.0,0.0,1.6,105.0
2026-10-23 05:00:00,18.4,83.7,0.0,1.6,124.0
2026-10-23 06:00:00,19.2,87.4,0.0,1.6,152.0
2026-10-23 07:00:00,20.3,84.6,207.1,1.4,113.0
2026-10-23 08:00:00,22.1,78.4,415.0,3.6,146.0
2026-10-23 09:00:00,22.2,74.1,578.3,2.0,139.0
2026-10-23 10:00:00,24.1,64.6,678.4,2.1,155.0
2026-10-23 11:00:00,25.0,71.8,766.1,2.8,105.0
2026-10-23 12:00:00,25.8,64.4,773.8,4.8,166.0
2026-10-23 13:00:00,29.0,55.8,753.7,4.2,127.0
2026-10-23 14:00:00,28.2,57.7,719.3,4.6,101.0
2026-10-23 15:00:00,28.9,65.6,559.8,3.7,108.0
2026-10-23 16:00:00,30.6,56.6,400.4,3.6,121.0
2026-10-23 17:00:00,29.7,64.8,231.3,4.7,107.0
2026-10-23 18:00:00,30.3,60.4,0.0,4.2,94.0
2026-10-23 19:00:00,27.9,70.8,0.0,5.7,108.0
2026-10-23 20:00:00,26.8,67.5,0.0,5.7,131.0
2026-10-23 21:00:00,25.4,77.1,0.0,3.5,115.0
2026-10-23 22:00:00,21.2,74.4,0.0,3.7,116.0
2026-10-23 23:00:00,20.3,74.9,0.0,3.2,185.0
2026-10-24 00:00:00,19.5,83.6,0.0,4.1,93.0
2026-10-24 01:00:00,21.0,85.6,0.0,2.2,166.0
2026-10-24 02:00:00,18.4,88.1,0.0,2.9,108.0
2026-10-24 03:00:00,17.9,86.9,0.0,2.0,152.0
2026-10-24 04:00:00,20.1,83.1,0.0,1.8,133.0
2026-10-24 05:00:00,17.0,85.8,0.0,2.3,101.0
2026-10-24 06:00:00,19.1,82.2,0.0,2.8,164.0
2026-10-24 07:00:00,21.0,78.4,211.9,1.7,142.0
2026-10-24 08:00:00,21.7,77.9,379.8,2.0,120.0
2026-10-24 09:00:00,24.4,70.5,552.4,3.7,124.0
2026-10-24 10:00:00,23.8,66.6,678.6,2.0,95.0
2026-10-24 11:00:00,25.7,64.3,747.4,3.4,120.0
2026-10-24 12:00:00,30.0,63.3,819.5,4.0,167.0
2026-10-24 13:00:00,26.4,58.1,783.0,3.3,86.0
2026-10-24 14:00:00,28.2,56.9,713.4,3.9,117.0
2026-10-24 15:00:00,28.8,61.9,571.1,3.6,155.0
2026-10-24 16:00:00,28.4,58.2,379.1,4.9,163.0
2026-10-24 17:00:00,29.8,63.9,268.7,4.8,114.0
2026-10-24 18:00:00,28.2,65.7,9.0,4.2,123.0
2026-10-24 19:00:00,26.3,66.4,0.0,4.7,97.0
2026-10-24 20:00:00,25.5,67.3,0.0,5.0,155.0
2026-10-24 21:00:00,25.1,68.1,0.0,3.4,127.0
2026-10-24 22:00:00,24.0,77.6,0.0,3.6,123.0
2026-10-24 23:00:00,19.2,78.5,0.0,3.3,113.0
2026-10-25 00:00:00,19.1,82.2,0.0,3.0,109.0
2026-10-25 01:00:00,21.2,81.4,0.0,5.2,142.0
2026-10-25 02:00:00,18.8,89.7,0.0,2.8,146.0
2026-10-25 03:00:00,15.8,87.4,0.0,2.2,175.0
2026-10-25 04:00:00,19.3,82.6,0.0,1.9,160.0
2026-10-25 05:00:00,20.2,88.2,0.0,1.4,99.0
2026-10-25 06:00:00,20.1,81.2,23.8,4.2,116.0
2026-10-25 07:00:00,20.3,79.1,202.3,1.7,92.0
2026-10-25 08:00:00,22.0,78.7,382.0,1.8,90.0
2026-10-25 09:00:00,24.0,75.3,571.3,3.3,114.0
2026-10-25 10:00:00,27.7,67.0,688.0,2.4,75.0
2026-10-25 11:00:00,26.8,59.0,745.9,2.7,98.0
2026-10-25 12:00:00,27.1,58.6,820.6,3.3,149.0
2026-10-25 13:00:00,27.7,57.0,773.1,4.0,124.0
2026-10-25 14:00:00,30.2,59.4,674.1,4.9,153.0
2026-10-25 15:00:00,29.2,58.3,595.4,5.1,117.0
2026-10-25 16:00:00,28.4,63.1,399.8,12.0,135.0
2026-10-25 17:00:00,31.0,62.7,214.8,4.9,92.0
2026-10-25 18:00:00,27.0,57.7,0.0,6.6,108.0
2026-10-25 19:00:00,25.7,65.2,0.0,5.0,96.0
2026-10-25 20:00:00,24.3,69.5,0.0,3.6,139.0
2026-10-25 21:00:00,19.9,70.2,0.0,3.6,117.0
2026-10-25 22:00:00,23.2,79.7,0.0,3.5,145.0
2026-10-25 23:00:00,21.0,75.3,0.0,3.3,135.0
2026-10-26 00:00:00,18.8,84.8,0.0,3.7,100.0
2026-10-26 01:00:00,18.8,85.7,0.0,4.2,129.0
2026-10-26 02:00:00,19.2,87.7,0.0,2.7,122.0
2026-10-26 03:00:00,17.5,90.5,0.0,1.7,114.0
2026-10-26 04:00:00,16.8,86.4,0.0,1.6,115.0
2026-10-26 05:00:00,19.5,82.1,0.0,2.3,124.0
2026-10-26 06:00:00,18.4,85.1,0.0,2.2,97.0
2026-10-26 07:00:00,21.4,79.4,212.3,1.7,115.0
2026-10-26 08:00:00,22.6,77.2,402.7,1.7,116.0
2026-10-26 09:00:00,24.5,72.8,553.5,1.8,157.0
2026-10-26 10:00:00,25.8,67.2,700.8,3.4,119.0
2026-10-26 11:00:00,25.8,65.2,779.2,2.8,169.0
2026-10-26 12:00:00,28.7,62.9,810.7,2.7,74.0
2026-10-26 13:00:00,30.2,62.6,779.6,3.4,108.0
2026-10-26 14:00:00,30.9,61.8,715.5,4.7,92.0
2026-10-26 15:00:00,31.1,55.7,562.2,4.0,128.0
2026-10-26 16:00:00,29.0,54.0,409.3,3.8,172.0
2026-10-26 17:00:00,28.4,59.6,198.9,4.8,114.0
2026-10-26 18:00:00,28.1,67.3,0.0,4.6,133.0
2026-10-26 19:00:00,26.9,62.2,0.0,6.5,100.0
2026-10-26 20:00:00,24.3,73.2,0.0,3.6,124.0
2026-10-26 21:00:00,22.7,74.5,0.0,3.4,127.0
2026-10-26 22:00:00,20.2,75.5,0.0,4.7,181.0
2026-10-26 23:00:00,20.3,80.3,0.0,3.0,122.0
2026-10-27 00:00:00,19.6,89.5,0.0,2.8,154.0
2026-10-27 01:00:00,17.4,86.5,0.0,2.5,92.0
2026-10-27 02:00:00,15.1,82.2,0.0,2.4,164.0
2026-10-27 03:00:00,17.8,90.7,0.0,2.2,143.0
2026-10-27 04:00:00,17.6,85.3,0.0,2.4,153.0
2026-10-27 05:00:00,17.7,91.8,0.0,2.0,86.0
2026-10-27 06:00:00,21.4,81.3,0.0,1.4,72.0
2026-10-27 07:00:00,22.5,84.4,229.7,2.1,133.0
2026-10-27 08:00:00,21.3,74.9,368.9,2.4,140.0
2026-10-27 09:00:00,22.3,76.9,557.4,1.8,114.0
2026-10-27 10:00:00,25.5,69.6,691.2,2.2,143.0
2026-10-27 11:00:00,26.9,68.5,732.4,2.3,116.0
2026-10-27 12:00:00,25.4,62.8,781.7,4.7,114.0
2026-10-27 13:00:00,28.2,54.6,778.3,5.0,106.0
2026-10-27 14:00:00,28.2,55.6,666.4,4.0,123.0
2026-10-27 15:00:00,27.9,58.4,530.4,3.5,115.0
2026-10-27 16:00:00,27.9,62.6,366.1,4.6,129.0
2026-10-27 17:00:00,27.7,62.7,196.3,3.8,129.0
2026-10-27 18:00:00,29.6,59.4,20.8,4.2,136.0
2026-10-27 19:00:00,25.8,69.4,0.0,4.2,124.0
2026-10-27 20:00:00,23.3,63.9,0.0,5.5,143.0
2026-10-27 21:00:00,24.4,69.3,0.0,4.7,89.0
2026-10-27 22:00:00,22.4,77.2,0.0,3.2,194.0
2026-10-27 23:00:00,22.5,81.3,0.0,2.9,155.0
2026-10-28 00:00:00,17.6,79.9,0.0,3.0,155.0
2026-10-28 01:00:00,17.2,85.3,0.0,5.2,136.0
2026-10-28 02:00:00,19.0,90.7,0.0,2.3,154.0
2026-10-28 03:00:00,17.3,86.4,0.0,2.8,120.0
2026-10-28 04:00:00,18.6,87.1,0.0,3.6,147.0
2026-10-28 05:00:00,16.6,89.7,0.0,3.5,174.0
2026-10-28 06:00:00,19.1,81.6,0.0,1.7,132.0
2026-10-28 07:00:00,21.2,72.8,191.3,1.4,138.0
2026-10-28 08:00:00,20.3,80.3,409.2,4.7,121.0
2026-10-28 09:00:00,22.6,77.4,581.9,2.9,161.0
2026-10-28 10:00:00,25.7,69.5,695.5,3.1,65.0
2026-10-28 11:00:00,25.4,63.9,733.0,2.4,156.0
2026-10-28 12:00:00,26.2,62.3,806.2,3.6,59.0
2026-10-28 13:00:00,28.9,60.0,755.3,3.2,171.0
2026-10-28 14:00:00,28.0,56.5,665.3,3.7,146.0
2026-10-28 15:00:00,28.1,59.3,586.1,3.6,145.0
2026-10-28 16:00:00,27.6,53.3,395.0,3.8,124.0
2026-10-28 17:00:00,27.0,59.7,191.6,4.0,100.0
2026-10-28 18:00:00,28.3,59.0,17.3,4.5,105.0
2026-10-28 19:00:00,24.8,61.6,0.0,4.1,143.0
2026-10-28 20:00:00,24.1,67.7,0.0,4.0,105.0
2026-10-28 21:00:00,23.7,71.4,0.0,4.6,210.0
2026-10-28 22:00:00,22.7,75.9,0.0,4.9,130.0
2026-10-28 23:00:00,21.9,78.2,0.0,2.8,106.0
2026-10-29 00:00:00,17.6,81.1,0.0,5.0,122.0
2026-10-29 01:00:00,18.0,92.9,0.0,5.6,147.0
2026-10-29 02:00:00,13.8,92.6,0.0,3.5,142.0
2026-10-29 03:00:00,18.5,86.5,0.0,2.2,97.0
2026-10-29 04:00:00,16.8,88.6,0.0,4.9,152.0
2026-10-29 05:00:00,17.2,82.8,0.0,1.5,130.0
2026-10-29 06:00:00,17.8,76.1,8.3,2.0,106.0
2026-10-29 07:00:00,19.6,70.9,213.2,1.8,118.0
2026-10-29 08:00:00,21.0,74.7,373.9,2.6,70.0
2026-10-29 09:00:00,25.2,70.7,550.8,2.1,124.0
2026-10-29 10:00:00,24.4,72.9,660.3,2.0,90.0
2026-10-29 11:00:00,25.3,61.3,750.8,2.6,132.0
2026-10-29 12:00:00,29.0,61.6,804.3,2.7,150.0
2026-10-29 13:00:00,27.3,60.6,742.2,4.2,103.0
2026-10-29 14:00:00,28.0,57.6,674.8,4.0,123.0
2026-10-29 15:00:00,28.6,58.7,552.7,3.9,127.0
2026-10-29 16:00:00,29.4,62.8,386.9,4.0,88.0
2026-10-29 17:00:00,27.4,57.6,190.2,9.3,157.0
2026-10-29 18:00:00,26.5,63.0,10.8,4.0,130.0
2026-10-29 19:00:00,25.0,62.3,0.0,6.5,191.0
2026-10-29 20:00:00,24.7,69.0,0.0,4.5,133.0
2026-10-29 21:00:00,23.7,74.1,0.0,4.7,118.0
2026-10-29 22:00:00,22.3,79.7,0.0,5.7,144.0
2026-10-29 23:00:00,18.8,81.3,0.0,3.9,134.0
2026-10-30 00:00:00,18.3,81.5,0.0,3.8,145.0
2026-10-30 01:00:00,17.7,87.3,0.0,2.4,131.0
2026-10-30 02:00:00,16.1,88.9,0.0,2.4,154.0
2026-10-30 03:00:00,14.7,88.9,0.0,1.8,132.0
2026-10-30 04:00:00,17.3,82.1,0.0,1.7,102.0
2026-10-30 05:00:00,18.7,87.7,0.0,2.7,115.0
2026-10-30 06:00:00,18.1,80.4,0.0,1.3,193.0
2026-10-30 07:00:00,20.0,73.9,196.2,5.1,172.0
2026-10-30 08:00:00,20.2,67.4,407.8,1.5,157.0
2026-10-30 09:00:00,22.9,71.1,549.3,1.7,113.0
2026-10-30 10:00:00,24.7,70.6,663.7,5.9,147.0
2026-10-30 11:00:00,27.3,61.0,739.9,2.7,78.0
2026-10-30 12:00:00,27.2,66.7,749.7,4.1,126.0
2026-10-30 13:00:00,27.7,62.2,768.8,4.6,96.0
2026-10-30 14:00:00,27.1,60.4,694.0,4.7,162.0
2026-10-30 15:00:00,28.7,59.3,556.5,4.0,136.0
2026-10-30 16:00:00,25.9,58.8,392.3,3.6,87.0
2026-10-30 17:00:00,27.3,59.1,192.5,4.4,147.0
2026-10-30 18:00:00,27.9,63.0,9.4,3.9,136.0
2026-10-30 19:00:00,25.6,71.6,0.0,4.6,143.0
2026-10-30 20:00:00,24.0,69.0,0.0,4.1,145.0
2026-10-30 21:00:00,22.5,72.7,0.0,3.5,134.0
2026-10-30 22:00:00,21.0,81.0,0.0,4.5,116.0
2026-10-30 23:00:00,18.5,78.2,0.0,3.2,82.0
2026-10-31 00:00:00,18.0,86.9,0.0,6.9,139.0
2026-10-31 01:00:00,17.0,83.5,0.0,3.5,156.0
2026-10-31 02:00:00,16.8,87.6,0.0,1.9,153.0
2026-10-31 03:00:00,18.4,89.9,0.0,2.3,111.0
2026-10-31 04:00:00,18.0,86.4,0.0,1.9,146.0
2026-10-31 05:00:00,18.8,89.1,0.0,3.3,102.0
2026-10-31 06:00:00,18.8,84.2,32.8,3.3,98.0
2026-10-31 07:00:00,18.9,79.7,188.0,2.1,79.0
2026-10-31 08:00:00,21.2,73.6,386.6,4.0,137.0
2026-10-31 09:00:00,24.0,74.0,547.4,2.9,106.0
2026-10-31 10:00:00,21.5,68.0,708.6,3.3,102.0
2026-10-31 11:00:00,25.4,65.4,749.6,2.3,121.0
2026-10-31 12:00:00,27.8,60.0,749.3,3.1,109.0
2026-10-31 13:00:00,26.9,56.5,754.2,4.0,120.0
2026-10-31 14:00:00,26.7,53.6,669.3,3.6,161.0
2026-10-31 15:00:00,30.2,56.1,557.1,5.2,156.0
2026-10-31 16:00:00,28.0,53.4,379.8,3.8,150.0
2026-10-31 17:00:00,26.5,61.0,200.6,4.1,163.0
2026-10-31 18:00:00,26.1,60.0,12.6,3.9,141.0
2026-10-31 19:00:00,25.9,64.5,0.0,3.7,60.0
2026-10-31 20:00:00,25.0,65.7,0.0,3.9,95.0
2026-10-31 21:00:00,23.0,74.7,0.0,4.4,127.0
2026-10-31 22:00:00,18.1,71.2,0.0,4.0,126.0
2026-10-31 23:00:00,17.5,82.0,0.0,3.1,128.0
2026-11-01 00:00:00,18.3,84.2,0.0,3.0,159.0
2026-11-01 01:00:00,17.3,85.2,0.0,2.7,124.0
2026-11-01 02:00:00,16.0,85.4,0.0,3.3,149.0
2026-11-01 03:00:00,16.2,88.5,0.0,2.5,127.0
2026-11-01 04:00:00,17.2,85.6,0.0,3.1,130.0
2026-11-01 05:00:00,17.9,83.9,0.0,2.1,91.0
2026-11-01 06:00:00,16.5,83.4,23.0,4.0,126.0
2026-11-01 07:00:00,20.3,76.0,183.5,2.0,66.0
2026-11-01 08:00:00,22.6,73.2,405.3,2.0,119.0
2026-11-01 09:00:00,22.4,75.2,555.8,5.5,128.0
2026-11-01 10:00:00,22.4,73.0,674.9,5.3,137.0
2026-11-01 11:00:00,25.8,66.5,758.6,3.1,126.0
2026-11-01 12:00:00,27.3,60.7,800.3,3.3,146.0
2026-11-01 13:00:00,28.1,56.8,763.8,4.7,182.0
2026-11-01 14:00:00,29.6,55.9,664.8,6.8,183.0
2026-11-01 15:00:00,27.6,63.6,536.8,5.3,175.0
2026-11-01 16:00:00,26.4,56.5,420.0,4.8,116.0
2026-11-01 17:00:00,27.2,57.9,192.4,4.5,144.0
2026-11-01 18:00:00,26.7,58.7,7.4,3.7,150.0
2026-11-01 19:00:00,27.1,67.9,0.0,4.2,186.0
2026-11-01 20:00:00,21.7,68.3,0.0,5.2,175.0
2026-11-01 21:00:00,21.2,73.9,0.0,7.1,94.0
2026-11-01 22:00:00,21.6,73.6,0.0,3.6,117.0
2026-11-01 23:00:00,18.5,80.8,0.0,3.7,163.0
2026-11-02 00:00:00,18.6,84.1,0.0,3.6,102.0
2026-11-02 01:00:00,17.5,83.4,0.0,2.6,139.0
2026-11-02 02:00:00,15.9,84.3,0.0,3.4,125.0
2026-11-02 03:00:00,15.7,91.8,0.0,6.6,66.0
2026-11-02 04:00:00,17.6,91.4,0.0,2.3,158.0
2026-11-02 05:00:00,16.6,82.8,0.0,4.8,142.0
2026-11-02 06:00:00,18.2,79.1,39.3,4.0,81.0
2026-11-02 07:00:00,17.1,79.0,202.0,1.6,160.0
2026-11-02 08:00:00,21.1,76.5,371.0,1.6,115.0
2026-11-02 09:00:00,21.0,75.3,552.5,2.5,125.0
2026-11-02 10:00:00,22.9,64.0,697.7,2.0,119.0
2026-11-02 11:00:00,25.9,61.9,756.0,3.4,90.0
2026-11-02 12:00:00,26.9,55.4,766.6,2.8,145.0
2026-11-02 13:00:00,28.2,58.5,757.5,2.8,120.0
2026-11-02 14:00:00,28.4,52.3,681.9,3.8,82.0
2026-11-02 15:00:00,25.8,59.0,557.0,3.6,149.0
2026-11-02 16:00:00,27.7,57.6,382.4,3.7,120.0
2026-11-02 17:00:00,27.3,58.3,180.2,4.6,145.0
2026-11-02 18:00:00,26.9,58.6,0.0,8.2,88.0
2026-11-02 19:00:00,24.6,66.4,0.0,5.0,106.0
2026-11-02 20:00:00,22.8,76.5,0.0,5.0,113.0
2026-11-02 21:00:00,21.3,75.3,0.0,4.8,162.0
2026-11-02 22:00:00,21.4,77.6,0.0,6.8,106.0
2026-11-02 23:00:00,19.7,80.6,0.0,3.9,121.0
2026-11-03 00:00:00,16.2,83.1,0.0,3.0,141.0
2026-11-03 01:00:00,15.3,80.5,0.0,3.8,154.0
2026-11-03 02:00:00,15.9,81.1,0.0,1.9,128.0
2026-11-03 03:00:00,15.4,85.8,0.0,4.5,122.0
2026-11-03 04:00:00,16.7,88.8,0.0,4.5,164.0
2026-11-03 05:00:00,16.5,83.0,0.0,1.8,107.0
2026-11-03 06:00:00,20.9,78.8,0.0,3.1,132.0
2026-11-03 07:00:00,18.5,79.7,191.9,2.5,113.0
2026-11-03 08:00:00,21.7,71.8,413.3,1.5,128.0
2026-11-03 09:00:00,21.2,65.4,575.0,3.2,112.0
2026-11-03 10:00:00,23.3,65.0,706.0,2.0,65.0
2026-11-03 11:00:00,24.4,64.6,756.3,4.1,132.0
2026-11-03 12:00:00,26.2,64.1,795.1,3.4,140.0
2026-11-03 13:00:00,27.3,61.8,760.4,3.0,128.0
2026-11-03 14:00:00,27.7,60.1,687.0,3.5,89.0
2026-11-03 15:00:00,28.4,57.1,562.1,4.0,90.0
2026-11-03 16:00:00,27.1,56.0,389.6,3.7,135.0
2026-11-03 17:00:00,26.5,56.8,200.8,4.9,137.0
2026-11-03 18:00:00,26.2,60.4,0.0,3.9,97.0
2026-11-03 19:00:00,24.3,65.5,0.0,4.4,105.0
2026-11-03 20:00:00,22.9,73.2,0.0,4.9,123.0
2026-11-03 21:00:00,20.6,71.2,0.0,4.8,115.0
2026-11-03 22:00:00,20.2,79.7,0.0,4.5,131.0
2026-11-03 23:00:00,19.8,78.2,0.0,4.3,118.0
2026-11-04 00:00:00,18.5,77.3,0.0,5.5,119.0
2026-11-04 01:00:00,16.8,85.0,0.0,2.2,151.0
2026-11-04 02:00:00,15.5,89.4,0.0,2.0,192.0
2026-11-04 03:00:00,14.6,87.8,0.0,4.9,132.0
2026-11-04 04:00:00,17.5,81.3,0.0,6.7,95.0
2026-11-04 05:00:00,16.8,87.0,0.0,1.4,91.0
2026-11-04 06:00:00,16.4,82.2,0.0,1.7,97.0
2026-11-04 07:00:00,18.7,80.4,190.5,2.1,140.0
2026-11-04 08:00:00,20.9,73.4,414.3,1.5,128.0
2026-11-04 09:00:00,22.2,72.2,577.7,1.8,85.0
2026-11-04 10:00:00,24.5,74.7,651.2,2.1,184.0
2026-11-04 11:00:00,24.8,66.7,742.2,2.9,119.0
2026-11-04 12:00:00,27.1,63.8,807.2,2.6,128.0
2026-11-04 13:00:00,25.7,60.3,749.2,4.6,148.0
2026-11-04 14:00:00,28.6,55.6,645.3,3.5,142.0
2026-11-04 15:00:00,26.5,53.2,558.6,5.6,139.0
2026-11-04 16:00:00,26.8,50.2,365.7,6.3,68.0
2026-11-04 17:00:00,27.4,61.1,162.4,3.7,158.0
2026-11-04 18:00:00,23.8,59.6,5.4,4.0,145.0
2026-11-04 19:00:00,25.4,64.0,0.0,4.8,129.0
2026-11-04 20:00:00,24.2,74.0,0.0,5.2,104.0
2026-11-04 21:00:00,23.7,75.6,0.0,3.6,151.0
2026-11-04 22:00:00,20.2,74.1,0.0,3.1,155.0
2026-11-04 23:00:00,18.2,80.0,0.0,3.9,98.0
2026-11-05 00:00:00,16.5,82.8,0.0,2.9,125.0
2026-11-05 01:00:00,15.2,84.3,0.0,2.5,155.0
2026-11-05 02:00:00,18.1,87.0,0.0,2.1,113.0
2026-11-05 03:00:00,16.2,83.8,0.0,2.2,106.0
2026-11-05 04:00:00,16.2,78.1,0.0,2.6,78.0
2026-11-05 05:00:00,17.0,80.9,0.0,1.9,152.0
2026-11-05 06:00:00,16.8,74.8,0.0,5.4,145.0
2026-11-05 07:00:00,17.4,83.2,167.3,2.3,148.0
2026-11-05 08:00:00,21.8,73.8,421.2,1.8,121.0
2026-11-05 09:00:00,21.0,71.9,545.5,2.6,137.0
2026-11-05 10:00:00,22.2,66.3,650.7,2.3,103.0
2026-11-05 11:00:00,24.0,64.0,757.8,3.4,126.0
2026-11-05 12:00:00,25.3,66.8,764.6,4.0,118.0
2026-11-05 13:00:00,26.8,51.1,761.0,4.2,107.0
2026-11-05 14:00:00,28.0,57.6,676.3,4.6,127.0
2026-11-05 15:00:00,27.1,58.5,518.0,3.5,95.0
2026-11-05 16:00:00,28.4,61.7,404.7,4.5,101.0
2026-11-05 17:00:00,26.9,59.9,200.5,4.0,128.0
2026-11-05 18:00:00,26.9,57.9,7.5,8.2,156.0
2026-11-05 19:00:00,23.8,63.7,0.0,5.0,122.0
2026-11-05 20:00:00,20.2,67.9,0.0,3.7,134.0
2026-11-05 21:00:00,20.9,71.6,0.0,4.3,148.0
2026-11-05 22:00:00,20.1,72.5,0.0,3.2,62.0
2026-11-05 23:00:00,19.3,80.0,0.0,4.3,62.0
2026-11-06 00:00:00,18.6,88.0,0.0,3.9,107.0
2026-11-06 01:00:00,17.6,81.8,0.0,2.2,129.0
2026-11-06 02:00:00,16.0,80.8,0.0,3.0,132.0
2026-11-06 03:00:00,16.6,93.6,0.0,3.1,94.0
2026-11-06 04:00:00,14.9,84.2,0.0,1.6,179.0
2026-11-06 05:00:00,14.6,81.3,0.0,1.6,166.0
2026-11-06 06:00:00,17.9,84.0,0.0,2.1,87.0
2026-11-06 07:00:00,17.6,76.0,186.3,1.7,178.0
2026-11-06 08:00:00,20.2,71.2,381.6,3.8,146.0
2026-11-06 09:00:00,19.3,70.3,528.4,2.8,96.0
2026-11-06 10:00:00,21.6,64.9,652.4,3.2,92.0
2026-11-06 11:00:00,25.7,65.3,752.9,2.3,134.0
2026-11-06 12:00:00,25.9,63.1,800.6,2.7,153.0
2026-11-06 13:00:00,26.0,52.9,762.4,2.8,81.0
2026-11-06 14:00:00,29.8,58.9,674.3,3.4,70.0
2026-11-06 15:00:00,27.2,56.8,518.3,3.6,178.0
2026-11-06 16:00:00,25.8,55.8,426.7,3.7,136.0
2026-11-06 17:00:00,26.5,58.4,196.4,4.0,72.0
2026-11-06 18:00:00,24.9,58.6,3.7,3.9,170.0
2026-11-06 19:00:00,22.2,59.8,0.0,4.5,160.0
2026-11-06 20:00:00,22.0,62.7,0.0,4.2,91.0
2026-11-06 21:00:00,21.8,67.7,0.0,3.9,118.0
2026-11-06 22:00:00,18.1,74.1,0.0,3.1,144.0
2026-11-06 23:00:00,19.4,77.7,0.0,3.2,143.0
2026-11-07 00:00:00,18.0,82.3,0.0,2.8,88.0
2026-11-07 01:00:00,16.6,80.8,0.0,2.9,195.0
2026-11-07 02:00:00,14.2,86.8,0.0,3.3,154.0
2026-11-07 03:00:00,16.4,82.9,0.0,2.4,145.0
2026-11-07 04:00:00,15.7,83.9,0.0,4.5,129.0
2026-11-07 05:00:00,16.1,88.1,0.0,1.7,94.0
2026-11-07 06:00:00,16.6,81.2,0.0,1.5,116.0
2026-11-07 07:00:00,18.5,78.0,191.9,2.1,72.0
2026-11-07 08:00:00,21.6,74.6,411.1,2.6,138.0
2026-11-07 09:00:00,20.4,67.9,551.5,2.1,125.0
2026-11-07 10:00:00,23.3,65.5,692.7,2.8,137.0
2026-11-07 11:00:00,24.7,59.9,758.4,2.5,99.0
2026-11-07 12:00:00,23.6,60.8,759.7,3.2,91.0
2026-11-07 13:00:00,25.7,62.4,733.6,4.5,150.0
2026-11-07 14:00:00,27.5,56.7,682.5,3.1,122.0
2026-11-07 15:00:00,30.4,54.9,538.4,5.4,100.0
2026-11-07 16:00:00,26.7,56.8,418.1,3.9,71.0
2026-11-07 17:00:00,28.3,56.7,175.2,5.1,131.0
2026-11-07 18:00:00,23.7,61.7,7.4,3.9,143.0
2026-11-07 19:00:00,22.1,64.2,0.0,4.0,76.0
2026-11-07 20:00:00,22.0,68.7,0.0,4.2,131.0
2026-11-07 21:00:00,21.9,73.7,0.0,3.7,160.0
2026-11-07 22:00:00,21.3,72.4,0.0,3.6,89.0
2026-11-07 23:00:00,19.1,74.5,0.0,3.9,139.0
2026-11-08 00:00:00,15.4,74.4,0.0,3.5,138.0
2026-11-08 01:00:00,16.1,83.4,0.0,3.3,99.0
2026-11-08 02:00:00,15.1,85.4,0.0,2.6,111.0
2026-11-08 03:00:00,15.3,83.1,0.0,4.4,79.0
2026-11-08 04:00:00,15.9,83.4,0.0,2.8,187.0
2026-11-08 05:00:00,16.6,79.9,0.0,4.9,150.0
2026-11-08 06:00:00,18.0,80.3,9.5,2.7,162.0
2026-11-08 07:00:00,17.2,73.2,212.5,2.3,108.0
2026-11-08 08:00:00,17.5,75.3,361.8,1.8,218.0
2026-11-08 09:00:00,20.8,69.8,542.3,3.6,148.0
2026-11-08 10:00:00,23.0,65.1,662.4,3.7,142.0
2026-11-08 11:00:00,24.1,64.3,730.4,4.3,149.0
2026-11-08 12:00:00,25.3,60.6,790.5,4.3,145.0
2026-11-08 13:00:00,26.8,63.6,705.8,3.5,123.0
2026-11-08 14:00:00,26.5,54.0,619.5,5.2,126.0
2026-11-08 15:00:00,27.3,54.2,554.2,3.7,168.0
2026-11-08 16:00:00,25.2,53.2,412.8,3.6,114.0
2026-11-08 17:00:00,27.6,57.1,182.6,4.8,149.0
2026-11-08 18:00:00,25.7,57.4,0.0,5.4,103.0
2026-11-08 19:00:00,25.3,64.8,0.0,4.1,206.0
2026-11-08 20:00:00,22.4,66.3,0.0,3.7,165.0
2026-11-08 21:00:00,19.7,65.1,0.0,3.8,112.0
2026-11-08 22:00:00,18.6,74.4,0.0,4.5,128.0
2026-11-08 23:00:00,18.0,83.3,0.0,4.6,137.0
2026-11-09 00:00:00,16.2,87.6,0.0,2.5,162.0
2026-11-09 01:00:00,14.8,88.0,0.0,3.0,86.0
2026-11-09 02:00:00,17.1,90.9,0.0,3.1,173.0
2026-11-09 03:00:00,16.9,89.6,0.0,1.7,119.0
2026-11-09 04:00:00,13.2,84.3,0.0,2.1,182.0
2026-11-09 05:00:00,16.6,82.7,0.0,2.9,92.0
2026-11-09 06:00:00,17.7,78.3,0.0,1.7,155.0
2026-11-09 07:00:00,19.8,78.9,169.6,1.5,147.0
2026-11-09 08:00:00,18.8,67.7,352.0,1.9,137.0
2026-11-09 09:00:00,21.5,70.6,535.4,1.7,110.0
2026-11-09 10:00:00,21.2,69.4,661.2,2.4,122.0
2026-11-09 11:00:00,23.7,59.7,733.8,4.9,85.0
2026-11-09 12:00:00,25.8,64.1,773.0,3.5,139.0
2026-11-09 13:00:00,25.0,60.3,764.8,4.7,91.0
2026-11-09 14:00:00,23.6,53.8,673.3,3.5,183.0
2026-11-09 15:00:00,28.6,57.0,530.3,3.7,119.0
2026-11-09 16:00:00,29.2,56.3,401.0,4.1,40.0
2026-11-09 17:00:00,25.2,57.4,185.6,5.1,77.0
2026-11-09 18:00:00,25.9,55.5,46.7,4.6,138.0
2026-11-09 19:00:00,23.2,66.2,0.0,5.2,196.0
2026-11-09 20:00:00,22.1,64.1,0.0,4.5,158.0
2026-11-09 21:00:00,22.4,70.3,0.0,3.6,171.0
2026-11-09 22:00:00,20.5,70.1,0.0,4.1,136.0
2026-11-09 23:00:00,20.1,71.0,0.0,4.1,197.0
2026-11-10 00:00:00,16.7,80.1,0.0,3.1,145.0
2026-11-10 01:00:00,14.9,81.1,0.0,2.8,143.0
2026-11-10 02:00:00,12.9,80.1,0.0,3.4,158.0
2026-11-10 03:00:00,15.0,83.4,0.0,2.0,137.0
2026-11-10 04:00:00,14.0,81.0,0.0,2.0,111.0
2026-11-10 05:00:00,16.3,82.1,0.0,2.7,121.0
2026-11-10 06:00:00,15.9,81.6,0.0,1.4,127.0
2026-11-10 07:00:00,18.9,70.3,201.0,1.4,172.0
2026-11-10 08:00:00,19.6,77.6,383.4,2.8,140.0
2026-11-10 09:00:00,22.9,70.4,518.7,4.8,140.0
2026-11-10 10:00:00,21.1,65.5,666.3,2.0,162.0
2026-11-10 11:00:00,24.6,67.4,728.9,2.3,120.0
2026-11-10 12:00:00,24.2,57.4,717.9,2.7,101.0
2026-11-10 13:00:00,27.4,61.9,760.0,3.1,119.0
2026-11-10 14:00:00,27.3,57.8,684.3,4.2,119.0
2026-11-10 15:00:00,27.7,57.6,503.0,3.9,109.0
2026-11-10 16:00:00,27.4,53.3,403.8,3.7,110.0
2026-11-10 17:00:00,25.4,55.4,232.7,7.6,64.0
2026-11-10 18:00:00,21.7,58.9,30.8,3.9,121.0
2026-11-10 19:00:00,25.4,62.4,0.0,3.7,84.0
2026-11-10 20:00:00,20.8,65.0,0.0,4.9,144.0
2026-11-10 21:00:00,20.2,68.5,0.0,4.7,124.0
2026-11-10 22:00:00,19.8,73.7,0.0,4.5,195.0
2026-11-10 23:00:00,19.9,75.0,0.0,2.9,143.0
2026-11-11 00:00:00,18.1,84.2,0.0,2.5,162.0
2026-11-11 01:00:00,16.5,81.5,0.0,3.0,113.0
2026-11-11 02:00:00,15.9,85.5,0.0,4.3,194.0
2026-11-11 03:00:00,16.2,83.5,0.0,2.0,157.0
2026-11-11 04:00:00,14.9,79.6,0.0,1.6,124.0
2026-11-11 05:00:00,13.5,81.1,0.0,3.8,140.0
2026-11-11 06:00:00,18.0,80.0,15.4,1.4,139.0
2026-11-11 07:00:00,18.9,72.6,184.4,4.3,158.0
2026-11-11 08:00:00,18.8,68.2,383.5,2.0,121.0
2026-11-11 09:00:00,20.6,68.5,537.3,2.8,81.0
2026-11-11 10:00:00,22.5,66.8,675.3,3.8,147.0
2026-11-11 11:00:00,23.5,68.7,726.2,2.4,103.0
2026-11-11 12:00:00,27.4,56.1,762.2,2.7,101.0
2026-11-11 13:00:00,25.4,50.6,734.9,3.8,132.0
2026-11-11 14:00:00,26.8,54.3,672.3,3.3,149.0
2026-11-11 15:00:00,27.2,52.0,551.4,3.4,160.0
2026-11-11 16:00:00,26.6,56.1,404.9,3.7,144.0
2026-11-11 17:00:00,26.5,59.7,198.0,5.9,128.0
2026-11-11 18:00:00,24.8,56.3,0.0,4.8,175.0
2026-11-11 19:00:00,25.8,62.5,0.0,5.6,126.0
2026-11-11 20:00:00,22.1,64.3,0.0,3.6,109.0
2026-11-11 21:00:00,22.4,70.7,0.0,4.7,111.0
2026-11-11 22:00:00,17.3,80.0,0.0,4.0,114.0
2026-11-11 23:00:00,17.3,73.1,0.0,4.0,126.0
2026-11-12 00:00:00,14.7,83.0,0.0,7.5,139.0
2026-11-12 01:00:00,17.8,90.0,0.0,2.5,129.0
2026-11-12 02:00:00,15.4,84.1,0.0,2.8,145.0
2026-11-12 03:00:00,12.8,86.8,0.0,1.8,155.0
2026-11-12 04:00:00,13.9,83.2,0.0,4.0,122.0
2026-11-12 05:00:00,16.6,83.3,0.0,2.0,136.0
2026-11-12 06:00:00,18.0,82.5,30.7,2.0,106.0
2026-11-12 07:00:00,18.0,74.3,200.5,1.4,194.0
2026-11-12 08:00:00,19.3,71.9,369.1,2.2,145.0
2026-11-12 09:00:00,19.0,72.4,539.8,2.0,150.0
2026-11-12 10:00:00,20.4,62.3,664.9,3.9,113.0
2026-11-12 11:00:00,23.1,61.2,757.9,2.7,84.0
2026-11-12 12:00:00,25.2,57.7,787.9,3.2,128.0
2026-11-12 13:00:00,24.0,56.5,735.7,4.2,155.0
2026-11-12 14:00:00,25.7,50.5,682.5,3.4,150.0
2026-11-12 15:00:00,26.7,60.1,546.6,5.2,104.0
2026-11-12 16:00:00,28.2,57.1,368.0,3.7,149.0
2026-11-12 17:00:00,28.2,51.2,182.5,4.2,137.0
2026-11-12 18:00:00,22.8,55.8,0.0,4.6,164.0
2026-11-12 19:00:00,24.4,63.8,0.0,4.9,89.0
2026-11-12 20:00:00,21.4,68.0,0.0,4.9,129.0
2026-11-12 21:00:00,22.6,68.1,0.0,4.0,146.0
2026-11-12 22:00:00,18.6,69.1,0.0,3.5,139.0
2026-11-12 23:00:00,17.5,74.1,0.0,2.9,72.0
2026-11-13 00:00:00,15.1,82.5,0.0,2.7,98.0
2026-11-13 01:00:00,15.1,75.6,0.0,3.3,135.0
2026-11-13 02:00:00,18.6,86.4,0.0,4.4,122.0
2026-11-13 03:00:00,13.4,84.7,0.0,2.4,116.0
2026-11-13 04:00:00,13.6,83.4,0.0,1.6,157.0
2026-11-13 05:00:00,15.9,85.1,0.0,2.9,163.0
2026-11-13 06:00:00,15.4,79.9,0.0,1.7,114.0
2026-11-13 07:00:00,17.2,77.3,194.9,1.7,161.0
2026-11-13 08:00:00,21.7,75.5,380.1,2.8,110.0
2026-11-13 09:00:00,22.4,65.4,556.4,3.2,121.0
2026-11-13 10:00:00,24.8,70.9,705.7,4.3,119.0
2026-11-13 11:00:00,22.6,59.0,739.6,2.4,173.0
2026-11-13 12:00:00,24.3,57.1,796.2,4.0,149.0
2026-11-13 13:00:00,25.1,50.8,722.0,3.0,86.0
2026-11-13 14:00:00,25.2,52.9,657.2,3.6,138.0
2026-11-13 15:00:00,23.5,53.1,526.4,4.7,115.0
2026-11-13 16:00:00,26.6,53.5,383.9,3.9,101.0
2026-11-13 17:00:00,27.5,54.7,182.9,4.2,81.0
2026-11-13 18:00:00,24.5,58.4,0.0,4.3,123.0
2026-11-13 19:00:00,23.2,57.9,0.0,4.2,108.0
2026-11-13 20:00:00,21.6,63.3,0.0,6.5,153.0
2026-11-13 21:00:00,19.1,74.4,0.0,3.9,149.0
2026-11-13 22:00:00,19.3,74.6,0.0,5.5,153.0
2026-11-13 23:00:00,16.3,78.1,0.0,2.9,158.0
2026-11-14 00:00:00,15.6,77.7,0.0,3.3,139.0
2026-11-14 01:00:00,16.5,87.3,0.0,5.6,130.0
2026-11-14 02:00:00,15.7,84.9,0.0,3.8,108.0
2026-11-14 03:00:00,14.5,89.5,0.0,1.7,152.0
2026-11-14 04:00:00,13.7,80.7,0.0,2.0,140.0
2026-11-14 05:00:00,16.3,85.4,0.0,1.6,143.0
2026-11-14 06:00:00,13.1,78.9,6.3,2.2,57.0
2026-11-14 07:00:00,14.5,80.6,214.1,2.0,121.0
2026-11-14 08:00:00,18.5,70.7,387.7,4.8,125.0
2026-11-14 09:00:00,21.2,71.8,519.5,1.7,135.0
2026-11-14 10:00:00,23.1,66.0,618.5,4.3,104.0
2026-11-14 11:00:00,23.2,60.1,727.8,2.7,111.0
2026-11-14 12:00:00,24.9,58.8,780.6,2.7,126.0
2026-11-14 13:00:00,26.0,55.4,739.1,3.6,145.0
2026-11-14 14:00:00,24.8,55.9,678.0,3.4,150.0
2026-11-14 15:00:00,26.0,53.8,503.0,7.1,118.0
2026-11-14 16:00:00,26.3,53.1,390.3,7.3,114.0
2026-11-14 17:00:00,25.4,53.7,194.8,4.8,121.0
2026-11-14 18:00:00,25.6,64.5,0.0,4.9,145.0
2026-11-14 19:00:00,23.4,56.2,0.0,3.8,101.0
2026-11-14 20:00:00,22.9,68.2,0.0,5.9,154.0
2026-11-14 21:00:00,18.9,73.1,0.0,4.3,166.0
2026-11-14 22:00:00,18.2,71.3,0.0,3.6,123.0
2026-11-14 23:00:00,16.6,75.3,0.0,6.0,104.0
2026-11-15 00:00:00,15.5,82.9,0.0,3.0,148.0
2026-11-15 01:00:00,14.3,83.3,0.0,3.3,109.0
2026-11-15 02:00:00,15.2,84.4,0.0,2.3,155.0
2026-11-15 03:00:00,13.7,86.7,0.0,3.8,99.0
2026-11-15 04:00:00,13.8,82.4,0.0,3.0,150.0
2026-11-15 05:00:00,15.0,85.0,0.0,2.5,134.0
2026-11-15 06:00:00,13.7,79.5,0.0,4.3,131.0
2026-11-15 07:00:00,16.5,79.4,163.1,1.8,159.0
2026-11-15 08:00:00,18.6,73.3,361.2,5.3,199.0
2026-11-15 09:00:00,20.9,67.0,540.4,1.7,124.0
2026-11-15 10:00:00,20.5,61.0,676.6,2.2,177.0
2026-11-15 11:00:00,24.8,58.4,701.9,3.3,134.0
2026-11-15 12:00:00,24.5,54.6,756.4,2.6,115.0
2026-11-15 13:00:00,24.1,56.6,734.6,3.2,114.0
2026-11-15 14:00:00,24.8,54.8,684.0,5.4,164.0
2026-11-15 15:00:00,26.0,55.7,551.3,3.6,184.0
2026-11-15 16:00:00,24.4,59.1,396.8,4.1,139.0
2026-11-15 17:00:00,27.0,56.5,202.0,4.2,126.0
2026-11-15 18:00:00,22.6,59.1,2.1,4.5,106.0
2026-11-15 19:00:00,23.2,64.1,0.0,7.5,115.0
2026-11-15 20:00:00,21.4,66.2,0.0,4.2,172.0
2026-11-15 21:00:00,18.6,70.9,0.0,4.4,136.0
2026-11-15 22:00:00,19.3,73.6,0.0,4.1,161.0
2026-11-15 23:00:00,16.2,75.2,0.0,3.6,96.0
2026-11-16 00:00:00,13.8,77.9,0.0,3.6,163.0
2026-11-16 01:00:00,14.9,81.2,0.0,2.7,113.0
2026-11-16 02:00:00,13.5,80.1,0.0,6.9,160.0
2026-11-16 03:00:00,14.0,83.1,0.0,2.5,175.0
2026-11-16 04:00:00,12.4,80.8,0.0,2.2,102.0
2026-11-16 05:00:00,11.7,80.5,0.0,1.4,112.0
2026-11-16 06:00:00,17.5,77.1,5.0,2.3,176.0
2026-11-16 07:00:00,15.5,73.5,202.2,1.5,121.0
2026-11-16 08:00:00,18.4,75.7,382.5,1.6,140.0
2026-11-16 09:00:00,20.5,70.0,562.2,3.5,161.0
2026-11-16 10:00:00,22.7,64.0,694.2,2.0,212.0
2026-11-16 11:00:00,24.3,66.9,706.0,3.2,143.0
2026-11-16 12:00:00,25.1,61.2,731.0,2.8,103.0
2026-11-16 13:00:00,26.6,52.9,784.9,3.1,144.0
2026-11-16 14:00:00,23.9,56.8,663.3,3.2,159.0
2026-11-16 15:00:00,26.2,58.8,536.1,5.5,161.0
2026-11-16 16:00:00,26.9,51.4,381.8,5.6,200.0
2026-11-16 17:00:00,25.0,60.0,216.6,4.8,138.0
2026-11-16 18:00:00,24.7,62.9,0.0,4.4,142.0
2026-11-16 19:00:00,23.1,59.5,0.0,3.7,124.0
2026-11-16 20:00:00,22.4,63.3,0.0,4.8,128.0
2026-11-16 21:00:00,19.5,69.8,0.0,3.9,111.0
2026-11-16 22:00:00,19.7,74.1,0.0,3.9,139.0
2026-11-16 23:00:00,17.6,74.0,0.0,4.7,98.0
2026-11-17 00:00:00,17.8,82.4,0.0,2.6,127.0
2026-11-17 01:00:00,14.5,78.7,0.0,2.5,99.0
2026-11-17 02:00:00,11.9,81.2,0.0,3.5,104.0
2026-11-17 03:00:00,12.4,77.6,0.0,3.1,119.0
2026-11-17 04:00:00,12.8,81.8,0.0,2.1,197.0
2026-11-17 05:00:00,14.3,86.7,0.0,1.9,155.0
2026-11-17 06:00:00,15.9,76.7,25.1,1.7,132.0
2026-11-17 07:00:00,15.3,74.4,208.4,1.9,128.0
2026-11-17 08:00:00,17.7,70.0,400.7,1.8,154.0
2026-11-17 09:00:00,20.9,68.0,529.3,2.9,111.0
2026-11-17 10:00:00,22.1,64.0,696.3,2.7,100.0
2026-11-17 11:00:00,22.2,61.8,765.9,2.9,101.0
2026-11-17 12:00:00,25.0,56.7,740.0,2.5,159.0
2026-11-17 13:00:00,23.6,56.2,748.5,4.5,144.0
2026-11-17 14:00:00,24.2,50.5,695.3,3.4,184.0
2026-11-17 15:00:00,25.4,52.8,565.7,3.8,150.0
2026-11-17 16:00:00,25.3,53.3,357.9,3.7,129.0
2026-11-17 17:00:00,23.3,52.4,175.2,5.8,171.0
2026-11-17 18:00:00,21.9,57.8,9.3,3.9,122.0
2026-11-17 19:00:00,23.8,55.8,0.0,3.8,178.0
2026-11-17 20:00:00,21.5,63.3,0.0,3.7,160.0
2026-11-17 21:00:00,20.3,69.7,0.0,4.1,148.0
2026-11-17 22:00:00,16.5,65.7,0.0,3.3,144.0
2026-11-17 23:00:00,15.9,76.6,0.0,4.3,168.0
2026-11-18 00:00:00,16.7,82.2,0.0,3.3,119.0
2026-11-18 01:00:00,14.2,77.3,0.0,4.1,88.0
2026-11-18 02:00:00,13.2,85.2,0.0,2.1,176.0
2026-11-18 03:00:00,14.0,86.3,0.0,1.9,152.0
2026-11-18 04:00:00,14.2,86.2,0.0,1.7,92.0
2026-11-18 05:00:00,14.5,79.1,0.0,1.6,104.0
2026-11-18 06:00:00,15.5,74.7,3.5,2.5,131.0
2026-11-18 07:00:00,17.0,72.6,193.2,2.7,135.0
2026-11-18 08:00:00,18.3,68.9,371.0,3.2,142.0
2026-11-18 09:00:00,23.1,74.2,535.6,2.0,202.0
2026-11-18 10:00:00,20.0,62.6,672.1,2.8,189.0
2026-11-18 11:00:00,24.8,64.2,747.1,2.4,145.0
2026-11-18 12:00:00,24.7,54.4,790.6,3.0,144.0
2026-11-18 13:00:00,25.7,54.2,755.1,3.3,183.0
2026-11-18 14:00:00,25.4,55.8,632.6,3.9,198.0
2026-11-18 15:00:00,25.7,56.0,524.6,3.6,106.0
2026-11-18 16:00:00,26.2,53.1,351.9,3.7,157.0
2026-11-18 17:00:00,25.1,57.5,169.8,5.2,119.0
2026-11-18 18:00:00,23.8,56.2,0.0,3.9,170.0
2026-11-18 19:00:00,22.2,62.5,0.0,4.4,167.0
2026-11-18 20:00:00,20.2,68.8,0.0,4.7,107.0
2026-11-18 21:00:00,20.8,71.0,0.0,3.5,135.0
2026-11-18 22:00:00,20.9,71.1,0.0,3.2,109.0
2026-11-18 23:00:00,15.3,76.3,0.0,4.2,128.0
2026-11-19 00:00:00,15.6,79.7,0.0,2.5,151.0
2026-11-19 01:00:00,13.1,89.2,0.0,2.6,140.0
2026-11-19 02:00:00,13.2,83.7,0.0,2.0,86.0
2026-11-19 03:00:00,13.6,85.5,0.0,1.9,122.0
2026-11-19 04:00:00,15.9,81.7,0.0,2.0,143.0
2026-11-19 05:00:00,14.2,82.1,0.0,1.4,108.0
2026-11-19 06:00:00,13.3,82.9,14.4,2.0,160.0
2026-11-19 07:00:00,16.1,73.9,172.9,2.1,163.0
2026-11-19 08:00:00,18.4,77.6,375.3,1.5,130.0
2026-11-19 09:00:00,18.0,65.8,517.0,4.2,115.0
2026-11-19 10:00:00,23.3,63.2,701.5,2.2,130.0
2026-11-19 11:00:00,20.6,66.5,727.8,2.7,157.0
2026-11-19 12:00:00,21.9,58.0,758.9,4.9,112.0
2026-11-19 13:00:00,24.0,53.4,765.8,3.7,171.0
2026-11-19 14:00:00,25.7,50.8,640.8,3.6,173.0
2026-11-19 15:00:00,25.9,50.1,498.8,4.3,137.0
2026-11-19 16:00:00,27.3,50.8,382.3,4.6,188.0
2026-11-19 17:00:00,24.6,54.4,193.7,3.8,122.0
2026-11-19 18:00:00,24.5,54.2,0.0,5.2,49.0
2026-11-19 19:00:00,22.6,60.7,0.0,4.3,128.0
2026-11-19 20:00:00,20.2,65.6,0.0,4.7,115.0
2026-11-19 21:00:00,20.1,66.2,0.0,3.9,121.0
2026-11-19 22:00:00,18.1,68.9,0.0,4.1,230.0
2026-11-19 23:00:00,17.1,71.8,0.0,3.0,120.0
2026-11-20 00:00:00,15.4,81.7,0.0,5.1,139.0
2026-11-20 01:00:00,16.0,79.0,0.0,2.7,119.0
2026-11-20 02:00:00,12.3,80.7,0.0,2.0,183.0
2026-11-20 03:00:00,12.7,84.2,0.0,2.4,145.0
2026-11-20 04:00:00,16.9,82.9,0.0,3.5,151.0
2026-11-20 05:00:00,14.5,83.5,0.0,1.8,141.0
2026-11-20 06:00:00,14.2,81.4,19.2,1.7,154.0
2026-11-20 07:00:00,17.6,73.0,213.3,2.2,67.0
2026-11-20 08:00:00,15.7,70.5,370.9,1.9,131.0
2026-11-20 09:00:00,21.1,72.1,537.3,1.9,119.0
2026-11-20 10:00:00,20.8,63.0,664.1,2.2,165.0
2026-11-20 11:00:00,22.1,55.3,752.8,3.2,108.0
2026-11-20 12:00:00,21.9,55.6,761.0,4.3,142.0
2026-11-20 13:00:00,24.9,54.5,727.9,3.2,121.0
2026-11-20 14:00:00,27.3,49.8,655.3,7.1,99.0
2026-11-20 15:00:00,25.4,52.0,536.5,4.1,139.0
2026-11-20 16:00:00,25.7,55.0,318.7,4.6,160.0
2026-11-20 17:00:00,26.5,50.4,197.6,4.2,140.0
2026-11-20 18:00:00,23.7,55.4,0.0,5.3,189.0
2026-11-20 19:00:00,22.8,58.0,0.0,4.6,83.0
2026-11-20 20:00:00,21.0,62.0,0.0,6.2,182.0
2026-11-20 21:00:00,18.5,66.4,0.0,3.8,106.0
2026-11-20 22:00:00,17.0,71.3,0.0,4.2,154.0
2026-11-20 23:00:00,17.4,78.6,0.0,4.6,105.0
2026-11-21 00:00:00,14.6,79.5,0.0,3.8,135.0
2026-11-21 01:00:00,14.7,79.3,0.0,2.5,174.0
2026-11-21 02:00:00,13.2,80.8,0.0,2.1,106.0
2026-11-21 03:00:00,14.0,83.4,0.0,1.8,126.0
2026-11-21 04:00:00,13.8,82.6,0.0,1.6,169.0
2026-11-21 05:00:00,14.2,78.8,0.0,4.4,107.0
2026-11-21 06:00:00,16.3,77.2,27.5,2.1,114.0
2026-11-21 07:00:00,16.9,75.3,190.3,5.6,158.0
2026-11-21 08:00:00,17.4,72.4,357.9,2.1,112.0
2026-11-21 09:00:00,17.4,66.8,500.5,4.7,164.0
2026-11-21 10:00:00,20.1,65.0,635.2,3.7,164.0
2026-11-21 11:00:00,22.4,61.5,708.7,2.3,181.0
2026-11-21 12:00:00,23.5,56.0,755.1,2.7,118.0
2026-11-21 13:00:00,24.6,51.5,719.6,2.8,153.0
2026-11-21 14:00:00,24.5,54.4,692.5,6.7,144.0
2026-11-21 15:00:00,26.0,47.3,543.4,7.0,155.0
2026-11-21 16:00:00,25.6,58.9,355.5,4.1,129.0
2026-11-21 17:00:00,24.1,58.5,181.0,4.0,133.0
2026-11-21 18:00:00,23.2,57.6,15.9,6.9,119.0
2026-11-21 19:00:00,20.5,56.6,0.0,5.1,150.0
2026-11-21 20:00:00,21.8,62.9,0.0,4.4,113.0
2026-11-21 21:00:00,18.7,66.0,0.0,4.1,72.0
2026-11-21 22:00:00,20.6,73.7,0.0,4.1,147.0
2026-11-21 23:00:00,14.1,74.5,0.0,3.6,146.0
2026-11-22 00:00:00,14.4,71.2,0.0,3.4,104.0
2026-11-22 01:00:00,13.5,84.9,0.0,5.1,144.0
2026-11-22 02:00:00,12.7,80.2,0.0,3.2,186.0
2026-11-22 03:00:00,13.9,82.0,0.0,2.7,175.0
2026-11-22 04:00:00,14.6,78.5,0.0,5.2,190.0
2026-11-22 05:00:00,13.7,77.4,0.0,1.6,116.0
2026-11-22 06:00:00,16.1,76.6,2.2,1.5,170.0
2026-11-22 07:00:00,13.8,78.2,175.5,2.7,118.0
2026-11-22 08:00:00,17.5,65.1,346.1,2.5,176.0
2026-11-22 09:00:00,20.8,72.0,531.1,1.7,144.0
2026-11-22 10:00:00,20.1,59.0,672.7,2.0,131.0
2026-11-22 11:00:00,21.4,60.2,747.2,3.1,104.0
2026-11-22 12:00:00,23.6,56.2,748.2,2.9,119.0
2026-11-22 13:00:00,25.0,54.0,770.0,4.0,137.0
2026-11-22 14:00:00,25.3,54.9,695.5,3.2,153.0
2026-11-22 15:00:00,24.7,48.6,538.3,3.7,148.0
2026-11-22 16:00:00,26.4,56.3,428.1,4.2,202.0
2026-11-22 17:00:00,25.4,54.8,207.9,4.2,89.0
2026-11-22 18:00:00,23.6,54.2,0.0,4.4,122.0
2026-11-22 19:00:00,22.8,61.4,0.0,4.2,159.0
2026-11-22 20:00:00,21.7,57.8,0.0,4.7,157.0
2026-11-22 21:00:00,19.4,69.0,0.0,3.5,154.0
2026-11-22 22:00:00,17.4,71.5,0.0,3.3,164.0
2026-11-22 23:00:00,15.7,75.4,0.0,4.2,164.0
2026-11-23 00:00:00,17.9,75.8,0.0,3.7,131.0
2026-11-23 01:00:00,13.0,79.7,0.0,3.4,128.0
2026-11-23 02:00:00,16.1,82.6,0.0,2.8,104.0
2026-11-23 03:00:00,11.7,80.9,0.0,2.3,138.0
2026-11-23 04:00:00,12.2,84.7,0.0,3.5,131.0
2026-11-23 05:00:00,12.8,74.7,0.0,1.4,114.0
2026-11-23 06:00:00,15.2,74.7,39.5,1.5,95.0
2026-11-23 07:00:00,18.3,70.0,203.3,3.4,181.0
2026-11-23 08:00:00,18.7,68.4,387.9,1.7,159.0
2026-11-23 09:00:00,17.9,65.2,536.2,3.1,143.0
2026-11-23 10:00:00,20.5,57.8,667.7,3.0,113.0
2026-11-23 11:00:00,21.5,55.2,720.2,2.4,224.0
2026-11-23 12:00:00,21.4,55.6,727.0,2.8,193.0
2026-11-23 13:00:00,23.9,58.0,763.5,3.2,95.0
2026-11-23 14:00:00,25.1,51.1,687.2,3.5,128.0
2026-11-23 15:00:00,26.3,54.1,531.0,3.9,180.0
2026-11-23 16:00:00,24.1,45.8,365.8,4.3,173.0
2026-11-23 17:00:00,24.0,54.8,164.3,4.2,138.0
2026-11-23 18:00:00,23.8,57.8,8.5,4.3,204.0
2026-11-23 19:00:00,21.7,62.5,0.0,3.7,134.0
2026-11-23 20:00:00,19.8,62.0,0.0,4.3,165.0
2026-11-23 21:00:00,18.7,70.2,0.0,4.3,168.0
2026-11-23 22:00:00,16.6,74.0,0.0,3.6,182.0
2026-11-23 23:00:00,16.3,72.3,0.0,2.9,109.0
2026-11-24 00:00:00,16.1,83.9,0.0,2.8,124.0
2026-11-24 01:00:00,13.8,78.1,0.0,2.4,81.0
2026-11-24 02:00:00,13.8,83.5,0.0,2.0,159.0
2026-11-24 03:00:00,13.0,86.5,0.0,3.9,98.0
2026-11-24 04:00:00,11.8,82.0,0.0,2.1,157.0
2026-11-24 05:00:00,12.3,78.5,0.0,2.3,147.0
2026-11-24 06:00:00,13.5,79.8,3.0,1.6,135.0
2026-11-24 07:00:00,15.0,73.7,214.6,1.4,165.0
2026-11-24 08:00:00,17.4,73.2,360.4,2.2,136.0
2026-11-24 09:00:00,20.0,70.0,535.6,4.2,117.0
2026-11-24 10:00:00,20.6,60.7,679.6,3.5,170.0
2026-11-24 11:00:00,22.3,57.2,717.4,2.4,185.0
2026-11-24 12:00:00,24.1,56.2,783.2,2.6,171.0
2026-11-24 13:00:00,23.8,48.4,745.0,3.7,130.0
2026-11-24 14:00:00,24.8,46.2,658.8,4.6,106.0
2026-11-24 15:00:00,27.0,54.8,511.5,3.8,101.0
2026-11-24 16:00:00,22.7,51.1,372.6,4.7,110.0
2026-11-24 17:00:00,25.5,51.9,177.8,4.0,168.0
2026-11-24 18:00:00,23.6,50.5,0.0,4.6,213.0
2026-11-24 19:00:00,21.9,60.0,0.0,7.4,82.0
2026-11-24 20:00:00,20.8,63.7,0.0,5.1,122.0
2026-11-24 21:00:00,20.0,67.0,0.0,4.3,171.0
2026-11-24 22:00:00,20.7,69.6,0.0,4.4,162.0
2026-11-24 23:00:00,15.3,72.2,0.0,3.2,125.0
2026-11-25 00:00:00,14.7,75.9,0.0,3.5,171.0
2026-11-25 01:00:00,14.1,78.8,0.0,2.3,176.0
2026-11-25 02:00:00,13.2,82.8,0.0,2.7,109.0
2026-11-25 03:00:00,12.5,82.6,0.0,3.0,111.0
2026-11-25 04:00:00,14.2,82.8,0.0,2.2,135.0
2026-11-25 05:00:00,12.4,81.6,0.0,1.5,148.0
2026-11-25 06:00:00,14.9,69.7,0.0,2.0,137.0
2026-11-25 07:00:00,15.4,72.9,193.6,1.7,127.0
2026-11-25 08:00:00,17.7,68.5,368.0,1.5,185.0
2026-11-25 09:00:00,20.5,65.0,541.6,4.8,142.0
2026-11-25 10:00:00,19.6,63.9,694.9,3.3,128.0
2026-11-25 11:00:00,22.6,62.8,750.5,3.2,131.0
2026-11-25 12:00:00,26.2,54.3,777.2,2.7,129.0
2026-11-25 13:00:00,24.7,53.4,761.1,5.0,108.0
2026-11-25 14:00:00,24.3,53.6,625.2,4.0,101.0
2026-11-25 15:00:00,25.2,50.8,526.3,4.2,158.0
2026-11-25 16:00:00,24.5,52.8,400.9,4.0,198.0
2026-11-25 17:00:00,25.0,57.8,212.1,5.3,124.0
2026-11-25 18:00:00,23.5,55.9,10.2,3.8,153.0
2026-11-25 19:00:00,23.5,60.0,0.0,3.9,157.0
2026-11-25 20:00:00,19.5,63.2,0.0,3.9,134.0
2026-11-25 21:00:00,18.6,61.7,0.0,3.9,138.0
2026-11-25 22:00:00,17.8,67.6,0.0,9.3,70.0
2026-11-25 23:00:00,16.9,75.3,0.0,3.2,139.0
2026-11-26 00:00:00,15.6,75.9,0.0,2.7,166.0
2026-11-26 01:00:00,13.6,83.4,0.0,2.6,164.0
2026-11-26 02:00:00,11.8,79.0,0.0,3.0,203.0
2026-11-26 03:00:00,13.0,86.4,0.0,3.0,181.0
2026-11-26 04:00:00,14.6,83.2,0.0,2.0,179.0
2026-11-26 05:00:00,14.0,78.4,0.0,1.8,93.0
2026-11-26 06:00:00,14.1,71.8,0.0,1.4,105.0
2026-11-26 07:00:00,16.1,73.0,213.4,1.8,184.0
2026-11-26 08:00:00,16.1,67.3,332.4,2.0,200.0
2026-11-26 09:00:00,21.2,64.5,535.7,1.7,90.0
2026-11-26 10:00:00,20.8,55.8,595.1,4.3,123.0
2026-11-26 11:00:00,20.4,57.8,772.3,4.9,131.0
2026-11-26 12:00:00,24.5,53.1,722.8,3.2,175.0
2026-11-26 13:00:00,25.3,50.7,774.8,4.2,153.0
2026-11-26 14:00:00,24.0,51.5,642.5,5.3,66.0
2026-11-26 15:00:00,23.8,44.7,541.4,3.7,144.0
2026-11-26 16:00:00,23.4,52.9,395.3,5.9,172.0
2026-11-26 17:00:00,25.1,49.1,153.7,4.2,162.0
2026-11-26 18:00:00,22.9,53.6,3.0,5.1,131.0
2026-11-26 19:00:00,23.2,62.8,0.0,3.7,86.0
2026-11-26 20:00:00,18.8,66.9,0.0,4.0,150.0
2026-11-26 21:00:00,17.3,62.7,0.0,3.5,205.0
2026-11-26 22:00:00,13.4,66.7,0.0,5.5,144.0
2026-11-26 23:00:00,17.0,74.5,0.0,3.3,179.0
2026-11-27 00:00:00,16.2,77.7,0.0,3.3,155.0
2026-11-27 01:00:00,10.3,74.3,0.0,2.5,119.0
2026-11-27 02:00:00,12.7,85.0,0.0,2.0,190.0
2026-11-27 03:00:00,12.4,85.7,0.0,4.2,149.0
2026-11-27 04:00:00,11.6,82.7,0.0,2.6,174.0
2026-11-27 05:00:00,13.0,75.8,0.0,2.8,131.0
2026-11-27 06:00:00,14.6,73.6,3.7,1.8,150.0
2026-11-27 07:00:00,16.7,73.0,197.2,1.9,206.0
2026-11-27 08:00:00,18.4,75.2,357.4,1.6,146.0
2026-11-27 09:00:00,19.1,61.2,517.6,4.3,125.0
2026-11-27 10:00:00,20.1,61.4,629.0,2.0,145.0
2026-11-27 11:00:00,21.6,57.8,741.5,3.8,199.0
2026-11-27 12:00:00,25.0,58.3,762.4,4.3,118.0
2026-11-27 13:00:00,23.6,52.5,770.8,6.0,99.0
2026-11-27 14:00:00,26.2,46.9,648.3,3.4,146.0
2026-11-27 15:00:00,24.7,52.4,545.0,3.4,165.0
2026-11-27 16:00:00,23.8,46.8,409.4,3.6,149.0
2026-11-27 17:00:00,24.9,52.9,197.1,4.8,104.0
2026-11-27 18:00:00,22.8,52.4,0.0,5.6,122.0
2026-11-27 19:00:00,21.8,61.1,0.0,4.5,88.0
2026-11-27 20:00:00,18.9,62.4,0.0,3.7,135.0
2026-11-27 21:00:00,18.3,66.9,0.0,3.9,115.0
2026-11-27 22:00:00,16.0,66.7,0.0,3.2,147.0
2026-11-27 23:00:00,14.8,73.5,0.0,3.8,117.0
2026-11-28 00:00:00,10.4,80.4,0.0,2.7,178.0
2026-11-28 01:00:00,13.1,80.2,0.0,2.8,68.0
2026-11-28 02:00:00,11.5,76.9,0.0,2.6,179.0
2026-11-28 03:00:00,13.3,77.2,0.0,1.9,148.0
2026-11-28 04:00:00,12.1,74.9,0.0,1.7,106.0
2026-11-28 05:00:00,12.4,77.7,0.0,2.6,191.0
2026-11-28 06:00:00,13.5,77.0,23.2,1.6,141.0
2026-11-28 07:00:00,14.3,70.0,163.2,2.0,154.0
2026-11-28 08:00:00,16.9,65.1,417.4,2.2,200.0
2026-11-28 09:00:00,19.7,70.8,551.7,2.0,166.0
2026-11-28 10:00:00,21.4,58.5,654.3,2.6,125.0
2026-11-28 11:00:00,19.2,62.5,702.8,4.1,199.0
2026-11-28 12:00:00,23.7,54.4,770.9,2.7,214.0
2026-11-28 13:00:00,21.9,55.0,691.7,2.9,123.0
2026-11-28 14:00:00,24.1,48.3,653.7,4.6,120.0
2026-11-28 15:00:00,26.5,51.2,539.7,4.1,154.0
2026-11-28 16:00:00,24.2,49.4,399.0,5.8,129.0
2026-11-28 17:00:00,22.7,54.0,170.4,3.7,214.0
2026-11-28 18:00:00,23.4,56.0,2.9,5.7,159.0
2026-11-28 19:00:00,21.2,56.3,0.0,3.7,112.0
2026-11-28 20:00:00,20.5,64.8,0.0,4.1,136.0
2026-11-28 21:00:00,15.9,66.5,0.0,3.4,99.0
2026-11-28 22:00:00,15.3,71.3,0.0,4.6,113.0
2026-11-28 23:00:00,16.8,73.7,0.0,4.8,207.0
2026-11-29 00:00:00,17.4,76.9,0.0,4.8,132.0
2026-11-29 01:00:00,13.0,75.2,0.0,2.4,127.0
2026-11-29 02:00:00,13.5,74.0,0.0,2.3,184.0
2026-11-29 03:00:00,13.9,79.1,0.0,2.0,191.0
2026-11-29 04:00:00,11.9,81.3,0.0,3.0,143.0
2026-11-29 05:00:00,11.2,80.3,0.0,1.7,187.0
2026-11-29 06:00:00,14.1,80.1,0.7,2.7,143.0
2026-11-29 07:00:00,14.2,70.9,212.3,5.0,148.0
2026-11-29 08:00:00,16.6,63.1,395.4,1.9,157.0
2026-11-29 09:00:00,18.9,63.2,506.0,2.7,104.0
2026-11-29 10:00:00,19.7,68.7,639.0,2.4,149.0
2026-11-29 11:00:00,23.4,64.9,774.5,2.7,119.0
2026-11-29 12:00:00,21.6,53.8,736.8,2.5,159.0
2026-11-29 13:00:00,23.7,55.2,741.7,3.9,161.0
2026-11-29 14:00:00,23.8,48.9,665.7,3.2,125.0
2026-11-29 15:00:00,24.4,45.4,575.8,3.6,131.0
2026-11-29 16:00:00,25.7,46.8,378.9,3.6,153.0
2026-11-29 17:00:00,24.8,51.9,207.4,4.3,138.0
2026-11-29 18:00:00,23.1,52.0,5.5,6.1,144.0
2026-11-29 19:00:00,20.4,52.7,0.0,3.8,185.0
2026-11-29 20:00:00,18.4,57.9,0.0,3.8,180.0
2026-11-29 21:00:00,19.2,64.2,0.0,3.8,143.0
2026-11-29 22:00:00,15.7,66.1,0.0,4.2,130.0
2026-11-29 23:00:00,16.4,68.1,0.0,3.7,145.0
2026-11-30 00:00:00,15.2,77.0,0.0,3.1,162.0
2026-11-30 01:00:00,12.7,75.5,0.0,3.3,133.0
2026-11-30 02:00:00,12.2,84.2,0.0,3.3,142.0
2026-11-30 03:00:00,12.2,76.3,0.0,4.2,86.0
2026-11-30 04:00:00,12.8,81.2,0.0,2.1,143.0
2026-11-30 05:00:00,15.5,76.2,0.0,2.5,98.0
2026-11-30 06:00:00,14.6,72.2,0.0,4.2,175.0
2026-11-30 07:00:00,13.6,77.4,188.9,1.6,159.0
2026-11-30 08:00:00,16.7,70.9,403.4,1.9,116.0
2026-11-30 09:00:00,16.6,63.2,538.4,2.1,133.0
2026-11-30 10:00:00,20.3,61.8,654.3,2.2,136.0
2026-11-30 11:00:00,22.6,56.6,715.6,2.8,149.0
2026-11-30 12:00:00,21.3,55.8,749.8,4.1,189.0
2026-11-30 13:00:00,26.0,43.4,736.7,5.2,137.0
2026-11-30 14:00:00,23.2,49.1,655.3,3.8,133.0
2026-11-30 15:00:00,23.4,46.6,550.9,4.4,205.0
2026-11-30 16:00:00,24.5,48.9,351.3,4.0,122.0
2026-11-30 17:00:00,24.8,53.0,194.7,3.7,120.0
2026-11-30 18:00:00,21.2,51.6,31.5,7.3,160.0
2026-11-30 19:00:00,20.7,57.6,0.0,3.8,120.0
2026-11-30 20:00:00,19.2,58.7,0.0,4.8,125.0
2026-11-30 21:00:00,19.9,61.8,0.0,4.0,167.0
2026-11-30 22:00:00,18.6,66.3,0.0,4.6,189.0
2026-11-30 23:00:00,16.5,69.6,0.0,3.8,155.0
2026-12-01 00:00:00,15.8,73.9,0.0,3.1,151.0
2026-12-01 01:00:00,14.5,77.8,0.0,3.3,119.0
2026-12-01 02:00:00,13.7,80.6,0.0,2.7,166.0
2026-12-01 03:00:00,10.8,80.0,0.0,2.3,125.0
2026-12-01 04:00:00,12.7,83.6,0.0,1.9,142.0
2026-12-01 05:00:00,12.3,74.0,0.0,2.4,123.0
2026-12-01 06:00:00,15.8,78.5,45.7,1.8,172.0
2026-12-01 07:00:00,13.2,72.9,167.6,4.9,126.0
2026-12-01 08:00:00,16.5,68.9,406.4,2.3,150.0
2026-12-01 09:00:00,15.8,63.1,520.5,1.7,153.0
2026-12-01 10:00:00,18.5,58.6,648.8,2.3,156.0
2026-12-01 11:00:00,23.9,52.3,715.1,3.0,114.0
2026-12-01 12:00:00,22.0,50.7,776.0,2.7,189.0
2026-12-01 13:00:00,24.6,55.2,731.4,3.6,155.0
2026-12-01 14:00:00,24.7,54.3,638.6,6.1,160.0
2026-12-01 15:00:00,23.1,47.8,535.5,3.5,97.0
2026-12-01 16:00:00,25.0,44.0,365.1,4.0,162.0
2026-12-01 17:00:00,21.6,47.4,199.1,4.1,186.0
2026-12-01 18:00:00,25.0,58.5,0.0,4.4,162.0
2026-12-01 19:00:00,17.8,59.3,0.0,4.2,109.0
2026-12-01 20:00:00,19.9,56.9,0.0,5.7,170.0
2026-12-01 21:00:00,18.0,65.4,0.0,3.6,109.0
2026-12-01 22:00:00,18.0,62.9,0.0,3.7,181.0
2026-12-01 23:00:00,15.1,68.0,0.0,5.7,170.0
2026-12-02 00:00:00,15.5,70.7,0.0,3.1,197.0
2026-12-02 01:00:00,12.0,73.5,0.0,4.5,146.0
2026-12-02 02:00:00,11.6,82.3,0.0,2.5,157.0
2026-12-02 03:00:00,12.2,76.9,0.0,2.2,156.0
2026-12-02 04:00:00,11.2,79.4,0.0,2.2,159.0
2026-12-02 05:00:00,12.8,75.1,0.0,5.6,163.0
2026-12-02 06:00:00,14.1,73.9,18.9,1.6,170.0
2026-12-02 07:00:00,15.6,67.0,214.7,3.3,166.0
2026-12-02 08:00:00,14.3,70.9,358.3,1.7,226.0
2026-12-02 09:00:00,19.7,60.4,523.5,2.1,167.0
2026-12-02 10:00:00,20.4,61.3,658.5,2.7,120.0
2026-12-02 11:00:00,20.5,59.1,738.5,2.2,162.0
2026-12-02 12:00:00,22.1,56.7,764.8,2.9,154.0
2026-12-02 13:00:00,22.2,56.4,705.5,4.8,135.0
2026-12-02 14:00:00,25.8,47.9,648.0,3.5,208.0
2026-12-02 15:00:00,23.4,46.3,558.9,3.6,158.0
2026-12-02 16:00:00,24.4,48.7,399.3,5.0,146.0
2026-12-02 17:00:00,23.0,52.0,194.2,3.8,114.0
2026-12-02 18:00:00,19.9,53.1,0.0,3.8,150.0
2026-12-02 19:00:00,22.2,55.9,0.0,5.1,186.0
2026-12-02 20:00:00,17.9,59.7,0.0,3.9,108.0
2026-12-02 21:00:00,16.7,61.9,0.0,3.5,154.0
2026-12-02 22:00:00,16.6,67.7,0.0,4.2,161.0
2026-12-02 23:00:00,15.1,74.6,0.0,3.5,143.0
2026-12-03 00:00:00,14.4,67.0,0.0,3.1,105.0
2026-12-03 01:00:00,15.9,75.5,0.0,2.6,197.0
2026-12-03 02:00:00,13.4,73.5,0.0,2.4,79.0
2026-12-03 03:00:00,12.3,86.2,0.0,2.3,153.0
2026-12-03 04:00:00,12.7,77.5,0.0,3.0,174.0
2026-12-03 05:00:00,11.3,74.5,0.0,2.7,140.0
2026-12-03 06:00:00,15.9,71.7,0.0,1.8,151.0
2026-12-03 07:00:00,16.2,71.5,207.0,2.3,144.0
2026-12-03 08:00:00,16.4,61.7,387.9,1.7,227.0
2026-12-03 09:00:00,16.8,62.8,538.1,1.9,162.0
2026-12-03 10:00:00,18.3,64.7,663.5,3.7,111.0
2026-12-03 11:00:00,21.4,60.2,749.0,2.3,169.0
2026-12-03 12:00:00,23.0,56.4,732.4,3.0,167.0
2026-12-03 13:00:00,22.4,47.1,710.3,3.2,170.0
2026-12-03 14:00:00,20.9,53.7,696.8,3.2,157.0
2026-12-03 15:00:00,24.0,48.8,539.1,3.5,147.0
2026-12-03 16:00:00,22.9,49.8,354.7,5.5,166.0
2026-12-03 17:00:00,23.8,45.3,211.2,4.3,143.0
2026-12-03 18:00:00,23.2,52.9,20.4,3.8,140.0
2026-12-03 19:00:00,20.2,60.5,0.0,4.3,118.0
2026-12-03 20:00:00,21.0,56.1,0.0,3.6,144.0
2026-12-03 21:00:00,18.1,62.3,0.0,3.8,142.0
2026-12-03 22:00:00,15.2,65.2,0.0,9.4,180.0
2026-12-03 23:00:00,16.0,73.9,0.0,3.3,162.0
2026-12-04 00:00:00,14.2,74.6,0.0,2.5,175.0
2026-12-04 01:00:00,12.6,77.6,0.0,4.8,170.0
2026-12-04 02:00:00,13.6,78.1,0.0,3.4,213.0
2026-12-04 03:00:00,13.2,77.8,0.0,2.0,177.0
2026-12-04 04:00:00,12.0,76.0,0.0,2.3,114.0
2026-12-04 05:00:00,14.9,76.1,0.0,1.7,131.0
2026-12-04 06:00:00,14.7,72.5,7.6,1.7,148.0
2026-12-04 07:00:00,15.9,72.5,197.2,2.0,132.0
2026-12-04 08:00:00,14.8,65.5,369.9,1.9,114.0
2026-12-04 09:00:00,18.6,62.8,530.4,4.9,125.0
2026-12-04 10:00:00,19.6,52.7,660.4,2.3,229.0
2026-12-04 11:00:00,19.2,55.0,750.8,2.2,125.0
2026-12-04 12:00:00,23.8,53.0,771.7,2.6,154.0
2026-12-04 13:00:00,25.1,45.1,739.5,3.1,148.0
2026-12-04 14:00:00,23.4,42.7,645.3,3.7,162.0
2026-12-04 15:00:00,23.8,48.6,535.2,3.9,132.0
2026-12-04 16:00:00,25.0,52.6,356.2,4.6,174.0
2026-12-04 17:00:00,21.3,49.3,171.8,5.5,188.0
2026-12-04 18:00:00,22.6,50.8,0.0,4.1,218.0
2026-12-04 19:00:00,20.5,55.4,0.0,3.8,221.0
2026-12-04 20:00:00,17.6,57.0,0.0,4.9,171.0
2026-12-04 21:00:00,17.7,58.1,0.0,4.0,184.0
2026-12-04 22:00:00,16.4,66.0,0.0,4.6,228.0
2026-12-04 23:00:00,13.8,78.6,0.0,3.4,144.0
2026-12-05 00:00:00,14.4,75.6,0.0,5.4,131.0
2026-12-05 01:00:00,13.9,79.0,0.0,3.0,158.0
2026-12-05 02:00:00,11.7,74.3,0.0,4.2,107.0
2026-12-05 03:00:00,10.0,78.0,0.0,2.1,235.0
2026-12-05 04:00:00,11.9,74.6,0.0,2.7,119.0
2026-12-05 05:00:00,13.4,74.7,0.0,1.6,159.0
2026-12-05 06:00:00,14.5,70.2,39.6,1.3,149.0
2026-12-05 07:00:00,14.7,70.6,211.0,1.4,119.0
2026-12-05 08:00:00,15.5,65.5,353.7,2.5,202.0
2026-12-05 09:00:00,17.1,60.9,548.7,2.3,161.0
2026-12-05 10:00:00,20.4,55.5,648.7,1.9,171.0
2026-12-05 11:00:00,19.2,52.4,716.4,3.5,189.0
2026-12-05 12:00:00,22.2,45.6,762.9,3.2,183.0
2026-12-05 13:00:00,22.3,47.0,756.5,2.9,125.0
2026-12-05 14:00:00,23.2,52.8,667.5,3.5,156.0
2026-12-05 15:00:00,25.8,46.8,494.4,3.5,181.0
2026-12-05 16:00:00,23.7,50.4,374.4,5.2,126.0
2026-12-05 17:00:00,23.2,49.2,215.4,5.5,129.0
2026-12-05 18:00:00,21.3,51.4,24.1,4.6,165.0
2026-12-05 19:00:00,21.8,51.4,0.0,3.7,157.0
2026-12-05 20:00:00,17.2,56.9,0.0,5.3,108.0
2026-12-05 21:00:00,17.1,67.3,0.0,3.9,146.0
2026-12-05 22:00:00,16.6,70.9,0.0,3.5,154.0
2026-12-05 23:00:00,12.7,70.6,0.0,4.4,131.0
2026-12-06 00:00:00,11.4,75.5,0.0,4.0,98.0
2026-12-06 01:00:00,12.8,75.3,0.0,2.6,92.0
2026-12-06 02:00:00,14.6,74.5,0.0,2.2,139.0
2026-12-06 03:00:00,11.5,78.1,0.0,4.1,111.0
2026-12-06 04:00:00,11.4,77.5,0.0,1.9,146.0
2026-12-06 05:00:00,11.3,80.6,0.0,1.9,180.0
2026-12-06 06:00:00,13.9,69.6,2.9,1.7,199.0
2026-12-06 07:00:00,13.2,72.9,198.3,1.8,151.0
2026-12-06 08:00:00,13.8,67.6,381.4,1.6,152.0
2026-12-06 09:00:00,20.6,53.8,563.5,2.5,170.0
2026-12-06 10:00:00,17.7,56.9,655.7,4.4,161.0
2026-12-06 11:00:00,21.2,58.3,739.1,3.1,123.0
2026-12-06 12:00:00,18.8,47.5,738.5,2.9,111.0
2026-12-06 13:00:00,24.1,50.3,714.5,2.9,116.0
2026-12-06 14:00:00,23.6,44.7,653.7,3.3,157.0
2026-12-06 15:00:00,25.1,44.4,557.4,3.8,136.0
2026-12-06 16:00:00,23.6,43.2,367.2,3.9,120.0
2026-12-06 17:00:00,23.2,49.1,199.9,4.2,178.0
2026-12-06 18:00:00,21.9,49.8,31.5,4.4,193.0
2026-12-06 19:00:00,18.7,49.5,0.0,6.7,118.0
2026-12-06 20:00:00,19.7,56.7,0.0,5.1,148.0
2026-12-06 21:00:00,18.8,64.9,0.0,3.6,128.0
2026-12-06 22:00:00,18.3,70.7,0.0,4.2,209.0
2026-12-06 23:00:00,15.1,66.5,0.0,3.9,148.0
2026-12-07 00:00:00,11.5,76.3,0.0,2.7,243.0
2026-12-07 01:00:00,12.0,77.3,0.0,3.3,161.0
2026-12-07 02:00:00,13.3,80.0,0.0,2.5,143.0
2026-12-07 03:00:00,13.6,75.9,0.0,2.3,161.0
2026-12-07 04:00:00,10.3,83.4,0.0,1.8,163.0
2026-12-07 05:00:00,13.6,71.6,0.0,2.6,120.0
2026-12-07 06:00:00,14.5,71.9,0.0,1.9,165.0
2026-12-07 07:00:00,13.9,67.0,197.9,1.4,192.0
2026-12-07 08:00:00,12.5,71.9,403.9,1.5,156.0
2026-12-07 09:00:00,18.2,61.7,482.8,1.9,100.0
2026-12-07 10:00:00,20.5,60.1,679.1,2.5,170.0
2026-12-07 11:00:00,20.9,52.8,743.1,3.8,147.0
2026-12-07 12:00:00,19.8,53.1,746.7,3.0,143.0
2026-12-07 13:00:00,22.6,48.1,713.7,3.7,124.0
2026-12-07 14:00:00,21.3,44.3,664.1,4.6,148.0
2026-12-07 15:00:00,23.5,44.4,555.2,4.4,185.0
2026-12-07 16:00:00,22.1,53.5,375.1,3.8,162.0
2026-12-07 17:00:00,22.9,46.0,196.2,3.9,144.0
2026-12-07 18:00:00,22.7,49.4,16.4,4.8,184.0
2026-12-07 19:00:00,21.5,54.9,0.0,7.7,169.0
2026-12-07 20:00:00,18.2,58.3,0.0,3.7,117.0
2026-12-07 21:00:00,17.2,63.8,0.0,3.4,131.0
2026-12-07 22:00:00,16.0,62.2,0.0,3.3,104.0
2026-12-07 23:00:00,13.2,69.7,0.0,3.1,134.0
2026-12-08 00:00:00,11.9,76.1,0.0,3.8,125.0
2026-12-08 01:00:00,11.2,75.3,0.0,2.4,172.0
2026-12-08 02:00:00,12.6,73.2,0.0,2.5,170.0
2026-12-08 03:00:00,10.2,72.6,0.0,2.1,145.0
2026-12-08 04:00:00,11.5,79.2,0.0,2.6,133.0
2026-12-08 05:00:00,12.5,77.0,0.0,1.8,207.0
2026-12-08 06:00:00,12.9,72.9,9.9,3.9,143.0
2026-12-08 07:00:00,13.3,71.7,200.1,1.7,159.0
2026-12-08 08:00:00,17.0,63.8,398.7,1.7,179.0
2026-12-08 09:00:00,18.4,60.9,529.6,1.7,165.0
2026-12-08 10:00:00,17.9,58.7,631.3,2.6,147.0
2026-12-08 11:00:00,19.9,55.1,706.7,4.5,137.0
2026-12-08 12:00:00,22.7,48.3,744.7,3.5,95.0
2026-12-08 13:00:00,21.5,46.2,723.5,5.4,200.0
2026-12-08 14:00:00,24.1,46.0,678.4,4.6,181.0
2026-12-08 15:00:00,21.8,45.7,542.8,3.6,138.0
2026-12-08 16:00:00,24.0,47.7,383.4,5.1,146.0
2026-12-08 17:00:00,21.8,45.4,205.1,4.6,129.0
2026-12-08 18:00:00,21.7,50.1,0.0,4.1,102.0
2026-12-08 19:00:00,18.9,54.5,0.0,3.7,190.0
2026-12-08 20:00:00,19.2,56.4,0.0,4.3,139.0
2026-12-08 21:00:00,16.5,60.9,0.0,3.6,193.0
2026-12-08 22:00:00,16.2,67.8,0.0,3.7,194.0
2026-12-08 23:00:00,15.3,66.2,0.0,3.1,153.0
2026-12-09 00:00:00,14.6,72.7,0.0,2.9,202.0
2026-12-09 01:00:00,12.4,74.9,0.0,2.6,192.0
2026-12-09 02:00:00,12.4,76.0,0.0,2.8,190.0
2026-12-09 03:00:00,10.9,76.3,0.0,2.2,150.0
2026-12-09 04:00:00,10.2,75.8,0.0,1.8,144.0
2026-12-09 05:00:00,12.0,75.8,0.0,1.9,203.0
2026-12-09 06:00:00,13.7,70.1,15.8,2.3,114.0
2026-12-09 07:00:00,14.8,69.4,196.7,4.4,189.0
2026-12-09 08:00:00,16.5,65.5,371.1,1.6,171.0
2026-12-09 09:00:00,18.2,56.0,538.8,3.1,146.0
2026-12-09 10:00:00,18.4,57.1,641.5,1.9,138.0
2026-12-09 11:00:00,21.5,54.9,715.2,2.3,177.0
2026-12-09 12:00:00,20.3,45.8,780.7,4.8,193.0
2026-12-09 13:00:00,21.2,49.7,728.8,2.9,182.0
2026-12-09 14:00:00,24.5,47.2,665.1,3.2,163.0
2026-12-09 15:00:00,22.7,42.6,531.2,3.5,190.0
2026-12-09 16:00:00,24.5,47.7,359.4,4.8,159.0
2026-12-09 17:00:00,19.9,50.7,202.1,4.4,181.0
2026-12-09 18:00:00,21.4,54.6,61.8,7.5,111.0
2026-12-09 19:00:00,20.8,47.9,0.0,4.1,234.0
2026-12-09 20:00:00,19.2,51.7,0.0,4.2,178.0
2026-12-09 21:00:00,18.9,62.3,0.0,3.9,145.0
2026-12-09 22:00:00,15.0,66.1,0.0,5.8,159.0
2026-12-09 23:00:00,15.8,66.3,0.0,3.5,141.0
2026-12-10 00:00:00,12.7,68.3,0.0,2.9,192.0
2026-12-10 01:00:00,13.0,75.6,0.0,3.4,170.0
2026-12-10 02:00:00,12.0,72.8,0.0,1.9,172.0
2026-12-10 03:00:00,12.1,72.1,0.0,3.3,132.0
2026-12-10 04:00:00,12.8,77.3,0.0,3.6,153.0
2026-12-10 05:00:00,11.8,75.6,0.0,2.7,133.0
2026-12-10 06:00:00,12.2,70.2,0.0,1.4,143.0
2026-12-10 07:00:00,12.8,72.1,189.8,1.7,127.0
2026-12-10 08:00:00,14.5,62.8,378.5,5.1,161.0
2026-12-10 09:00:00,16.3,57.3,544.1,4.8,204.0
2026-12-10 10:00:00,19.6,62.5,652.8,2.5,161.0
2026-12-10 11:00:00,21.7,58.9,722.2,3.2,140.0
2026-12-10 12:00:00,22.3,51.0,756.4,6.8,200.0
2026-12-10 13:00:00,21.4,43.3,723.4,2.8,183.0
2026-12-10 14:00:00,24.5,37.4,625.5,5.5,153.0
2026-12-10 15:00:00,24.8,51.0,520.4,3.8,141.0
2026-12-10 16:00:00,23.2,47.7,424.4,4.2,161.0
2026-12-10 17:00:00,20.6,48.8,182.9,4.2,164.0
2026-12-10 18:00:00,22.8,50.8,0.0,5.6,143.0
2026-12-10 19:00:00,20.9,50.1,0.0,4.0,150.0
2026-12-10 20:00:00,14.8,54.8,0.0,4.3,163.0
2026-12-10 21:00:00,16.8,60.1,0.0,3.7,168.0
2026-12-10 22:00:00,16.9,66.8,0.0,3.4,132.0
2026-12-10 23:00:00,11.9,72.0,0.0,2.9,158.0
2026-12-11 00:00:00,12.4,76.1,0.0,3.4,135.0
2026-12-11 01:00:00,11.8,68.6,0.0,4.5,124.0
2026-12-11 02:00:00,11.4,80.1,0.0,2.6,135.0
2026-12-11 03:00:00,10.2,73.3,0.0,2.8,184.0
2026-12-11 04:00:00,11.5,70.2,0.0,2.2,139.0
2026-12-11 05:00:00,12.5,71.8,0.0,2.6,114.0
2026-12-11 06:00:00,14.1,73.5,14.1,1.6,152.0
2026-12-11 07:00:00,13.8,69.4,185.7,1.4,113.0
2026-12-11 08:00:00,16.7,67.9,361.7,2.0,181.0
2026-12-11 09:00:00,16.5,66.7,514.7,2.3,155.0
2026-12-11 10:00:00,17.9,60.0,662.9,2.2,159.0
2026-12-11 11:00:00,20.3,50.1,732.7,2.4,134.0
2026-12-11 12:00:00,21.2,50.6,743.3,3.8,178.0
2026-12-11 13:00:00,21.3,49.3,688.9,3.2,175.0
2026-12-11 14:00:00,21.3,47.5,670.5,3.4,154.0
2026-12-11 15:00:00,23.3,46.0,541.9,4.2,109.0
2026-12-11 16:00:00,24.4,45.9,398.0,5.4,187.0
2026-12-11 17:00:00,22.9,47.7,191.3,5.0,173.0
2026-12-11 18:00:00,22.1,54.2,0.0,3.9,129.0
2026-12-11 19:00:00,20.9,47.5,0.0,4.9,154.0
2026-12-11 20:00:00,19.4,58.4,0.0,3.9,183.0
2026-12-11 21:00:00,17.5,57.9,0.0,3.9,204.0
2026-12-11 22:00:00,15.5,65.6,0.0,3.3,170.0
2026-12-11 23:00:00,14.2,67.7,0.0,3.3,118.0
2026-12-12 00:00:00,13.3,69.8,0.0,3.4,162.0
2026-12-12 01:00:00,14.0,76.2,0.0,2.2,106.0
2026-12-12 02:00:00,11.9,77.0,0.0,3.1,190.0
2026-12-12 03:00:00,11.3,76.2,0.0,3.5,162.0
2026-12-12 04:00:00,12.5,68.1,0.0,1.6,178.0
2026-12-12 05:00:00,11.6,77.0,0.0,1.8,151.0
2026-12-12 06:00:00,12.2,70.8,0.0,1.5,117.0
2026-12-12 07:00:00,14.1,67.5,175.0,1.4,139.0
2026-12-12 08:00:00,16.8,61.7,364.9,2.9,184.0
2026-12-12 09:00:00,16.2,60.8,531.7,2.4,169.0
2026-12-12 10:00:00,17.4,52.0,650.6,4.0,178.0
2026-12-12 11:00:00,18.9,53.5,711.2,3.0,180.0
2026-12-12 12:00:00,21.4,51.7,781.8,2.6,236.0
2026-12-12 13:00:00,20.4,49.9,730.4,5.0,158.0
2026-12-12 14:00:00,21.5,41.5,615.0,3.7,162.0
2026-12-12 15:00:00,23.4,49.7,545.7,5.0,164.0
2026-12-12 16:00:00,22.5,49.9,409.4,4.5,162.0
2026-12-12 17:00:00,22.3,46.6,204.7,5.9,169.0
2026-12-12 18:00:00,19.9,51.1,0.0,4.2,193.0
2026-12-12 19:00:00,21.1,60.8,0.0,4.6,182.0
2026-12-12 20:00:00,16.9,60.6,0.0,4.9,151.0
2026-12-12 21:00:00,17.5,61.1,0.0,4.5,149.0
2026-12-12 22:00:00,14.3,64.8,0.0,4.8,170.0
2026-12-12 23:00:00,13.6,68.2,0.0,4.8,155.0
2026-12-13 00:00:00,14.9,66.3,0.0,3.2,153.0
2026-12-13 01:00:00,11.5,75.5,0.0,2.4,172.0
2026-12-13 02:00:00,13.0,78.1,0.0,3.3,128.0
2026-12-13 03:00:00,11.7,77.8,0.0,1.7,185.0
2026-12-13 04:00:00,11.9,69.5,0.0,2.3,140.0
2026-12-13 05:00:00,10.0,71.8,0.0,2.3,112.0
2026-12-13 06:00:00,12.1,65.8,0.0,1.7,156.0
2026-12-13 07:00:00,12.6,67.6,214.3,3.0,136.0
2026-12-13 08:00:00,15.9,64.3,384.8,1.7,192.0
2026-12-13 09:00:00,16.6,62.1,520.8,2.8,183.0
2026-12-13 10:00:00,19.3,61.0,640.5,4.1,178.0
2026-12-13 11:00:00,23.9,50.3,734.1,2.8,119.0
2026-12-13 12:00:00,21.6,48.0,721.2,2.7,198.0
2026-12-13 13:00:00,22.0,49.2,720.0,2.9,184.0
2026-12-13 14:00:00,21.6,46.3,641.9,3.4,187.0
2026-12-13 15:00:00,21.8,47.4,534.0,5.1,225.0
2026-12-13 16:00:00,22.6,45.4,385.6,3.6,161.0
2026-12-13 17:00:00,24.8,49.3,184.9,7.2,172.0
2026-12-13 18:00:00,20.1,49.9,0.0,4.9,179.0
2026-12-13 19:00:00,20.1,54.9,0.0,7.9,185.0
2026-12-13 20:00:00,19.0,62.6,0.0,5.8,127.0
2026-12-13 21:00:00,19.2,64.1,0.0,4.4,189.0
2026-12-13 22:00:00,15.7,66.3,0.0,4.1,114.0
2026-12-13 23:00:00,15.9,69.6,0.0,5.6,155.0
2026-12-14 00:00:00,13.0,76.0,0.0,3.3,157.0
2026-12-14 01:00:00,11.5,69.2,0.0,2.6,164.0
2026-12-14 02:00:00,10.6,75.3,0.0,2.2,152.0
2026-12-14 03:00:00,10.8,72.5,0.0,1.8,141.0
2026-12-14 04:00:00,11.1,70.3,0.0,2.7,166.0
2026-12-14 05:00:00,13.6,71.6,0.0,1.7,184.0
2026-12-14 06:00:00,11.4,71.8,0.0,1.4,139.0
2026-12-14 07:00:00,14.7,70.4,195.5,4.9,191.0
2026-12-14 08:00:00,16.3,64.6,365.9,5.5,123.0
2026-12-14 09:00:00,17.0,66.8,533.2,7.0,131.0
2026-12-14 10:00:00,19.3,55.1,665.3,4.6,153.0
2026-12-14 11:00:00,19.7,53.7,715.1,3.1,188.0
2026-12-14 12:00:00,21.9,47.7,733.7,2.9,115.0
2026-12-14 13:00:00,22.7,45.5,715.4,3.5,164.0
2026-12-14 14:00:00,23.6,48.1,642.7,3.3,201.0
2026-12-14 15:00:00,22.1,40.8,531.4,4.0,149.0
2026-12-14 16:00:00,23.1,45.9,367.4,3.6,180.0
2026-12-14 17:00:00,22.7,47.4,192.3,7.2,164.0
2026-12-14 18:00:00,21.7,44.6,0.0,4.7,180.0
2026-12-14 19:00:00,18.5,52.1,0.0,5.5,170.0
2026-12-14 20:00:00,19.8,57.1,0.0,4.9,191.0
2026-12-14 21:00:00,19.3,63.5,0.0,4.3,163.0
2026-12-14 22:00:00,15.0,65.6,0.0,4.1,195.0
2026-12-14 23:00:00,14.7,68.4,0.0,2.9,139.0
2026-12-15 00:00:00,11.4,63.0,0.0,2.6,157.0
2026-12-15 01:00:00,10.8,68.5,0.0,4.1,95.0
2026-12-15 02:00:00,11.1,72.9,0.0,2.8,181.0
2026-12-15 03:00:00,11.5,73.9,0.0,2.1,140.0
2026-12-15 04:00:00,12.4,76.2,0.0,4.1,172.0
2026-12-15 05:00:00,12.3,72.4,0.0,3.5,144.0
2026-12-15 06:00:00,11.6,72.9,0.0,1.7,130.0
2026-12-15 07:00:00,12.8,68.7,204.1,1.4,193.0
2026-12-15 08:00:00,17.8,66.6,360.6,2.7,127.0
2026-12-15 09:00:00,16.6,55.1,504.4,2.3,153.0
2026-12-15 10:00:00,20.1,50.9,650.4,3.0,185.0
2026-12-15 11:00:00,19.4,52.9,697.4,2.2,185.0
2026-12-15 12:00:00,23.2,48.1,768.7,2.8,142.0
2026-12-15 13:00:00,19.8,53.8,707.9,5.5,188.0
2026-12-15 14:00:00,21.2,39.2,630.4,4.5,189.0
2026-12-15 15:00:00,22.9,46.9,502.2,4.8,184.0
2026-12-15 16:00:00,22.3,47.3,394.7,3.6,170.0
2026-12-15 17:00:00,23.6,51.9,213.0,4.4,153.0
2026-12-15 18:00:00,19.7,55.2,0.0,5.3,173.0
2026-12-15 19:00:00,21.2,51.5,0.0,3.8,179.0
2026-12-15 20:00:00,18.3,54.7,0.0,4.7,175.0
2026-12-15 21:00:00,18.6,56.0,0.0,3.6,241.0
2026-12-15 22:00:00,15.3,64.7,0.0,5.8,165.0
2026-12-15 23:00:00,14.2,65.3,0.0,3.0,169.0
2026-12-16 00:00:00,12.1,69.4,0.0,2.8,190.0
2026-12-16 01:00:00,9.2,70.4,0.0,2.4,173.0
2026-12-16 02:00:00,12.1,74.6,0.0,4.9,201.0
2026-12-16 03:00:00,11.2,74.1,0.0,2.2,198.0
2026-12-16 04:00:00,9.8,72.2,0.0,1.9,133.0
2026-12-16 05:00:00,11.4,72.4,0.0,2.1,113.0
2026-12-16 06:00:00,11.3,70.2,0.0,1.7,147.0
2026-12-16 07:00:00,11.9,68.3,208.7,3.0,152.0
2026-12-16 08:00:00,13.2,60.5,383.7,2.9,152.0
2026-12-16 09:00:00,16.6,58.2,538.8,1.7,199.0
2026-12-16 10:00:00,18.0,49.2,650.7,2.1,139.0
2026-12-16 11:00:00,20.1,50.3,724.3,5.2,152.0
2026-12-16 12:00:00,22.4,52.6,758.3,3.7,186.0
2026-12-16 13:00:00,22.7,36.1,712.3,2.9,198.0
2026-12-16 14:00:00,22.8,45.0,689.5,4.2,188.0
2026-12-16 15:00:00,21.7,47.5,514.7,3.5,157.0
2026-12-16 16:00:00,22.5,47.3,334.6,4.4,124.0
2026-12-16 17:00:00,23.4,48.1,221.7,5.6,190.0
2026-12-16 18:00:00,20.5,47.3,9.5,3.8,202.0
2026-12-16 19:00:00,18.8,54.9,0.0,6.3,202.0
2026-12-16 20:00:00,18.2,51.3,0.0,3.9,159.0
2026-12-16 21:00:00,17.0,57.5,0.0,3.4,190.0
2026-12-16 22:00:00,16.6,62.9,0.0,4.8,203.0
2026-12-16 23:00:00,13.9,65.6,0.0,4.2,201.0
2026-12-17 00:00:00,11.6,66.0,0.0,2.9,181.0
2026-12-17 01:00:00,9.6,75.1,0.0,2.8,155.0
2026-12-17 02:00:00,12.5,71.9,0.0,2.2,151.0
2026-12-17 03:00:00,11.0,73.9,0.0,1.9,206.0
2026-12-17 04:00:00,13.2,72.9,0.0,2.0,131.0
2026-12-17 05:00:00,10.6,70.8,0.0,3.9,136.0
2026-12-17 06:00:00,11.8,69.1,0.0,1.5,174.0
2026-12-17 07:00:00,12.7,70.8,194.6,1.9,181.0
2026-12-17 08:00:00,16.0,62.8,360.5,2.9,180.0
2026-12-17 09:00:00,18.1,57.8,572.9,2.5,170.0
2026-12-17 10:00:00,20.3,56.3,641.4,2.1,124.0
2026-12-17 11:00:00,20.1,51.6,757.4,3.2,149.0
2026-12-17 12:00:00,21.2,47.0,779.7,2.8,166.0
2026-12-17 13:00:00,21.8,46.7,728.2,3.3,175.0
2026-12-17 14:00:00,22.6,42.2,686.3,5.1,192.0
2026-12-17 15:00:00,24.4,45.3,524.7,4.0,182.0
2026-12-17 16:00:00,22.8,45.0,350.3,3.6,132.0
2026-12-17 17:00:00,22.6,43.0,209.0,3.7,131.0
2026-12-17 18:00:00,22.7,51.2,0.0,5.8,228.0
2026-12-17 19:00:00,19.2,50.1,0.0,4.1,165.0
2026-12-17 20:00:00,18.4,54.2,0.0,4.5,138.0
2026-12-17 21:00:00,17.3,55.4,0.0,3.9,149.0
2026-12-17 22:00:00,16.1,62.3,0.0,4.0,140.0
2026-12-17 23:00:00,14.7,69.0,0.0,3.4,102.0
2026-12-18 00:00:00,14.3,72.1,0.0,3.6,149.0
2026-12-18 01:00:00,11.5,70.6,0.0,2.5,192.0
2026-12-18 02:00:00,11.3,69.9,0.0,2.0,150.0
2026-12-18 03:00:00,11.4,71.4,0.0,2.1,140.0
2026-12-18 04:00:00,10.2,69.2,0.0,1.8,183.0
2026-12-18 05:00:00,11.9,70.0,0.0,3.1,171.0
2026-12-18 06:00:00,14.2,74.1,0.0,2.1,163.0
2026-12-18 07:00:00,14.5,67.0,207.7,3.2,171.0
2026-12-18 08:00:00,15.6,67.1,420.0,4.1,135.0
2026-12-18 09:00:00,17.5,61.5,547.1,4.0,178.0
2026-12-18 10:00:00,16.5,54.3,636.1,7.4,158.0
2026-12-18 11:00:00,19.6,50.5,734.5,3.1,178.0
2026-12-18 12:00:00,20.9,45.0,746.7,2.7,186.0
2026-12-18 13:00:00,22.3,47.2,727.9,3.2,118.0
2026-12-18 14:00:00,22.0,40.9,631.3,5.2,169.0
2026-12-18 15:00:00,21.7,41.9,545.2,3.7,144.0
2026-12-18 16:00:00,18.8,40.6,376.6,6.0,204.0
2026-12-18 17:00:00,22.1,50.9,177.0,4.6,145.0
2026-12-18 18:00:00,20.5,42.3,22.2,4.2,155.0
2026-12-18 19:00:00,18.8,46.2,0.0,4.7,118.0
2026-12-18 20:00:00,18.9,52.6,0.0,4.1,212.0
2026-12-18 21:00:00,18.1,56.9,0.0,4.5,145.0
2026-12-18 22:00:00,13.5,65.3,0.0,6.7,163.0
2026-12-18 23:00:00,13.6,61.6,0.0,3.6,191.0
2026-12-19 00:00:00,12.2,72.0,0.0,3.3,139.0
2026-12-19 01:00:00,12.0,77.5,0.0,2.5,169.0
2026-12-19 02:00:00,13.6,72.0,0.0,1.9,199.0
2026-12-19 03:00:00,9.9,71.3,0.0,2.9,193.0
2026-12-19 04:00:00,10.6,73.3,0.0,1.7,225.0
2026-12-19 05:00:00,12.3,74.9,0.0,1.8,189.0
2026-12-19 06:00:00,11.8,67.0,0.0,2.9,103.0
2026-12-19 07:00:00,14.1,63.9,224.5,3.2,149.0
2026-12-19 08:00:00,14.5,63.7,373.9,2.2,155.0
2026-12-19 09:00:00,16.6,61.5,527.2,1.8,159.0
2026-12-19 10:00:00,17.3,51.6,642.2,4.0,161.0
2026-12-19 11:00:00,20.2,50.4,761.5,2.5,196.0
2026-12-19 12:00:00,23.0,48.7,740.5,3.6,187.0
2026-12-19 13:00:00,21.0,43.3,713.0,4.0,171.0
2026-12-19 14:00:00,22.6,50.2,636.0,3.1,175.0
2026-12-19 15:00:00,21.8,40.7,525.8,3.7,172.0
2026-12-19 16:00:00,24.1,43.5,372.4,4.4,170.0
2026-12-19 17:00:00,20.7,43.9,147.4,4.1,106.0
2026-12-19 18:00:00,21.9,46.4,0.0,6.4,166.0
2026-12-19 19:00:00,20.9,53.1,0.0,5.0,184.0
2026-12-19 20:00:00,17.8,55.2,0.0,5.1,123.0
2026-12-19 21:00:00,15.7,56.2,0.0,3.9,160.0
2026-12-19 22:00:00,14.7,64.9,0.0,3.5,136.0
2026-12-19 23:00:00,14.7,66.5,0.0,3.4,135.0
2026-12-20 00:00:00,12.8,68.0,0.0,2.8,182.0
2026-12-20 01:00:00,11.2,67.4,0.0,4.1,210.0
2026-12-20 02:00:00,7.6,69.8,0.0,2.2,227.0
2026-12-20 03:00:00,11.9,73.8,0.0,2.7,169.0
2026-12-20 04:00:00,12.1,73.7,0.0,2.9,115.0
2026-12-20 05:00:00,10.3,68.7,0.0,1.5,173.0
2026-12-20 06:00:00,11.8,70.0,13.6,1.9,186.0
2026-12-20 07:00:00,15.0,65.9,205.6,3.0,170.0
2026-12-20 08:00:00,14.5,59.3,337.9,2.7,145.0
2026-12-20 09:00:00,17.3,54.0,544.6,1.8,149.0
2026-12-20 10:00:00,17.7,51.1,628.7,2.7,200.0
2026-12-20 11:00:00,18.2,50.0,702.0,2.4,180.0
2026-12-20 12:00:00,20.7,47.5,741.1,4.0,174.0
2026-12-20 13:00:00,21.5,47.4,701.2,3.1,169.0
2026-12-20 14:00:00,21.8,45.2,613.8,4.5,164.0
2026-12-20 15:00:00,22.2,40.9,542.9,4.0,216.0
2026-12-20 16:00:00,19.8,48.7,378.9,4.2,177.0
2026-12-20 17:00:00,22.2,41.5,204.3,3.8,151.0
2026-12-20 18:00:00,19.8,49.3,10.3,3.8,211.0
2026-12-20 19:00:00,18.5,51.0,0.0,3.9,187.0
2026-12-20 20:00:00,17.8,54.0,0.0,5.2,160.0
2026-12-20 21:00:00,16.5,57.2,0.0,3.6,173.0
2026-12-20 22:00:00,16.4,60.4,0.0,4.7,160.0
2026-12-20 23:00:00,12.4,68.6,0.0,3.1,173.0
2026-12-21 00:00:00,13.6,69.3,0.0,2.7,220.0
2026-12-21 01:00:00,12.5,70.9,0.0,3.8,156.0
2026-12-21 02:00:00,9.5,67.4,0.0,2.9,156.0
2026-12-21 03:00:00,10.8,72.8,0.0,1.9,184.0
2026-12-21 04:00:00,10.9,71.5,0.0,3.5,156.0
2026-12-21 05:00:00,11.2,73.7,0.0,2.1,204.0
2026-12-21 06:00:00,11.2,66.3,0.0,1.7,117.0
2026-12-21 07:00:00,11.4,66.7,185.6,1.5,143.0
2026-12-21 08:00:00,14.1,62.6,360.5,2.1,174.0
2026-12-21 09:00:00,16.3,56.9,504.1,2.9,148.0
2026-12-21 10:00:00,18.6,52.4,621.6,2.2,165.0
2026-12-21 11:00:00,18.5,46.2,733.6,2.2,169.0
2026-12-21 12:00:00,22.3,50.2,783.1,2.6,174.0
2026-12-21 13:00:00,22.4,45.6,693.1,3.2,218.0
2026-12-21 14:00:00,23.4,50.5,649.4,3.6,155.0
2026-12-21 15:00:00,24.3,44.1,549.0,4.0,204.0
2026-12-21 16:00:00,21.1,43.6,380.2,5.1,174.0
2026-12-21 17:00:00,23.0,39.9,210.7,4.5,180.0
2026-12-21 18:00:00,20.2,44.7,0.0,4.1,164.0
2026-12-21 19:00:00,19.7,50.9,0.0,4.2,156.0
2026-12-21 20:00:00,18.4,53.0,0.0,3.6,150.0
2026-12-21 21:00:00,18.0,53.9,0.0,3.8,225.0
2026-12-21 22:00:00,13.6,65.9,0.0,3.4,189.0
2026-12-21 23:00:00,12.9,69.0,0.0,3.3,246.0
2026-12-22 00:00:00,13.2,62.8,0.0,2.6,221.0
2026-12-22 01:00:00,11.8,60.2,0.0,2.5,156.0
2026-12-22 02:00:00,11.9,67.0,0.0,2.2,124.0
2026-12-22 03:00:00,10.5,69.1,0.0,4.7,151.0
2026-12-22 04:00:00,8.1,75.1,0.0,1.9,142.0
2026-12-22 05:00:00,9.0,69.4,0.0,1.4,156.0
2026-12-22 06:00:00,12.2,63.0,0.0,1.4,163.0
2026-12-22 07:00:00,12.5,61.3,207.7,1.5,240.0
2026-12-22 08:00:00,14.6,57.5,344.3,6.1,118.0
2026-12-22 09:00:00,17.7,61.1,517.8,3.9,194.0
2026-12-22 10:00:00,16.7,51.0,657.4,2.4,168.0
2026-12-22 11:00:00,20.1,49.8,719.0,3.9,174.0
2026-12-22 12:00:00,18.8,44.7,769.0,3.9,164.0
2026-12-22 13:00:00,19.5,41.7,726.3,3.0,179.0
2026-12-22 14:00:00,21.9,39.0,663.4,3.8,161.0
2026-12-22 15:00:00,24.1,42.3,527.7,4.4,183.0
2026-12-22 16:00:00,22.8,42.5,421.0,3.6,217.0
2026-12-22 17:00:00,22.0,45.8,183.9,4.4,159.0
2026-12-22 18:00:00,21.7,45.0,15.5,5.3,134.0
2026-12-22 19:00:00,20.8,52.3,0.0,5.2,159.0
2026-12-22 20:00:00,18.1,59.7,0.0,3.8,198.0
2026-12-22 21:00:00,15.8,55.5,0.0,3.9,175.0
2026-12-22 22:00:00,15.2,55.6,0.0,3.4,206.0
2026-12-22 23:00:00,14.7,64.4,0.0,4.0,179.0
2026-12-23 00:00:00,12.2,71.5,0.0,2.7,164.0
2026-12-23 01:00:00,12.9,70.8,0.0,3.6,145.0
2026-12-23 02:00:00,7.9,71.2,0.0,2.2,169.0
2026-12-23 03:00:00,11.8,68.3,0.0,1.8,183.0
2026-12-23 04:00:00,11.4,73.9,0.0,2.9,196.0
2026-12-23 05:00:00,11.5,71.7,0.0,1.5,179.0
2026-12-23 06:00:00,11.9,67.4,27.0,2.0,184.0
2026-12-23 07:00:00,12.1,62.0,193.2,2.1,153.0
2026-12-23 08:00:00,13.9,60.0,370.1,3.4,150.0
2026-12-23 09:00:00,15.8,57.8,522.3,4.1,164.0
2026-12-23 10:00:00,15.4,51.9,661.6,2.0,154.0
2026-12-23 11:00:00,19.0,48.6,722.1,2.3,168.0
2026-12-23 12:00:00,20.7,49.1,732.8,2.6,196.0
2026-12-23 13:00:00,24.0,47.1,718.3,4.1,202.0
2026-12-23 14:00:00,22.5,45.6,676.4,3.4,174.0
2026-12-23 15:00:00,22.9,44.0,544.1,3.5,220.0
2026-12-23 16:00:00,22.6,35.0,381.2,4.3,171.0
2026-12-23 17:00:00,24.5,45.7,165.3,4.1,197.0
2026-12-23 18:00:00,21.0,45.7,25.1,4.2,151.0
2026-12-23 19:00:00,18.1,45.4,0.0,4.0,189.0
2026-12-23 20:00:00,15.9,56.2,0.0,3.7,165.0
2026-12-23 21:00:00,15.3,59.7,0.0,4.5,160.0
2026-12-23 22:00:00,15.0,55.6,0.0,4.0,220.0
2026-12-23 23:00:00,14.7,66.7,0.0,3.0,202.0
2026-12-24 00:00:00,13.4,68.0,0.0,2.6,151.0
2026-12-24 01:00:00,12.9,69.4,0.0,4.6,208.0
2026-12-24 02:00:00,12.3,70.0,0.0,3.1,175.0
2026-12-24 03:00:00,11.6,73.4,0.0,3.8,212.0
2026-12-24 04:00:00,12.0,74.6,0.0,2.6,172.0
2026-12-24 05:00:00,12.8,64.7,0.0,1.9,164.0
2026-12-24 06:00:00,11.1,66.5,0.0,1.4,225.0
2026-12-24 07:00:00,13.0,69.3,208.7,2.1,176.0
2026-12-24 08:00:00,13.0,61.5,409.9,2.1,133.0
2026-12-24 09:00:00,18.9,57.4,495.9,6.0,192.0
2026-12-24 10:00:00,16.7,54.6,625.8,2.9,146.0
2026-12-24 11:00:00,17.9,53.2,719.1,2.2,139.0
2026-12-24 12:00:00,22.9,43.4,761.8,2.7,162.0
2026-12-24 13:00:00,20.8,45.9,730.4,2.9,149.0
2026-12-24 14:00:00,21.1,41.9,643.9,4.7,195.0
2026-12-24 15:00:00,24.6,42.7,527.4,4.4,192.0
2026-12-24 16:00:00,21.3,39.4,346.4,4.8,191.0
2026-12-24 17:00:00,21.3,47.0,176.5,4.8,133.0
2026-12-24 18:00:00,20.7,43.0,0.0,4.3,209.0
2026-12-24 19:00:00,19.0,50.2,0.0,4.7,161.0
2026-12-24 20:00:00,15.2,49.2,0.0,3.5,165.0
2026-12-24 21:00:00,15.2,60.2,0.0,3.6,209.0
2026-12-24 22:00:00,16.5,61.9,0.0,5.7,176.0
2026-12-24 23:00:00,13.1,65.7,0.0,2.9,222.0
2026-12-25 00:00:00,11.9,65.9,0.0,2.6,160.0
2026-12-25 01:00:00,10.0,70.1,0.0,2.9,151.0
2026-12-25 02:00:00,10.8,71.8,0.0,2.6,139.0
2026-12-25 03:00:00,9.3,69.8,0.0,1.7,119.0
2026-12-25 04:00:00,9.0,72.5,0.0,2.0,201.0
2026-12-25 05:00:00,12.5,69.8,0.0,1.6,179.0
2026-12-25 06:00:00,10.8,66.3,0.0,3.1,171.0
2026-12-25 07:00:00,12.0,60.7,203.2,1.4,184.0
2026-12-25 08:00:00,14.3,61.3,374.2,2.0,242.0
2026-12-25 09:00:00,16.0,65.4,531.0,4.6,198.0
2026-12-25 10:00:00,19.3,47.6,632.3,4.2,173.0
2026-12-25 11:00:00,19.0,48.8,693.4,2.4,185.0
2026-12-25 12:00:00,21.8,47.7,757.9,2.6,180.0
2026-12-25 13:00:00,21.4,46.3,721.8,2.9,151.0
2026-12-25 14:00:00,20.9,40.6,650.3,4.2,165.0
2026-12-25 15:00:00,22.5,41.2,534.4,4.9,189.0
2026-12-25 16:00:00,21.5,43.0,406.5,5.1,191.0
2026-12-25 17:00:00,22.2,47.7,169.4,5.7,156.0
2026-12-25 18:00:00,19.2,45.0,3.8,4.7,216.0
2026-12-25 19:00:00,17.7,49.9,0.0,4.6,148.0
2026-12-25 20:00:00,17.6,48.9,0.0,3.8,129.0
2026-12-25 21:00:00,17.2,61.1,0.0,5.5,217.0
2026-12-25 22:00:00,14.3,58.7,0.0,3.8,188.0
2026-12-25 23:00:00,11.8,67.4,0.0,3.3,137.0
2026-12-26 00:00:00,11.9,63.8,0.0,2.7,155.0
2026-12-26 01:00:00,11.0,69.9,0.0,2.4,185.0
2026-12-26 02:00:00,9.4,71.3,0.0,2.3,173.0
2026-12-26 03:00:00,8.0,69.4,0.0,3.3,160.0
2026-12-26 04:00:00,11.5,69.1,0.0,2.0,187.0
2026-12-26 05:00:00,11.9,66.8,0.0,2.2,202.0
2026-12-26 06:00:00,14.0,69.1,2.2,1.4,178.0
2026-12-26 07:00:00,12.2,59.0,210.5,1.7,135.0
2026-12-26 08:00:00,14.0,56.5,354.1,2.0,216.0
2026-12-26 09:00:00,13.3,53.4,544.8,3.1,167.0
2026-12-26 10:00:00,15.7,53.6,632.4,3.0,161.0
2026-12-26 11:00:00,18.3,52.8,754.2,3.4,198.0
2026-12-26 12:00:00,16.7,43.4,713.3,3.3,200.0
2026-12-26 13:00:00,22.4,47.3,718.3,3.1,134.0
2026-12-26 14:00:00,21.5,36.7,665.6,3.2,177.0
2026-12-26 15:00:00,22.8,39.3,502.5,3.6,172.0
2026-12-26 16:00:00,22.1,44.3,384.5,5.1,189.0
2026-12-26 17:00:00,20.0,38.1,202.5,7.2,158.0
2026-12-26 18:00:00,22.0,48.8,17.6,3.8,178.0
2026-12-26 19:00:00,17.7,44.6,0.0,3.7,184.0
2026-12-26 20:00:00,17.7,54.1,0.0,5.3,156.0
2026-12-26 21:00:00,15.5,58.5,0.0,5.2,161.0
2026-12-26 22:00:00,13.6,58.8,0.0,3.7,165.0
2026-12-26 23:00:00,13.4,61.0,0.0,4.7,179.0
2026-12-27 00:00:00,9.2,70.4,0.0,3.8,188.0
2026-12-27 01:00:00,8.7,65.0,0.0,2.4,149.0
2026-12-27 02:00:00,9.0,69.8,0.0,2.3,168.0
2026-12-27 03:00:00,9.5,70.5,0.0,1.8,127.0
2026-12-27 04:00:00,10.1,69.9,0.0,3.3,194.0
2026-12-27 05:00:00,10.5,73.3,0.0,3.2,220.0
2026-12-27 06:00:00,13.4,67.3,0.0,5.2,168.0
2026-12-27 07:00:00,11.3,56.6,172.9,1.6,126.0
2026-12-27 08:00:00,12.5,61.2,371.1,5.7,188.0
2026-12-27 09:00:00,16.1,56.1,523.8,1.9,166.0
2026-12-27 10:00:00,18.1,52.6,658.1,4.9,139.0
2026-12-27 11:00:00,20.1,49.2,726.9,2.8,161.0
2026-12-27 12:00:00,20.7,45.4,740.5,3.4,211.0
2026-12-27 13:00:00,23.7,41.9,732.9,4.8,210.0
2026-12-27 14:00:00,22.3,42.8,649.7,3.8,153.0
2026-12-27 15:00:00,22.3,41.9,537.4,3.9,201.0
2026-12-27 16:00:00,22.9,45.8,390.6,3.7,182.0
2026-12-27 17:00:00,21.2,40.2,182.5,4.0,177.0
2026-12-27 18:00:00,18.8,45.5,6.6,5.1,175.0
2026-12-27 19:00:00,20.1,50.9,0.0,6.4,178.0
2026-12-27 20:00:00,19.8,56.3,0.0,4.0,176.0
2026-12-27 21:00:00,14.6,55.5,0.0,5.8,172.0
2026-12-27 22:00:00,15.3,63.9,0.0,3.2,233.0
2026-12-27 23:00:00,13.1,63.4,0.0,4.5,190.0
2026-12-28 00:00:00,11.1,63.6,0.0,5.1,220.0
2026-12-28 01:00:00,10.9,72.2,0.0,4.8,199.0
2026-12-28 02:00:00,10.4,71.1,0.0,3.0,195.0
2026-12-28 03:00:00,9.6,69.9,0.0,3.7,223.0
2026-12-28 04:00:00,11.7,66.1,0.0,3.0,158.0
2026-12-28 05:00:00,14.1,67.9,0.0,1.6,202.0
2026-12-28 06:00:00,11.1,65.7,0.0,1.4,130.0
2026-12-28 07:00:00,10.7,62.1,189.0,2.4,168.0
2026-12-28 08:00:00,16.0,59.9,347.9,2.0,181.0
2026-12-28 09:00:00,15.9,63.2,512.3,1.7,208.0
2026-12-28 10:00:00,17.3,52.0,628.9,2.4,159.0
2026-12-28 11:00:00,17.8,50.1,741.2,3.6,246.0
2026-12-28 12:00:00,19.4,49.7,741.9,3.4,184.0
2026-12-28 13:00:00,19.9,46.9,731.9,3.0,172.0
2026-12-28 14:00:00,23.6,41.1,649.8,3.5,171.0
2026-12-28 15:00:00,22.0,38.1,518.8,4.3,122.0
2026-12-28 16:00:00,19.8,45.2,364.0,3.5,180.0
2026-12-28 17:00:00,20.3,44.4,223.3,4.4,151.0
2026-12-28 18:00:00,18.9,48.7,0.0,3.9,145.0
2026-12-28 19:00:00,18.3,44.8,0.0,4.0,199.0
2026-12-28 20:00:00,15.4,52.6,0.0,3.6,149.0
2026-12-28 21:00:00,16.1,58.2,0.0,4.2,174.0
2026-12-28 22:00:00,13.6,57.1,0.0,3.3,174.0
2026-12-28 23:00:00,13.0,63.5,0.0,2.9,183.0
2026-12-29 00:00:00,9.8,61.6,0.0,2.6,208.0
2026-12-29 01:00:00,8.9,65.0,0.0,3.4,152.0
2026-12-29 02:00:00,11.4,66.2,0.0,4.5,173.0
2026-12-29 03:00:00,9.0,69.8,0.0,1.7,160.0
2026-12-29 04:00:00,9.7,68.0,0.0,4.3,194.0
2026-12-29 05:00:00,12.4,67.9,0.0,1.6,157.0
2026-12-29 06:00:00,13.6,64.9,26.0,3.1,191.0
2026-12-29 07:00:00,11.9,63.5,192.7,1.8,168.0
2026-12-29 08:00:00,14.1,58.3,393.6,3.7,197.0
2026-12-29 09:00:00,16.5,60.5,517.3,4.2,200.0
2026-12-29 10:00:00,16.6,49.1,650.0,1.9,141.0
2026-12-29 11:00:00,18.8,47.6,726.7,4.2,167.0
2026-12-29 12:00:00,19.3,42.6,749.1,2.6,243.0
2026-12-29 13:00:00,18.6,41.0,708.9,2.9,203.0
2026-12-29 14:00:00,22.9,39.7,640.9,3.5,211.0
2026-12-29 15:00:00,23.8,43.6,513.3,5.2,117.0
2026-12-29 16:00:00,20.4,40.6,359.1,3.8,174.0
2026-12-29 17:00:00,22.6,42.7,218.8,4.2,176.0
2026-12-29 18:00:00,19.5,43.7,0.0,3.9,198.0
2026-12-29 19:00:00,20.8,52.9,0.0,3.7,193.0
2026-12-29 20:00:00,16.2,52.9,0.0,5.2,201.0
2026-12-29 21:00:00,16.1,51.7,0.0,3.4,123.0
2026-12-29 22:00:00,16.0,60.8,0.0,3.2,159.0
2026-12-29 23:00:00,14.0,61.7,0.0,3.1,222.0
2026-12-30 00:00:00,12.4,62.5,0.0,3.0,204.0
2026-12-30 01:00:00,11.4,62.4,0.0,2.6,169.0
2026-12-30 02:00:00,11.8,66.1,0.0,2.9,175.0
2026-12-30 03:00:00,9.7,69.9,0.0,1.7,155.0
2026-12-30 04:00:00,9.8,67.0,0.0,1.5,201.0
2026-12-30 05:00:00,12.9,66.8,0.0,1.4,154.0
2026-12-30 06:00:00,12.2,63.2,4.0,5.0,166.0
2026-12-30 07:00:00,13.4,63.0,179.9,2.5,194.0
2026-12-30 08:00:00,14.5,55.0,373.9,1.5,117.0
2026-12-30 09:00:00,13.6,54.3,559.6,3.5,172.0
2026-12-30 10:00:00,17.9,46.1,666.0,4.6,167.0
2026-12-30 11:00:00,18.6,45.7,750.2,2.4,192.0
2026-12-30 12:00:00,22.1,40.5,725.6,3.0,151.0
2026-12-30 13:00:00,22.2,41.1,699.7,3.7,218.0
2026-12-30 14:00:00,20.9,36.3,666.2,3.3,191.0
2026-12-30 15:00:00,23.9,41.0,503.0,5.2,117.0
2026-12-30 16:00:00,22.2,36.8,362.8,5.0,153.0
2026-12-30 17:00:00,21.9,42.9,188.4,4.4,208.0
2026-12-30 18:00:00,20.2,43.4,20.9,4.7,203.0
2026-12-30 19:00:00,21.3,49.8,0.0,6.5,136.0
2026-12-30 20:00:00,19.1,49.4,0.0,5.2,166.0
2026-12-30 21:00:00,17.4,59.6,0.0,5.9,156.0
2026-12-30 22:00:00,13.6,55.4,0.0,3.1,175.0
2026-12-30 23:00:00,14.0,57.0,0.0,3.7,195.0
2026-12-31 00:00:00,14.2,64.4,0.0,4.2,162.0
2026-12-31 01:00:00,11.5,68.2,0.0,3.7,222.0
2026-12-31 02:00:00,8.2,70.0,0.0,2.7,204.0
2026-12-31 03:00:00,10.8,70.5,0.0,1.7,163.0
2026-12-31 04:00:00,10.9,71.3,0.0,1.7,181.0
2026-12-31 05:00:00,11.0,67.7,0.0,1.8,211.0
2026-12-31 06:00:00,10.2,68.8,0.0,2.5,232.0
2026-12-31 07:00:00,13.0,60.7,203.9,3.3,193.0
2026-12-31 08:00:00,14.6,54.1,361.8,1.6,241.0
2026-12-31 09:00:00,15.8,56.1,491.8,1.8,167.0
2026-12-31 10:00:00,18.1,54.3,642.4,2.8,196.0
2026-12-31 11:00:00,19.3,52.7,730.1,3.8,145.0
2026-12-31 12:00:00,21.0,48.0,760.0,5.0,182.0
2026-12-31 13:00:00,20.0,44.0,748.9,3.5,188.0
2026-12-31 14:00:00,23.6,40.7,642.5,3.9,158.0
2026-12-31 15:00:00,20.2,41.4,540.5,3.6,201.0
2026-12-31 16:00:00,22.1,35.8,355.8,4.9,194.0
2026-12-31 17:00:00,22.9,38.6,201.9,3.7,175.0
2026-12-31 18:00:00,20.3,47.2,10.0,4.9,192.0
2026-12-31 19:00:00,18.4,50.9,0.0,5.1,217.0
2026-12-31 20:00:00,15.9,54.5,0.0,4.0,158.0
2026-12-31 21:00:00,14.7,52.1,0.0,4.4,187.0
2026-12-31 22:00:00,13.8,58.2,0.0,6.4,174.0
2026-12-31 23:00:00,14.1,61.6,0.0,3.8,176.0
